global_sentence_id,source_id,title,subdomain,paragraph_id,local_sentence_id,language,sentence,num_chars,num_devanagari_chars,num_latin_chars
SENT_0000001,DIAB_001,Diabetes,diabetes,2,1,en,Diabetes is a disease in which your body cannot properly use the food you eat for energy.,89,0,72
SENT_0000002,DIAB_001,Diabetes,diabetes,2,2,en,Your cells need energy to live and grow.,40,0,32
SENT_0000003,DIAB_001,Diabetes,diabetes,2,3,en,"When you eat, food breaks down into a form of energy called glucose.",68,0,54
SENT_0000004,DIAB_001,Diabetes,diabetes,2,4,en,Glucose is another word for sugar.,34,0,28
SENT_0000005,DIAB_001,Diabetes,diabetes,2,5,en,"The glucose goes into your blood, and your blood sugar rises.",61,0,49
SENT_0000006,DIAB_001,Diabetes,diabetes,2,6,en,Insulin is a hormone made by your pancreas.,43,0,35
SENT_0000007,DIAB_001,Diabetes,diabetes,2,7,en,"It helps glucose move from your blood into your cells, so your body can use it for energy.",90,0,71
SENT_0000008,DIAB_001,Diabetes,diabetes,2,8,en,People cannot live without insulin.,35,0,30
SENT_0000009,DIAB_001,Diabetes,diabetes,4,1,en,"• With type 1 diabetes, the pancreas makes no insulin.",54,0,41
SENT_0000010,DIAB_001,Diabetes,diabetes,5,1,en,"• With type 2 diabetes, the more common type, the pancreas does not make enough insulin, or your body is not able to use the insulin the pancreas makes.",152,0,118
SENT_0000011,DIAB_001,Diabetes,diabetes,6,1,en,"Without enough insulin, the glucose stays in your blood.",56,0,46
SENT_0000012,DIAB_001,Diabetes,diabetes,7,1,en,"• With diabetes during pregnancy, called gestational diabetes, the mother is not able to make enough insulin to cover the needs of both mother and baby.",152,0,123
SENT_0000013,DIAB_001,Diabetes,diabetes,8,1,en,"• With prediabetes, your glucose is higher than normal, but not high enough to be called diabetes.",98,0,78
SENT_0000014,DIAB_001,Diabetes,diabetes,8,2,en,"Prediabetes raises your risk for type 2 diabetes, heart disease, and stroke.",76,0,61
SENT_0000015,DIAB_001,Diabetes,diabetes,8,3,en,"The good news is that type 2 diabetes can be prevented or delayed with lifestyle changes, such as losing weight, eating healthy food, and being active.",151,0,121
SENT_0000016,DIAB_001,Diabetes,diabetes,9,1,ne,मधुमेह एक यस्तो रोोग होो जसमा तपाईंकोो शरीरले ऊर्जाकोो लागि तपाईंले खाएकोो खानालाई सही रूपमा प्रयोोग गर्न सक्दैन।,113,96,0
SENT_0000017,DIAB_001,Diabetes,diabetes,9,2,ne,तपाईंकोो कोोशिकाहरूलाई बाँचन र बढ्नकोो लागि ऊर्जा चाहिन्छ।,58,51,0
SENT_0000018,DIAB_001,Diabetes,diabetes,9,3,ne,"जब तपाईंले खानुहुन्छ, खाना गलुकोोज भनिने ऊर्जाकोो रूपमा टुक्रिन्छ।",66,57,0
SENT_0000019,DIAB_001,Diabetes,diabetes,9,4,ne,गलुकोोज भनेकोो चिनीकोो अर्को शब्द होो।,38,33,0
SENT_0000020,DIAB_001,Diabetes,diabetes,9,5,ne,"गलुकोोज तपाईंकोो रगतमा जान्छ, र तपाईंकोो रगतमा चिनी बढ्छछ।",58,49,0
SENT_0000021,DIAB_001,Diabetes,diabetes,9,6,ne,इन्सुलिन तपाईंकोो अग्न्यायाशयद्ारा बनाइने हार्मोोन होो।,55,50,0
SENT_0000022,DIAB_001,Diabetes,diabetes,9,7,ne,"यसले गलुकोोजलाई तपाईंकोो रगतबाट कोोशिकाहरूमा जान मद्दत गर्छ, ताकि तपाईंकोो शरीरले यसलाई ऊर्जाकोो लागि प्रयोोग गर्न सकोोस्।",122,105,0
SENT_0000023,DIAB_001,Diabetes,diabetes,9,8,ne,मान्छे इन्सुलिनबिना बाँचन सक्दैन।,33,30,0
SENT_0000024,DIAB_001,Diabetes,diabetes,11,1,ne,"• टाइप 1 मधुमेहमा, अग्न्यायाशयले इन्सुलिन बनाउँदैदैन।",53,44,0
SENT_0000025,DIAB_001,Diabetes,diabetes,12,1,ne,"• प्रायजसोो हुने मधुमेहकोो प्रकार टाइप 2 मा, अग्न्यायाशयले पर्यााप्त इन्सुलिन बनाउँदैदैन, वा अग्न्यायाशयले बनाएकोो इन्सुलिन तपाईंकोो शरीरले प्रयोोग गर्न सक्दैन।",160,136,0
SENT_0000026,DIAB_001,Diabetes,diabetes,12,2,ne,"पर्यााप्त इन्सुलिन नभएमा, गलुकोोज तपाईंकोो रगतमैै रहन्छ।",56,49,0
SENT_0000027,DIAB_001,Diabetes,diabetes,13,1,ne,"• गर्भाावस्ामा हुने मधुमेह, जसलाई गर्भाावस्ाकोो मधुमेह भनिन्छ, तयसमा आमाले आफ्नोो र बच्ाकोो लागि आवशयक इन्सुलिन पर्यााप्त मात्ामा बनाउन सक्दिनन्।",145,123,0
SENT_0000028,DIAB_001,Diabetes,diabetes,14,1,ne,"• प्रिडाइबेटिजमा, तपाईंकोो गलुकोोज सामानयभन्ा बढी हुन्छ, तर मधुमेह भन्नका लागि पर्यााप्त हुँदैदैन।",98,83,0
SENT_0000029,DIAB_001,Diabetes,diabetes,15,1,ne,"प्रिडाइबेटिजले तपाईंलाई टाइप 2 मधुमेह, हृदयरोोग, र स्ट्रोोककोो खतरा बढाउँछछ।",76,64,0
SENT_0000030,DIAB_001,Diabetes,diabetes,15,2,ne,"सुखद् समाचार योो छछ कि प्रकार 2 मधुमेह जीवनशैैलीमा परिवर्तन गरेर रोोकन वा ढिलाइ गर्न सकिन्छ, जस्तैै वजन घटाएर, स्वस्थकर खाना खाएर, र सक्रिय भएर।",144,116,0
SENT_0000031,DIAB_001,Diabetes,diabetes,16,1,en,"Over time, having too much glucose in your blood can cause serious problems.",76,0,62
SENT_0000032,DIAB_001,Diabetes,diabetes,17,1,en,"It can damage your eyes, kidneys, heart, and nerves.",52,0,40
SENT_0000033,DIAB_001,Diabetes,diabetes,17,2,en,"Diabetes can also cause heart disease, stroke, poor circulation, and wounds that do not heal.",93,0,75
SENT_0000034,DIAB_001,Diabetes,diabetes,17,3,en,"When untreated and uncontrolled, these wounds could progress to limb loss.",74,0,62
SENT_0000035,DIAB_001,Diabetes,diabetes,18,1,en,Signs of Diabetes Everyone responds differently to diabetes.,60,0,52
SENT_0000036,DIAB_001,Diabetes,diabetes,19,1,en,Some of the common warning signs are:,37,0,30
SENT_0000037,DIAB_001,Diabetes,diabetes,20,1,en,• Having to go to the bathroom often to pass urine,50,0,39
SENT_0000038,DIAB_001,Diabetes,diabetes,21,1,en,"• Feeling thirsty, even though you are drinking fluids",54,0,44
SENT_0000039,DIAB_001,Diabetes,diabetes,22,1,en,• Losing weight,15,0,12
SENT_0000040,DIAB_001,Diabetes,diabetes,23,1,en,• Blurry vision,15,0,12
SENT_0000041,DIAB_001,Diabetes,diabetes,24,1,en,• Healing is slow for cuts or scrapes on your skin,50,0,39
SENT_0000042,DIAB_001,Diabetes,diabetes,25,1,en,• Feeling tired,15,0,12
SENT_0000043,DIAB_001,Diabetes,diabetes,26,1,en,• Feeling hungry,16,0,13
SENT_0000044,DIAB_001,Diabetes,diabetes,27,1,en,• Being irritable or grumpy Often people may not notice any signs of diabetes.,78,0,63
SENT_0000045,DIAB_001,Diabetes,diabetes,27,2,en,One in four people with diabetes doesn’t know they has it.,58,0,46
SENT_0000046,DIAB_001,Diabetes,diabetes,28,1,en,"If you have any of these signs of diabetes, ask your doctor for a blood test to check your glucose level.",105,0,83
SENT_0000047,DIAB_001,Diabetes,diabetes,29,1,en,The most important blood tests are a fasting blood sugar and an A1C.,68,0,54
SENT_0000048,DIAB_001,Diabetes,diabetes,30,1,en,"• A fasting plasma glucose (FPG) test, also called fasting blood glucose, measures blood sugar.",95,0,75
SENT_0000049,DIAB_001,Diabetes,diabetes,30,2,en,"You will need to fast, so you are not able to eat or drink anything except for water for at least 8 hours before the test.",122,0,94
SENT_0000050,DIAB_001,Diabetes,diabetes,31,1,en,"• An A1C test, also called the hemoglobin A1C, HbA1c, or glycohemoglobin test, measures blood sugar over the last 2 to 3 months.",128,0,95
SENT_0000051,DIAB_001,Diabetes,diabetes,32,1,ne,समयक्रमसँगैै तपाईंकोो रगतमा धेरैै गलुकोोज हुनुले गम्ीर समसयाहरु निम्त्यायाउन सक्छ।,82,73,0
SENT_0000052,DIAB_001,Diabetes,diabetes,32,2,ne,"यसले तपाईंकोो आँखा, मृगौला, मुटु र सनायुलाई क्षति पुर्यााउन सक्छ।",65,54,0
SENT_0000053,DIAB_001,Diabetes,diabetes,32,3,ne,"मधुमेहले हृदयरोोग, स्ट्रोोक, रक्तसञचारमा खराबी, र घाउहरू निकोो नहुने गराउन सक्छ।",80,67,0
SENT_0000054,DIAB_001,Diabetes,diabetes,32,4,ne,"उपचार र नियन्त्रण गरिएन भने, ती घाउहरूले अंगमा हानी गराउन सक्छन्।",65,54,0
SENT_0000055,DIAB_001,Diabetes,diabetes,33,1,ne,मधुमेहका संकेतहरू मधुमेहकोो प्रतिक्रिया व्यक्तिपिच्े फरक हुन्छ।,63,57,0
SENT_0000056,DIAB_001,Diabetes,diabetes,34,1,ne,• पिसाब फेर्न बारमबार शौचालय जानुपर्ने,38,32,0
SENT_0000057,DIAB_001,Diabetes,diabetes,35,1,ne,• तरल पदार्थ खाँदाखाँदैदै पनि तिर्खाा लागनु,43,36,0
SENT_0000058,DIAB_001,Diabetes,diabetes,36,1,ne,• दुबलाउनु,10,8,0
SENT_0000059,DIAB_001,Diabetes,diabetes,37,1,ne,• धमिलोो दृष्टि,15,12,0
SENT_0000060,DIAB_001,Diabetes,diabetes,38,1,ne,• तपाईंकोो छछालामा काटेकोो वा कोतरिएकोो निकोो हुन ढिलोो हुने,60,50,0
SENT_0000061,DIAB_001,Diabetes,diabetes,39,1,ne,• थकित महसुस हुनु,17,13,0
SENT_0000062,DIAB_001,Diabetes,diabetes,40,1,ne,• भोोक लागनु।,13,10,0
SENT_0000063,DIAB_001,Diabetes,diabetes,41,1,ne,• चिडचिडाहट वा रिसाहा हुनु प्रायः मानिसहरूले मधुमेहका कुनैै पनि संकेतहरू याद नहुन सक्छ।,87,73,0
SENT_0000064,DIAB_001,Diabetes,diabetes,41,2,ne,मधुमेह भएका चारमधये एक जनालाई आफूलाई योो छछ भन्ने थाहा हुँदैदैन।,64,54,0
SENT_0000065,DIAB_001,Diabetes,diabetes,42,1,ne,"यदि तपाईंमा मधुमेहका यी लक्षणहरू छछन् भने, आफ्नोो चिकितसकलाई गलुकोोजकोो स्तर जाँच गर्न रगत परीक्षणकोो लागि भन्नुहोोस्।",118,101,0
SENT_0000066,DIAB_001,Diabetes,diabetes,43,1,ne,सबैैभन्ा महत्वपूर्ण रक्त परीक्षणहरूमा फास्टिङ बलड सुगर र A1C हुन्।,66,54,2
SENT_0000067,DIAB_001,Diabetes,diabetes,44,1,ne,"• खाली पेटमा गरिने पलाजमा गलुकोोज (FPG) परीक्षण, जसलाई फास्टिङ बलड गलुकोोज पनि भनिन्छ, रगतमा चिनीकोो मात्ा नाप्छ।",113,88,3
SENT_0000068,DIAB_001,Diabetes,diabetes,44,2,ne,"तपाईंले खाली पेट बसनुपर्छ, तयसैैले परीक्षण गर्नुभन्ा कम्तिमा 8 घणटा अघिदेखि तपाईंले पानीबाहेक केही पनि खान वा पिउन सकनुहुन्न।",125,105,0
SENT_0000069,DIAB_001,Diabetes,diabetes,45,1,ne,"• A1C परीक्षण, जसलाई हेमोोग्लोबिन A1C, HbA1c, वा गलाइकोोहेमोोग्लोबिन परीक्षण पनि भनिन्छ, जसले पछिल्लोो 2 देखि 3 महिनामा रगतमा चिनीकोो मात्ा मापन गर्दछछ।",152,112,8
SENT_0000070,DIAB_001,Diabetes,diabetes,46,1,en,"© 2009 − October 27, 2022, Health Information Translations.",59,0,36
SENT_0000071,DIAB_001,Diabetes,diabetes,47,1,en,a result of your stopping medical treatment or your failure to obtain treatment.,80,0,67
SENT_0000072,DIAB_001,Diabetes,diabetes,48,1,en,Your Care The goal is to keep your glucose level as near to normal as possible.,79,0,63
SENT_0000073,DIAB_001,Diabetes,diabetes,48,2,en,Your care may include:,22,0,18
SENT_0000074,DIAB_001,Diabetes,diabetes,49,1,en,• Planning meals,16,0,13
SENT_0000075,DIAB_001,Diabetes,diabetes,50,1,en,• Testing glucose levels,24,0,20
SENT_0000076,DIAB_001,Diabetes,diabetes,51,1,en,• Learning signs to know when your glucose level is too low or too high,71,0,56
SENT_0000077,DIAB_001,Diabetes,diabetes,52,1,en,• Exercising,12,0,10
SENT_0000078,DIAB_001,Diabetes,diabetes,53,1,en,• Maintaining a healthy weight,30,0,25
SENT_0000079,DIAB_001,Diabetes,diabetes,54,1,en,• Taking medicine – insulin or pills,36,0,28
SENT_0000080,DIAB_001,Diabetes,diabetes,55,1,en,• Keeping all appointments with your health care team,53,0,44
SENT_0000081,DIAB_001,Diabetes,diabetes,56,1,en,"• Attending diabetes education classes Talk to your doctor, nurse, dietitian, and pharmacist to learn how to manage your",120,0,98
SENT_0000082,DIAB_001,Diabetes,diabetes,57,1,ne,तपाईंको हेरचाह तपाईंकोो गलुकोोजस्तरलाई सकेसमम सामानयकोो नजिक राखने लक्य होो।,76,67,0
SENT_0000083,DIAB_001,Diabetes,diabetes,57,2,ne,तपाईंकोो हेरचाहमा निमन समावेश हुन सक्नेछछ:,42,36,0
SENT_0000084,DIAB_001,Diabetes,diabetes,58,1,ne,• भोोजन योोजना,14,11,0
SENT_0000085,DIAB_001,Diabetes,diabetes,59,1,ne,• गलुकोोजस्तर परीक्षण,21,18,0
SENT_0000086,DIAB_001,Diabetes,diabetes,60,1,ne,• आफ्नोो गलुकोोजस्तर धेरैै कम वा धेरैै बढी हुँदा देखिने संकेतहरूका बारेमा जान्ने,80,67,0
SENT_0000087,DIAB_001,Diabetes,diabetes,61,1,ne,• व्यायाम गर्ने,15,12,0
SENT_0000088,DIAB_001,Diabetes,diabetes,62,1,ne,• स्वस्थ तौल कायम राखने।,24,19,0
SENT_0000089,DIAB_001,Diabetes,diabetes,63,1,ne,• औषधि खाने – इन्सुलिन वा चक्की,31,23,0
SENT_0000090,DIAB_001,Diabetes,diabetes,64,1,ne,• आफ्नोो सवास्य हेरचाह टोोलीसँगका सबैै भेटघाटहरूमा जाने,55,47,0
SENT_0000091,DIAB_001,Diabetes,diabetes,65,1,ne,"• मधुमेहसमबन्ी चेतनामूलक कक्षाहरूमा भाग लिने आफ्नोो मधुमेह कसरी व्यवस्ापन गर्ने भनेर जान्नकोो लागि आफ्नोो डाकटर, नर्स, आहार विशेषज्ञ र फार्मासिसटसँग कुरा गर्नुहोोस्।",165,140,0
SENT_0000092,DIAB_002,Diabetes and Wound Healing,diabetes,2,1,en,Diabetes is a condition where the body is not able to use the insulin or there is not enough insulin in the body to control blood sugar levels.,143,0,115
SENT_0000093,DIAB_002,Diabetes and Wound Healing,diabetes,2,2,en,Having an injury or an illness can change your body’s insulin needs and make it harder to control your blood sugar.,115,0,93
SENT_0000094,DIAB_002,Diabetes and Wound Healing,diabetes,2,3,en,High blood sugar can slow healing and put you at risk for infection.,68,0,55
SENT_0000095,DIAB_002,Diabetes and Wound Healing,diabetes,3,1,en,Check your blood sugar and work to keep it in a normal range.,61,0,48
SENT_0000096,DIAB_002,Diabetes and Wound Healing,diabetes,3,2,en,"Talk to your doctor, nurse or diabetes educator for help to manage your diabetes.",81,0,66
SENT_0000097,DIAB_002,Diabetes and Wound Healing,diabetes,4,1,en,"Wound Problems with Diabetes If your diabetes is not controlled and you often have high blood sugar, you are at greater risk for:",129,0,105
SENT_0000098,DIAB_002,Diabetes and Wound Healing,diabetes,5,1,en,• Skin breaks or ulcers in the skin.,36,0,27
SENT_0000099,DIAB_002,Diabetes and Wound Healing,diabetes,6,1,en,• Slow healing of wounds from poor blood flow.,46,0,36
SENT_0000100,DIAB_002,Diabetes and Wound Healing,diabetes,7,1,en,• Small scrapes or blisters becoming infected wounds.,53,0,44
SENT_0000101,DIAB_002,Diabetes and Wound Healing,diabetes,8,1,en,• Nerve damage that causes loss of feeling in your hands or feet.,65,0,51
SENT_0000102,DIAB_002,Diabetes and Wound Healing,diabetes,8,2,en,You may not feel any pain or pressure to make you aware that you have a sore or other injury to your hand or foot.,114,0,89
SENT_0000103,DIAB_002,Diabetes and Wound Healing,diabetes,10,1,en,"• Check your skin each day for any cuts, scrapes, boils or blisters.",68,0,52
SENT_0000104,DIAB_002,Diabetes and Wound Healing,diabetes,10,2,en,Look for red or bruised spots.,30,0,24
SENT_0000105,DIAB_002,Diabetes and Wound Healing,diabetes,10,3,en,Use a mirror to view hard to see areas like the bottom of your feet.,68,0,53
SENT_0000106,DIAB_002,Diabetes and Wound Healing,diabetes,11,1,ne,मधुमेह एक यस्ो अवस्ा हो जसमा शरीरले इन्सुलिनको प्रयोग गर्न सक्दैन अथवा रगतमा चिनीको स्तरलाई नियन्त्रित गर्नका लागि पर्याप्त इन्सुलिन हुँदैन।,140,120,0
SENT_0000107,DIAB_002,Diabetes and Wound Healing,diabetes,12,1,ne,चोटपटक लाग्ाले वा बिरामी पर्नाले तपाईँँको शरीरलाई इन्सुलिनको आवशयकतामा परिवर्तन हुन सक्छ र तपाईँँको रगतमा चिनीको स्तर नियन्त्रण गर्नु गाह्ो पर्छ।,145,125,0
SENT_0000108,DIAB_002,Diabetes and Wound Healing,diabetes,13,1,ne,रगतमा चिनीको उच्च स्तरले निको हुने प्रक्रिया ढिलो हुन्छ र तपाईँँलाई संक्रमणको जोखिम बढ्छ।,89,76,0
SENT_0000109,DIAB_002,Diabetes and Wound Healing,diabetes,14,1,ne,आफ्नो रगतमा चिनीको स्तरको जाँच गर्नुहोस् र यसलाई सामानय स्तरमा राख्े काम गर्नुहोस्।,83,71,0
SENT_0000110,DIAB_002,Diabetes and Wound Healing,diabetes,14,2,ne,"तपाईँँको मधुमेहको प्रबन्धनका लागि आफ्ना डकटर, नर्स वा मधुमेह परामर्शदाताको मद्दत लिनुहोस्।",90,78,0
SENT_0000111,DIAB_002,Diabetes and Wound Healing,diabetes,15,1,ne,मधुमेहमा घाउ-खटिराको समसया तपाईँँको मधुमेहमाथि नियन्त्रण गरिएन र तपाईँँको रगतमा चिनीको स्तर प्रायः उच्च हुन्छ भने तपाईँँलाई निम्न कुराहरू हुने जोखिम हुन्छ:,155,132,0
SENT_0000112,DIAB_002,Diabetes and Wound Healing,diabetes,16,1,ne,• छछ ाला उछ्रिनु वा छछालामा अलसर।,33,26,0
SENT_0000113,DIAB_002,Diabetes and Wound Healing,diabetes,17,1,ne,• रक्त प्रवाह कमजोड हुनाले घाउ निको हुनमा ढिलयाइँँ।,51,42,0
SENT_0000114,DIAB_002,Diabetes and Wound Healing,diabetes,18,1,ne,• अलिकति खोस्रिएको वा फोकाहरू संक्रमित घाउहरूमा परिवर्तित हुनु।,63,54,0
SENT_0000115,DIAB_002,Diabetes and Wound Healing,diabetes,19,1,ne,• नसालाई क्षति जसको कारणले तपाईँँका हात वा खुट्ामा अनुभूति हराउँछछ ।,68,56,0
SENT_0000116,DIAB_002,Diabetes and Wound Healing,diabetes,19,2,ne,तपाईँँका हात वा खुट्ामा कुनैै घाउ वा अनय चोटपटक लागेको छछ भन्े पीडा वा कुनैै दबावको तपाईँँलाई अनुभूति नहुन सक्छ।,112,93,0
SENT_0000117,DIAB_002,Diabetes and Wound Healing,diabetes,21,1,ne,"• तपाईँँको छछालामा कुनैै काटिएको, खोस्रिएको, फोडा वा फोकाफोकी त छैनन ् भनेर दिन्दिनैै जाँँच्नुहोस्।",99,82,0
SENT_0000118,DIAB_002,Diabetes and Wound Healing,diabetes,21,2,ne,रातो वा खोस्रिएको ठाउँँहरू हेर्नुहोस्।,38,34,0
SENT_0000119,DIAB_002,Diabetes and Wound Healing,diabetes,21,3,ne,आफ्नो पैताला जस्ा हेर्न गाह्ो पर्ने ठाउँँहरू हेर्नका लागि ऐनाको प्रयोग गर्नुहोस्।,81,70,0
SENT_0000120,DIAB_002,Diabetes and Wound Healing,diabetes,22,1,en,Use a moisturizing lotion on your skin that does not have perfumes or alcohol in it.,84,0,68
SENT_0000121,DIAB_002,Diabetes and Wound Healing,diabetes,23,1,en,Wear gloves and clothing to protect your skin from cuts or scrapes.,67,0,55
SENT_0000122,DIAB_002,Diabetes and Wound Healing,diabetes,24,1,en,Wear shoes that fit well and cotton socks that absorb moisture.,63,0,52
SENT_0000123,DIAB_002,Diabetes and Wound Healing,diabetes,26,1,en,"• If you have a wound, clean it right away.",43,0,31
SENT_0000124,DIAB_002,Diabetes and Wound Healing,diabetes,26,2,en,Rinse the skin for several minutes under water to remove dirt and germs.,72,0,59
SENT_0000125,DIAB_002,Diabetes and Wound Healing,diabetes,27,1,en,Use a mild soap to clean.,25,0,19
SENT_0000126,DIAB_002,Diabetes and Wound Healing,diabetes,27,2,en,Do not use hydrogen peroxide or iodine that can injure the skin.,64,0,52
SENT_0000127,DIAB_002,Diabetes and Wound Healing,diabetes,28,1,en,• Apply an antibiotic cream or ointment.,40,0,32
SENT_0000128,DIAB_002,Diabetes and Wound Healing,diabetes,29,1,en,You can find antibiotic cream or ointment at grocery or drug stores.,68,0,56
SENT_0000129,DIAB_002,Diabetes and Wound Healing,diabetes,29,2,en,Ask the pharmacist to help you find it.,39,0,31
SENT_0000130,DIAB_002,Diabetes and Wound Healing,diabetes,30,1,en,• Cover the wound with a sterile bandage or band-aid to keep it clean and protected until it heals.,99,0,78
SENT_0000131,DIAB_002,Diabetes and Wound Healing,diabetes,30,2,en,The bandage should be about an inch larger than the wound to be sure the wound is covered on all sides.,103,0,82
SENT_0000132,DIAB_002,Diabetes and Wound Healing,diabetes,31,1,en,Change the bandage each day or anytime it is wet or soiled.,59,0,47
SENT_0000133,DIAB_002,Diabetes and Wound Healing,diabetes,32,1,en,"Check daily for signs of infection such as redness, warmth, swelling or a change in drainage from the wound site.",113,0,91
SENT_0000134,DIAB_002,Diabetes and Wound Healing,diabetes,33,1,en,• Keep pressure off the wound as it heals.,42,0,32
SENT_0000135,DIAB_002,Diabetes and Wound Healing,diabetes,33,2,en,Protect the area by wearing clothing to keep dirt and germs away.,65,0,53
SENT_0000136,DIAB_002,Diabetes and Wound Healing,diabetes,34,1,en,Modify exercise as needed until the skin heals.,47,0,39
SENT_0000137,DIAB_002,Diabetes and Wound Healing,diabetes,35,1,en,"• If a wound is not healing or looks worse, call your doctor.",61,0,46
SENT_0000138,DIAB_002,Diabetes and Wound Healing,diabetes,35,2,en,You need to have your wound checked for infection.,50,0,41
SENT_0000139,DIAB_002,Diabetes and Wound Healing,diabetes,36,1,ne,▸ आफ्नो छछालामा मोइस्चराइजिङग लोशनको प्रयोग गर्नुहोस् जसमा कुनैै सुगन्धित द्रव्य वा अलकोहल नहोस्।,97,83,0
SENT_0000140,DIAB_002,Diabetes and Wound Healing,diabetes,37,1,ne,▸ तपाईँँका छछालालाई काटिन वा खोस्रिनबाट बचाउनका लागि दस्ताना र लुगाहरू लगाउनुहोस्।,82,70,0
SENT_0000141,DIAB_002,Diabetes and Wound Healing,diabetes,38,1,ne,▸ राम्ररी फिट हुने जुत्ा र नमी सोस्े सूतिका मोजा लगाउनुहोस्।,60,49,0
SENT_0000142,DIAB_002,Diabetes and Wound Healing,diabetes,40,1,ne,• तपाईँँको शरीरमा कुनैै घाउ छछ भने तयसलाई तुरुन्तैै सफफा गर्नुहोस्।,67,56,0
SENT_0000143,DIAB_002,Diabetes and Wound Healing,diabetes,40,2,ne,तयो छछालाबाट धूलोमाटो र विषाणुहरू हटाउनका लागि कैैयौं मिनेटसमम पानीले पखाल्नुहोस्।,82,72,0
SENT_0000144,DIAB_002,Diabetes and Wound Healing,diabetes,40,3,ne,सफफा गर्नका लागि हलका किसि मको साबुनको प्रयोग गर्नुहोस्।,56,48,0
SENT_0000145,DIAB_002,Diabetes and Wound Healing,diabetes,40,4,ne,हाइड्ोजन पेरोकसाइड वा आयोडिनको प्रयोग नगर्नुहोस् किनकि तिनले छछ ालालाई नोक्सानी पुऱयाउन सक्छन्।,95,83,0
SENT_0000146,DIAB_002,Diabetes and Wound Healing,diabetes,41,1,ne,• एन्टिबायोटिक क्रीम वा ओइनटमेनट लगाउनुहोस्।,44,38,0
SENT_0000147,DIAB_002,Diabetes and Wound Healing,diabetes,42,1,ne,तपाईँँले एन्टिबायोटिक क्रीम वा ओइनटमेनट किराना पसल वा औषधी-पसलमा पाउन सक्ुहुन्छ।,80,69,0
SENT_0000148,DIAB_002,Diabetes and Wound Healing,diabetes,42,2,ne,तयसका लागि फार्मासिसटको मद्दत लिनुहोस्।,39,35,0
SENT_0000149,DIAB_002,Diabetes and Wound Healing,diabetes,43,1,ne,• निको नहुँदासमम घाउलाई सफफा र सुरक्षित राख्नका लागि घाउलाई रोगाणुमुक्त पट्ी वा बयानड एडले ढाक्ुहोस्।,101,85,0
SENT_0000150,DIAB_002,Diabetes and Wound Healing,diabetes,43,2,ne,पट्ी घाउभन्ा एक इन्च जति ठूलो हुनु पर्दछछ जसले घाउलाई सबैतिरबाट ढाक्न सकोस्।,76,64,0
SENT_0000151,DIAB_002,Diabetes and Wound Healing,diabetes,44,1,ne,▸ पट्ी हरेक दिन वा तयो गिलो वा मैैला हुने बित्तिकैै फेर्नुहोस्।,63,51,0
SENT_0000152,DIAB_002,Diabetes and Wound Healing,diabetes,45,1,ne,"▸ घाउ भएको ठाउँँमा रातोपन, तात्तिएको, सुन्निएको वा तयसबाट पीप आदिको स्राव जस्ा संक्रमणका लक्षणहरूको दिन्दिनैै जाँच गर्नुहोस्।",125,105,0
SENT_0000153,DIAB_002,Diabetes and Wound Healing,diabetes,46,1,ne,• घाउ निको हुँदैदै जाँदा घाउमाथि दबाव कम गर्नुहोस्।,51,42,0
SENT_0000154,DIAB_002,Diabetes and Wound Healing,diabetes,47,1,ne,घाउ भएको ठाउँँलाई धुलोमाटो र रोगाणुहरूबाट बचाउने किसि मले लुगाहरू लगाउनुहोस्।,77,67,0
SENT_0000155,DIAB_002,Diabetes and Wound Healing,diabetes,47,2,ne,छछाला निको नहुँदासमम आवशयकता अनुसार व्यायाममा सुधार गर्नुहोस्।,62,55,0
SENT_0000156,DIAB_002,Diabetes and Wound Healing,diabetes,48,1,ne,• घाउ निको भइरहेको छैन वा झनैै बिग्ेर गएको देखिन्छ भने डकटरलाई देखाउनुहोस्।,75,62,0
SENT_0000157,DIAB_002,Diabetes and Wound Healing,diabetes,48,2,ne,तपाईँँको घाउमा संक्रमणको जाँच गरिनु जरूरी हुन्छ।,48,42,0
SENT_0000158,DIAB_002,Diabetes and Wound Healing,diabetes,49,1,en,"Eat a Healthy Diet Your body needs more calories, protein, vitamins A and C, and the mineral zinc to help with the healing process.",131,0,104
SENT_0000159,DIAB_002,Diabetes and Wound Healing,diabetes,49,2,en,"Talk to your doctor, dietitian or diabetes educator about your diet or medicines while your body heals.",103,0,85
SENT_0000160,DIAB_002,Diabetes and Wound Healing,diabetes,50,1,en,"• Eat a variety of foods for a balanced diet, so you get enough calories, protein, vitamins and minerals.",105,0,82
SENT_0000161,DIAB_002,Diabetes and Wound Healing,diabetes,51,1,en,• Increase your protein intake.,31,0,25
SENT_0000162,DIAB_002,Diabetes and Wound Healing,diabetes,51,2,en,Eating too little protein can delay or affect how well the wound heals.,71,0,58
SENT_0000163,DIAB_002,Diabetes and Wound Healing,diabetes,52,1,en,Eat at least 2 to 3 servings each day.,38,0,27
SENT_0000164,DIAB_002,Diabetes and Wound Healing,diabetes,53,1,en,"A serving equals 2 to 3 ounces of meat, 1 cup of cooked beans, 1 egg or 2 tablespoons of peanut butter.",103,0,74
SENT_0000165,DIAB_002,Diabetes and Wound Healing,diabetes,54,1,en,Try to eat protein-rich foods at every meal and snack.,54,0,43
SENT_0000166,DIAB_002,Diabetes and Wound Healing,diabetes,54,2,en,"Foods high in protein include meat, poultry, fish, eggs, milk, cheeses, peas, nuts and soy foods.",97,0,74
SENT_0000167,DIAB_002,Diabetes and Wound Healing,diabetes,54,3,en,"Dry beans such as black, kidney and pinto beans are also good sources of protein.",81,0,65
SENT_0000168,DIAB_002,Diabetes and Wound Healing,diabetes,55,1,en,"Protein supplements, such as powders or liquids like Ensure, may be needed for people with poor nutrition or for people who cannot eat enough protein.",150,0,123
SENT_0000169,DIAB_002,Diabetes and Wound Healing,diabetes,56,1,en,"• Get enough vitamins A and C, and the mineral zinc.",52,0,39
SENT_0000170,DIAB_002,Diabetes and Wound Healing,diabetes,56,2,en,"Eating a balanced diet should help you get enough vitamins and minerals, but your doctor may ask you to take a multivitamin and mineral supplement.",147,0,121
SENT_0000171,DIAB_002,Diabetes and Wound Healing,diabetes,57,1,en,"Good sources of vitamin A include liver, eggs, sweet potato, carrots, peas, broccoli, kale, spinach, collard greens, pumpkin, winter squash, cantaloupe, apricot, papaya and mango.",179,0,141
SENT_0000172,DIAB_002,Diabetes and Wound Healing,diabetes,57,2,en,Eat at least 1 serving a day.,29,0,21
SENT_0000173,DIAB_002,Diabetes and Wound Healing,diabetes,58,1,en,"Good sources of vitamin C include citrus fruits, orange juice, tropical fruits such as guava, papaya and mango, red and green peppers, broccoli, spinach, collard greens, strawberries, tomatoes and peas.",202,0,163
SENT_0000174,DIAB_002,Diabetes and Wound Healing,diabetes,58,2,en,Eat at least 1 serving a day.,29,0,21
SENT_0000175,DIAB_002,Diabetes and Wound Healing,diabetes,59,1,ne,"सवस्थ आहार खानुहोस् निको हुने प्रक्रियामा तपाईँँको शरीरलाई बढी कयालोरीहरू, प्रोटिन , भिटामिन ए र सी, अनि खनिज जिङकको खाँचो पर्छ।",128,105,0
SENT_0000176,DIAB_002,Diabetes and Wound Healing,diabetes,59,2,ne,"आफ्ना डकटर, आहार विशेषज्ञ अथवा मधुमेह परामर्शदातासित तपाईँँको शरीरलाई निको पार्नका लागि चाहिने आहार अथवा औषधीहरूको बारेमा कुरा गर्नुहोस्।",137,118,0
SENT_0000177,DIAB_002,Diabetes and Wound Healing,diabetes,60,1,ne,"• सन्तुलित आहारका लागि विभिन्न किसि मका खाना खानुहोस् जसबाट तपाईँँलाई पर्याप्त कयालोरीहरू, प्रोटिन , भिटामिनहरू र खनिज ततवहरू प्राप्त होस्।",139,116,0
SENT_0000178,DIAB_002,Diabetes and Wound Healing,diabetes,61,1,ne,• प्रोटिनयुक्त आहारमा वृद्धि गर्नुहोस्।,39,34,0
SENT_0000179,DIAB_002,Diabetes and Wound Healing,diabetes,62,1,ne,खानाले घाउ निको हुने प्रक्रिया अबेर हुन्छ वा राम्ररी निको हुने प्रक्रिया प्रभावित हुन्छ।,88,75,0
SENT_0000180,DIAB_002,Diabetes and Wound Healing,diabetes,63,1,ne,▸ हरेक दिन कम्तिमा 2 देखि 3 पलट खानुहोस्।,41,30,0
SENT_0000181,DIAB_002,Diabetes and Wound Healing,diabetes,64,1,ne,"एकपलटमा 2 देखि 3 आउनस मासु, एक कप पाकेको बोडी, एउटा अणडा वा 2 टेबलचम्चची पिनट बटर हुनु पर्छ।",92,69,0
SENT_0000182,DIAB_002,Diabetes and Wound Healing,diabetes,65,1,ne,▸ हरेक खाना र चमेनामा प्रोटिन -समृद्ध भोजन खाने प्रयास गर्नुहोस्।,65,53,0
SENT_0000183,DIAB_002,Diabetes and Wound Healing,diabetes,65,2,ne,"उच्च प्रोटिन युक्त खानाहरूमा मासु, कुखुराको मासु, माछछा, अणडा, दूध, चीज, केराउ, बदाम र भटमासका खाद्यहरू सामेल छन्।",114,90,0
SENT_0000184,DIAB_002,Diabetes and Wound Healing,diabetes,65,3,ne,"ड्ाई बिनस जस्तैै ब्ल्यायाक, किडनी र पिनटो बिनस पनि प्रोटिन का राम्रा स्रोत हुन्।",80,66,0
SENT_0000185,DIAB_002,Diabetes and Wound Healing,diabetes,66,1,ne,▸ एन्श्योयोर जस्ा पाउडर वा झोल प्रोटिन पूरक आहारहरू ती मानिसहरूको लागि जरूरी हुन सक्छन् जो कुपोषित हुन्छन् वा जसले पर्याप्त प्रोटिन खान सक्दैनन्।,145,121,0
SENT_0000186,DIAB_002,Diabetes and Wound Healing,diabetes,67,1,ne,"• पर्याप्त मात्रामा भिटामिन ए र सी, र खनिज जिङकको सेवन गर्नुहोस्।",65,52,0
SENT_0000187,DIAB_002,Diabetes and Wound Healing,diabetes,67,2,ne,"सन्तुलित आहार खानाले तपाईँँलाई पर्याप्त भिटामिनहरू र खनिज ततवहरू प्राप्त हुनेछन्, र तपाईँँका डकटरले तपाईँँलाई मल्टिभिटामिन र खनिज पूरक खानका लागि भन्न सक्छन्।",158,135,0
SENT_0000188,DIAB_002,Diabetes and Wound Healing,diabetes,68,1,ne,"▸ भिटामिन ए-का राम्रा स्रोतहरूमा कलेजो, अणडा, आलू, गाजर, केराउ, ब्ोकली, केल, पालुङगो, कोलार्ड ग्रिनस, फर्सी, स्क्ायश, कयानटालूप, खुमानी, मेवा र आँँप सामेल छन्।",159,121,0
SENT_0000189,DIAB_002,Diabetes and Wound Healing,diabetes,69,1,ne,दिनमा कम्तिमा एकपलट खानुहोस्।,29,26,0
SENT_0000190,DIAB_002,Diabetes and Wound Healing,diabetes,70,1,ne,"▸ भिटामिन सी-का राम्रा स्रोतहरूमा अमिला फलहरू, सुन्तलाको रस, ट्रपिकल फलहरू जस्तैै अम्बक, मेवा र आँँप, रातो र हरियो खुर्सानी, ब्ोकली, पालुङगो, कोलार्ड ग्रिनस, स्ट्रबेरी, गोलभेँँडा र केराउ सामेल छन्।",197,157,0
SENT_0000191,DIAB_002,Diabetes and Wound Healing,diabetes,70,2,ne,दिनमा कम्तिमा एकपलट खानुहोस्।,29,26,0
SENT_0000192,DIAB_002,Diabetes and Wound Healing,diabetes,71,1,en,"© 2012 - January 31, 2017, Health Information Translations.",59,0,36
SENT_0000193,DIAB_002,Diabetes and Wound Healing,diabetes,72,1,en,a result of your stopping medical treatment or your failure to obtain treatment.,80,0,67
SENT_0000194,DIAB_002,Diabetes and Wound Healing,diabetes,73,1,en,"Good sources of zinc include meat, poultry, some seafood like lobster and crab, liver, eggs, milk, whole grains, tofu and fortified cereals.",140,0,111
SENT_0000195,DIAB_002,Diabetes and Wound Healing,diabetes,74,1,en,"When to Call Your Doctor If you have any of these signs, call your doctor right away:",85,0,67
SENT_0000196,DIAB_002,Diabetes and Wound Healing,diabetes,75,1,en,"• Redness, warmth or swelling at the site or streaking away from the wound",74,0,59
SENT_0000197,DIAB_002,Diabetes and Wound Healing,diabetes,76,1,en,• A temperature over 100.,25,0,16
SENT_0000198,DIAB_002,Diabetes and Wound Healing,diabetes,77,1,en,• An increase or change in draining from wound or any pus drainage,66,0,53
SENT_0000199,DIAB_002,Diabetes and Wound Healing,diabetes,78,1,en,"• Wound gets bigger or is not showing signs of healing Talk to your doctor, nurse or diabetes educator if you have any questions or concerns.",141,0,113
SENT_0000200,DIAB_002,Diabetes and Wound Healing,diabetes,79,1,ne,"▸ जिङकका राम्रा स्रोतहरूमा मासु, कुखुराको मासु, केही समुद्री खाद्य जस्तैै झिंगामाछछा र गङगटा, कलेजो, अणडा, दूध, साबुत अन्न, टोफु र फोर्टिफाइड अर्थात् सुसम्बर्धित अन्न सामेल छन्।",177,143,0
SENT_0000201,DIAB_002,Diabetes and Wound Healing,diabetes,80,1,ne,आफ्नो डकटरसित कहिले सम्पर्क गर्ने तपाईँँलाई निम्न मधये कुनैैपनि लक्षण छन् भने तुरुन्तैै आफ्नो डकटरलाई भेट्नुहोस्:,113,97,0
SENT_0000202,DIAB_002,Diabetes and Wound Healing,diabetes,81,1,ne,"• घाउ भएको ठाउँँमा रातोपन, तात्तिएको वा सुन्निएको छछ वा फाटेको छछ",65,52,0
SENT_0000203,DIAB_002,Diabetes and Wound Healing,diabetes,82,1,unknown,• 100.,6,0,0
SENT_0000204,DIAB_002,Diabetes and Wound Healing,diabetes,83,1,ne,• घाउबाट स्राव वा कुनैै पीप निस्कने क्रममा वृद्धि वा परिवर्तन भएको छछ,69,56,0
SENT_0000205,DIAB_002,Diabetes and Wound Healing,diabetes,84,1,ne,• घाउ झनैै बढ्दै छछ अथवा निको हुने छछाँँट देखिँदैन तपाईँँका कुनैै प्रश्नहरू वा चिन्ाहरू छन् भने आफ्ना डकटर वा मधुमेह परामर्शदातासित कुरा गर्नुहोस्।,147,123,0
SENT_0000206,DIAB_003,Fasting Blood Sugar Test,diabetes_testing,1,1,en,Fasting Blood Sugar (FBS) Test.,31,0,24
SENT_0000207,DIAB_003,Fasting Blood Sugar Test,diabetes_testing,2,1,en,"© 2009 - February 1, 2021, Health Information Translations.",59,0,37
SENT_0000208,DIAB_003,Fasting Blood Sugar Test,diabetes_testing,3,1,en,a result of your stopping medical treatment or your failure to obtain treatment.,80,0,67
SENT_0000209,DIAB_003,Fasting Blood Sugar Test,diabetes_testing,6,1,en,This test shows how well your body uses sugar called glucose.,61,0,50
SENT_0000210,DIAB_003,Fasting Blood Sugar Test,diabetes_testing,6,2,en,"This test may be done to check for diabetes, or how well diabetes treatment may be working.",91,0,73
SENT_0000211,DIAB_003,Fasting Blood Sugar Test,diabetes_testing,8,1,en,"• Do not eat or drink anything, except water, after midnight before the test.",77,0,60
SENT_0000212,DIAB_003,Fasting Blood Sugar Test,diabetes_testing,8,2,en,"This includes coffee, gum, candy and mints.",43,0,34
SENT_0000213,DIAB_003,Fasting Blood Sugar Test,diabetes_testing,9,1,en,• Do not smoke after midnight before the test.,46,0,36
SENT_0000214,DIAB_003,Fasting Blood Sugar Test,diabetes_testing,10,1,en,"• If you are to take your medicines the morning of the test, take them with sips of water only.",95,0,73
SENT_0000215,DIAB_003,Fasting Blood Sugar Test,diabetes_testing,11,1,en,During the Test A blood sample is take from your arm with a needle.,67,0,53
SENT_0000216,DIAB_003,Fasting Blood Sugar Test,diabetes_testing,11,2,en,The sample is collected in a tube to be sent to the lab.,56,0,43
SENT_0000217,DIAB_003,Fasting Blood Sugar Test,diabetes_testing,13,1,en,• You can eat and drink your normal diet.,41,0,31
SENT_0000218,DIAB_003,Fasting Blood Sugar Test,diabetes_testing,14,1,en,• Test results are sent to your doctor.,39,0,30
SENT_0000219,DIAB_003,Fasting Blood Sugar Test,diabetes_testing,14,2,en,Your doctor will share the results with you.,44,0,36
SENT_0000220,DIAB_003,Fasting Blood Sugar Test,diabetes_testing,15,1,en,• Normal fasting blood sugar is between 70 and 100 mg/dl.,57,0,39
SENT_0000221,DIAB_003,Fasting Blood Sugar Test,diabetes_testing,15,2,en,"If your blood sugar level is over 100, your doctor may order another test.",74,0,56
SENT_0000222,DIAB_003,Fasting Blood Sugar Test,diabetes_testing,16,1,en,Talk to your doctor or nurse if you have any questions or concerns.,67,0,54
SENT_0000223,DIAB_003,Fasting Blood Sugar Test,diabetes_testing,17,1,ne,तपाईंको शरीरले ग्लुकोज भनिने चिनीको प्रयोग कति राम्ोसँग गर्दछ भनी यो जाँचले देखाउँछ।,84,72,0
SENT_0000224,DIAB_003,Fasting Blood Sugar Test,diabetes_testing,17,2,ne,"यो जाँच मधुुमेहको जाँचका लागि गर्न सकिनछ, वा मधुुमेहको उपचार कति राम्ोसँग चल्दैछ भनी गर्न सकिनछ।",96,80,0
SENT_0000225,DIAB_003,Fasting Blood Sugar Test,diabetes_testing,19,1,ne,• जाँच गरिनुुअघि मध्यरातिपछि पानी बाहेक अरू केही खानुु वा पिउनुु हुँदैन।,72,60,0
SENT_0000226,DIAB_003,Fasting Blood Sugar Test,diabetes_testing,19,2,ne,"यसमा कफी, गम, क्ान्ी वा मिन्ट सामेल छन्।",40,31,0
SENT_0000227,DIAB_003,Fasting Blood Sugar Test,diabetes_testing,20,1,ne,• जाँच गरिनुुअघि मध्यरातिपछि धूम्रपान नगर्नुहोस्।,49,43,0
SENT_0000228,DIAB_003,Fasting Blood Sugar Test,diabetes_testing,21,1,ne,• विहान जाँच गरिनुुअघि तपाईंले औषधि खानुु पर्ने हुनछ भने एक घूँट पानीसँग मात्रैै खानुुहोस्।,91,76,0
SENT_0000229,DIAB_003,Fasting Blood Sugar Test,diabetes_testing,22,1,ne,परीक्षण अवधिमा तपाईंको पाखुुराबाट सुुईले रगतको नमुना लिइनछ।,59,52,0
SENT_0000230,DIAB_003,Fasting Blood Sugar Test,diabetes_testing,22,2,ne,नमुनालाई एउटा ट्ूबमा राखेर ल्ाबमा पठाइनछ।,41,36,0
SENT_0000231,DIAB_003,Fasting Blood Sugar Test,diabetes_testing,24,1,ne,• तपाईंले आफ्नो सामान्य खानपान गर्न सक्नुहुनछ।,46,39,0
SENT_0000232,DIAB_003,Fasting Blood Sugar Test,diabetes_testing,25,1,ne,• परीक्षणका नतिजाहरू चिकित्सकलाई पठाइनछ।,40,35,0
SENT_0000233,DIAB_003,Fasting Blood Sugar Test,diabetes_testing,25,2,ne,तपाईंको चिकित्सकले तपाईंसँग नतिजाहरू साझा गर्नुहुनेछ।,53,48,0
SENT_0000234,DIAB_003,Fasting Blood Sugar Test,diabetes_testing,26,1,ne,• सामान्य फास्टिङ्ग सुुगर 70 र 100 मि.,38,24,0
SENT_0000235,DIAB_003,Fasting Blood Sugar Test,diabetes_testing,26,2,ne,ग्ा.,4,3,0
SENT_0000236,DIAB_003,Fasting Blood Sugar Test,diabetes_testing,27,1,ne,हुनछ।,5,5,0
SENT_0000237,DIAB_003,Fasting Blood Sugar Test,diabetes_testing,27,2,ne,यदि तपाईंको ब्लड सुुगर स्तर 100 भन्ा माथि छ भने तपाईंको डक्टरले अर्को जाँचको आदेश दिन सकछ।,90,71,0
SENT_0000238,DIAB_003,Fasting Blood Sugar Test,diabetes_testing,28,1,ne,"तपाईंसित कुनै प्रश्नहरू वा चिन्ाहरू छन् भने, तपाईंको डक्टर वा नर्सित यसबारे कुरा गर्नुहोस्।",91,77,0
SENT_0000239,DIAB_004,How to Use a Glucose Meter,diabetes_testing,2,1,en,A glucose meter is used to check your blood glucose or blood sugar level.,73,0,59
SENT_0000240,DIAB_004,How to Use a Glucose Meter,diabetes_testing,2,2,en,This is needed to help you manage your diabetes.,48,0,39
SENT_0000241,DIAB_004,How to Use a Glucose Meter,diabetes_testing,2,3,en,There are many brands of meters.,32,0,26
SENT_0000242,DIAB_004,How to Use a Glucose Meter,diabetes_testing,2,4,en,Your nurse or pharmacist can help you learn about your meter.,61,0,50
SENT_0000243,DIAB_004,How to Use a Glucose Meter,diabetes_testing,3,1,en,"To get the most accurate results, be sure you:",46,0,36
SENT_0000244,DIAB_004,How to Use a Glucose Meter,diabetes_testing,4,1,en,• Wash your hands well before testing.,38,0,30
SENT_0000245,DIAB_004,How to Use a Glucose Meter,diabetes_testing,5,1,en,• Use the brand of test strips for your meter.,46,0,35
SENT_0000246,DIAB_004,How to Use a Glucose Meter,diabetes_testing,6,1,en,• Store your test strips as recommended.,40,0,32
SENT_0000247,DIAB_004,How to Use a Glucose Meter,diabetes_testing,7,1,en,Follow these steps to check your blood sugar with a meter:,58,0,47
SENT_0000248,DIAB_004,How to Use a Glucose Meter,diabetes_testing,8,1,en,Getting Ready 1.,16,0,12
SENT_0000249,DIAB_004,How to Use a Glucose Meter,diabetes_testing,8,2,en,"Wash your hands with warm water and soap for at least 15 seconds, rinse with warm water, and dry with a towel.",110,0,84
SENT_0000250,DIAB_004,How to Use a Glucose Meter,diabetes_testing,9,1,en,Get your supplies:,18,0,15
SENT_0000251,DIAB_004,How to Use a Glucose Meter,diabetes_testing,10,1,en,• Your meter,12,0,9
SENT_0000252,DIAB_004,How to Use a Glucose Meter,diabetes_testing,11,1,en,• Test strips,13,0,10
SENT_0000253,DIAB_004,How to Use a Glucose Meter,diabetes_testing,12,1,en,• Lancing device,16,0,13
SENT_0000254,DIAB_004,How to Use a Glucose Meter,diabetes_testing,13,1,en,"• Needle, often called a lancet 3.",34,0,24
SENT_0000255,DIAB_004,How to Use a Glucose Meter,diabetes_testing,13,2,en,Open the lancing device and put a needle in.,44,0,35
SENT_0000256,DIAB_004,How to Use a Glucose Meter,diabetes_testing,13,3,en,Take the cap off the needle.,28,0,22
SENT_0000257,DIAB_004,How to Use a Glucose Meter,diabetes_testing,14,1,en,Do not touch the needle.,24,0,19
SENT_0000258,DIAB_004,How to Use a Glucose Meter,diabetes_testing,15,1,en,Put the cover back on the lancing device.,41,0,33
SENT_0000259,DIAB_004,How to Use a Glucose Meter,diabetes_testing,16,1,en,Set the spring on the device so it is ready to be used to stick you.,68,0,52
SENT_0000260,DIAB_004,How to Use a Glucose Meter,diabetes_testing,17,1,en,Get a test strip out of the bottle or package.,46,0,36
SENT_0000261,DIAB_004,How to Use a Glucose Meter,diabetes_testing,17,2,en,Put the cap back on the bottle.,31,0,24
SENT_0000262,DIAB_004,How to Use a Glucose Meter,diabetes_testing,18,1,ne,ग्लुकोज मीटरको पर्योग तपाईँको रगतमा ग्लुकोज अथवा िचनीकोको स्तर जाँच्नका लािग गिरन्छ।,84,73,0
SENT_0000263,DIAB_004,How to Use a Glucose Meter,diabetes_testing,18,2,ne,तपाईँको मधुमेहलाई ᳞विस्थत राख्नका लािग यसको आवश्यकता पदर्छ।,59,51,0
SENT_0000264,DIAB_004,How to Use a Glucose Meter,diabetes_testing,18,3,ne,यस्ता मीटरहरूका अनेकᲅ बर्ान्डहरूका छन्।,39,34,0
SENT_0000265,DIAB_004,How to Use a Glucose Meter,diabetes_testing,19,1,ne,तपाईँको लािग चािहने मीटरको बारेमा जानकारी हािसल गनर्मा तपाईँका नसर् वा फामार्िसस्टले म᳎त गनर् सक्छन्।,101,86,0
SENT_0000266,DIAB_004,How to Use a Glucose Meter,diabetes_testing,20,1,ne,सवार्िधक सठीक पिरणामहरू पर्ा᳙ गनर्का लािग िन᳜ कुराहरू सुिनि᳟त गनुर्होस्:,72,59,0
SENT_0000267,DIAB_004,How to Use a Glucose Meter,diabetes_testing,21,1,ne,• परीक्षण गनुर्भन्दा पिहले आफ्ना हातहरूलाई रामर्री सफ्फा गनुर्होस्।,67,58,0
SENT_0000268,DIAB_004,How to Use a Glucose Meter,diabetes_testing,22,1,ne,• तपाईँको मीटरको लािग त्यसै बर्ान्डका परीक्षण स्टर्ीपहरूको पर्योग गनुर्होस्।,76,66,0
SENT_0000269,DIAB_004,How to Use a Glucose Meter,diabetes_testing,23,1,ne,• तपाईँका परीक्षण स्टर्ीपहरूलाई बताइए अनुसार राख्नुहोस्।,56,49,0
SENT_0000270,DIAB_004,How to Use a Glucose Meter,diabetes_testing,24,1,ne,मीटर᳇ारा तपाईँको रगतमा िचनीको जाँच गनर्का लािग िन᳜ पाइलाहरूको पालना गनुर्होस्:,78,65,0
SENT_0000271,DIAB_004,How to Use a Glucose Meter,diabetes_testing,25,1,ne,तयारी हुँदै 1.,14,10,0
SENT_0000272,DIAB_004,How to Use a Glucose Meter,diabetes_testing,25,2,ne,"मनतातो पानी र साबुनले आफ्ना हातहरू किम्तमा 15 सेकेन्डसम्म धुनुहोस्, मनतातो पानीले पखाल्नुहोस्, र तौिलयाले सुकाउनुहोस्।",118,99,0
SENT_0000273,DIAB_004,How to Use a Glucose Meter,diabetes_testing,26,1,ne,सामानहरू तयार राख्नुहोस्:,25,22,0
SENT_0000274,DIAB_004,How to Use a Glucose Meter,diabetes_testing,27,1,ne,• तपाईँको मीटर,14,11,0
SENT_0000275,DIAB_004,How to Use a Glucose Meter,diabetes_testing,28,1,ne,• परीक्षण स्टर्ीपहरू,20,17,0
SENT_0000276,DIAB_004,How to Use a Glucose Meter,diabetes_testing,29,1,ne,• ल्यािन्सङ्ग उपकरण,19,16,0
SENT_0000277,DIAB_004,How to Use a Glucose Meter,diabetes_testing,30,1,ne,"• सुई, जसलाई पर्ायः ल्यान्सेट भिनन्छ 3.",39,29,0
SENT_0000278,DIAB_004,How to Use a Glucose Meter,diabetes_testing,30,2,ne,ल्यािन्सङ्ग उपकरणलाई खोल्नुहोस् र त्यसमा सुई जडान गनुर्होस्।,60,53,0
SENT_0000279,DIAB_004,How to Use a Glucose Meter,diabetes_testing,30,3,ne,सुईको ढक्कनी खोल्नुहोस्।,24,22,0
SENT_0000280,DIAB_004,How to Use a Glucose Meter,diabetes_testing,30,4,ne,सुईलाई नछुनुहोस्।,17,16,0
SENT_0000281,DIAB_004,How to Use a Glucose Meter,diabetes_testing,31,1,ne,ल्यानिसङ्ग उपकरणमािथ ढक्कनी लगाइिदनुहोस्।,41,38,0
SENT_0000282,DIAB_004,How to Use a Glucose Meter,diabetes_testing,32,1,ne,उपकरणको िस्पर्ङ्गलाई तानेर ठीक्क पानुर्होस् जसबाट त्यो तपाईँलाई लगाउनका लािग तयारी अवस्थामा होस्।,97,85,0
SENT_0000283,DIAB_004,How to Use a Glucose Meter,diabetes_testing,33,1,ne,परीक्षण स्टर्ीपलाई बोतल वा प्याकेजबाट बािहर िनकाल्नुहोस्।,57,51,0
SENT_0000284,DIAB_004,How to Use a Glucose Meter,diabetes_testing,33,2,ne,बोतलको ढक्कनी बन्द गनुर्होस्।,29,26,0
SENT_0000285,DIAB_004,How to Use a Glucose Meter,diabetes_testing,34,1,en,Put the strip in the meter.,27,0,21
SENT_0000286,DIAB_004,How to Use a Glucose Meter,diabetes_testing,34,2,en,This will turn the meter on.,28,0,22
SENT_0000287,DIAB_004,How to Use a Glucose Meter,diabetes_testing,35,1,en,Match the code on your meter screen with the code for your test strips.,71,0,57
SENT_0000288,DIAB_004,How to Use a Glucose Meter,diabetes_testing,36,1,en,• The code is printed on the test strip bottle or package.,58,0,45
SENT_0000289,DIAB_004,How to Use a Glucose Meter,diabetes_testing,37,1,en,"• If your meter has the code built into the strips, go to the next step.",72,0,54
SENT_0000290,DIAB_004,How to Use a Glucose Meter,diabetes_testing,38,1,en,"When the test strip symbol ﬂ ashes on the screen, the meter is ready for a drop of blood.",89,0,68
SENT_0000291,DIAB_004,How to Use a Glucose Meter,diabetes_testing,39,1,en,Checking Your Blood Sugar 1.,28,0,22
SENT_0000292,DIAB_004,How to Use a Glucose Meter,diabetes_testing,39,2,en,Pick up the lancing device and put it against the side of one of your ﬁ ngers.,78,0,60
SENT_0000293,DIAB_004,How to Use a Glucose Meter,diabetes_testing,40,1,en,Push the button on the device to release the needle.,52,0,42
SENT_0000294,DIAB_004,How to Use a Glucose Meter,diabetes_testing,40,2,en,You will feel the needle stick.,31,0,25
SENT_0000295,DIAB_004,How to Use a Glucose Meter,diabetes_testing,41,1,en,Set the device down.,20,0,16
SENT_0000296,DIAB_004,How to Use a Glucose Meter,diabetes_testing,42,1,en,Squeeze your ﬁ nger at its base to get a large drop of blood.,61,0,46
SENT_0000297,DIAB_004,How to Use a Glucose Meter,diabetes_testing,43,1,en,Based on the type of test strip you use:,40,0,31
SENT_0000298,DIAB_004,How to Use a Glucose Meter,diabetes_testing,44,1,en,Touch the end of the test strip to the drop of blood.,53,0,41
SENT_0000299,DIAB_004,How to Use a Glucose Meter,diabetes_testing,45,1,en,Put the blood drop on the test area of the strip.,49,0,38
SENT_0000300,DIAB_004,How to Use a Glucose Meter,diabetes_testing,46,1,en,Be sure that the test area on the strip ﬁ lls completely with blood.,68,0,53
SENT_0000301,DIAB_004,How to Use a Glucose Meter,diabetes_testing,47,1,en,The meter will time the test and then your blood sugar number will show on the screen.,86,0,69
SENT_0000302,DIAB_004,How to Use a Glucose Meter,diabetes_testing,48,1,en,Write your blood sugar number in your log book or blood sugar diary.,68,0,55
SENT_0000303,DIAB_004,How to Use a Glucose Meter,diabetes_testing,49,1,ne,स्टर्ीपलाई मीटरमा जडान गनुर्होस्।,33,30,0
SENT_0000304,DIAB_004,How to Use a Glucose Meter,diabetes_testing,49,2,ne,त्यसो गनᱷ िबिᱫकै मीटर चालू अवस्थामा आउनेछ।,42,34,0
SENT_0000305,DIAB_004,How to Use a Glucose Meter,diabetes_testing,50,1,ne,तपाईँको मीटरको स्कर्ीनमा देिखने कोडलाई तपाईँको परीक्षण स्टर्ीपको कोडिसत िमलाएर हेनुर्होस्।,90,80,0
SENT_0000306,DIAB_004,How to Use a Glucose Meter,diabetes_testing,51,1,ne,• कोड परीक्षण स्टर्ीपको बोतल वा प्याकेजमा अिङ्कत हुन्छ।,55,46,0
SENT_0000307,DIAB_004,How to Use a Glucose Meter,diabetes_testing,52,1,ne,• तपाईँको मीटरमा देिखने कोड परीक्षण स्टर्ीपको कोडिसत मेल खान्छ भने अगािड बढ्नुहोस्।,83,70,0
SENT_0000308,DIAB_004,How to Use a Glucose Meter,diabetes_testing,53,1,ne,स्कर्ीनमा परीक्षण स्टर्ीप िचह्न फ्ल्याश भएपिछ मीटर रगतको थोपा स्वीकानर्को लािग तयार छ।,86,74,0
SENT_0000309,DIAB_004,How to Use a Glucose Meter,diabetes_testing,54,1,ne,आफ्नो रगतमा िचनीको स्तर जाँच्ने तिरका 1.,40,32,0
SENT_0000310,DIAB_004,How to Use a Glucose Meter,diabetes_testing,54,2,ne,ल्यािन्सङ्ग उपकरणलाई उठाउनुहोस् र त्यसलाई तपाईँका Ბलीहरूको एकाितर राख्नुहोस्।,77,68,0
SENT_0000311,DIAB_004,How to Use a Glucose Meter,diabetes_testing,55,1,ne,उपकरणमा रहेको बटनलाई िथच्नुहोस् जसबाट सुई िनस्कने छ।,52,45,0
SENT_0000312,DIAB_004,How to Use a Glucose Meter,diabetes_testing,55,2,ne,Ბलीमा सुईले घोँचेको तपाईँले महसुस गनुर्हुनेछ।,45,39,0
SENT_0000313,DIAB_004,How to Use a Glucose Meter,diabetes_testing,55,3,ne,उपकरणलाई तल राख्नुहोस्।,23,21,0
SENT_0000314,DIAB_004,How to Use a Glucose Meter,diabetes_testing,56,1,ne,आफ्नो Ბलीलाई मुिन्तरबाट दबाउनुहोस् जसबाट रगतको एउटा ठूलो थोपा िनस्कन सकोस्।,75,64,0
SENT_0000315,DIAB_004,How to Use a Glucose Meter,diabetes_testing,57,1,ne,तपाईँले पर्योग गिररहनुभएको परीक्षण स्टर्ीपको पर्कारको िहसाबले:,62,55,0
SENT_0000316,DIAB_004,How to Use a Glucose Meter,diabetes_testing,58,1,ne,❏ परीक्षण स्टर्ीपको टुप्पोमा रगतको थोपालाई छुवाउनुहोस्।,55,48,0
SENT_0000317,DIAB_004,How to Use a Glucose Meter,diabetes_testing,59,1,ne,❏ स्टर्ीपको परीक्षण क्षेतर्मा रगतको थोपा चुहाउनुहोस्।,53,46,0
SENT_0000318,DIAB_004,How to Use a Glucose Meter,diabetes_testing,60,1,ne,स्टर्ीपको परीक्षण क्षेतर् रगतले पूरा भिरयोस् भ᳖े कुरा सुिनि᳟त गनुर्होस्।,72,61,0
SENT_0000319,DIAB_004,How to Use a Glucose Meter,diabetes_testing,61,1,ne,मीटरले परीक्षणमा समय लगाउनेछ अिन त्यसपिछ तपाईँको रगतमा िचनीको स्तरको संख्यालाई स्कर्ीनमा देखाउनेछ।,98,86,0
SENT_0000320,DIAB_004,How to Use a Glucose Meter,diabetes_testing,62,1,ne,आफ्नो लग बुक वा रगतमा िचनीको स्तर दजर् गनᱷ डायरीमा रगतमा िचनीको स्तरको संख्या लेख्नुहोस्।,89,74,0
SENT_0000321,DIAB_004,How to Use a Glucose Meter,diabetes_testing,63,1,en,"© 2005 - January 11, 2017, Health Information Translations.",59,0,36
SENT_0000322,DIAB_004,How to Use a Glucose Meter,diabetes_testing,64,1,en,a result of your stopping medical treatment or your failure to obtain treatment.,80,0,67
SENT_0000323,DIAB_004,How to Use a Glucose Meter,diabetes_testing,65,1,en,Cleaning Up the Supplies 1.,27,0,21
SENT_0000324,DIAB_004,How to Use a Glucose Meter,diabetes_testing,65,2,en,Remove the test strip and throw it away in your trash.,54,0,43
SENT_0000325,DIAB_004,How to Use a Glucose Meter,diabetes_testing,66,1,en,Remove the needle from the device.,34,0,28
SENT_0000326,DIAB_004,How to Use a Glucose Meter,diabetes_testing,67,1,en,Throw the needle into a puncture proof container with a lid such as an old bleach or detergent bottle.,102,0,83
SENT_0000327,DIAB_004,How to Use a Glucose Meter,diabetes_testing,68,1,en,Put your supplies away.,23,0,19
SENT_0000328,DIAB_004,How to Use a Glucose Meter,diabetes_testing,68,2,en,Store the needle container away from children and pets.,55,0,46
SENT_0000329,DIAB_004,How to Use a Glucose Meter,diabetes_testing,69,1,en,Wash your hands again with water and soap.,42,0,34
SENT_0000330,DIAB_004,How to Use a Glucose Meter,diabetes_testing,70,1,en,"Talk to your doctor, nurse, diabetes educator or pharmacist if you have questions about your meter and doing your glucose testing.",130,0,107
SENT_0000331,DIAB_004,How to Use a Glucose Meter,diabetes_testing,71,1,ne,सामानहरूलाई सफ्फा गनᱷ तिरका 1.,30,23,0
SENT_0000332,DIAB_004,How to Use a Glucose Meter,diabetes_testing,71,2,ne,परीक्षण स्टर्ीपलाई िनकाल्नुहोस् र फोहोर फ्याँक्ने भाँडोमा फ्याँक्नुहोस्।,72,65,0
SENT_0000333,DIAB_004,How to Use a Glucose Meter,diabetes_testing,72,1,ne,उपकरणबाट सुई िनकाल्नुहोस्।,26,24,0
SENT_0000334,DIAB_004,How to Use a Glucose Meter,diabetes_testing,72,2,ne,सुईलाई छेँड नपनᱷ ढक्कनीयुक्त भाँडो जस्तै ब्लीच वा साबुनका पुराना बोतलमा फ्याँक्नुहोस्।,86,74,0
SENT_0000335,DIAB_004,How to Use a Glucose Meter,diabetes_testing,73,1,ne,आफ्ना सामानहरूलाई सम्हालेर राख्नुहोस्।,38,35,0
SENT_0000336,DIAB_004,How to Use a Glucose Meter,diabetes_testing,73,2,ne,सुईको भाँडालाई बच्चाहरू र पाल्तु जनावरहरूको पहुँचबाट बािहर राख्नुहोस्।,70,62,0
SENT_0000337,DIAB_004,How to Use a Glucose Meter,diabetes_testing,74,1,ne,आफ्ना हातहरू फेिर पानी र साबुनले धुनुहोस्।,42,36,0
SENT_0000338,DIAB_004,How to Use a Glucose Meter,diabetes_testing,75,1,ne,"तपाईँको मीटर र ग्लुकोज परीक्षणसम्बन्धी तपाईँका कुनै पर᳤्हरू छन् भने आफ्ना डक्टर, नसर्, मधुमेह परामशर्दाता वा फामार्िसस्टिसत कुरा गनुर्होस्।",139,118,0
SENT_0000339,DIAB_005,High Blood Sugar,diabetes_complications,2,1,en,"High blood sugar means having too much sugar, also called glucose, in the blood.",80,0,64
SENT_0000340,DIAB_005,High Blood Sugar,diabetes_complications,2,2,en,High blood sugar is also called hyperglycemia.,46,0,39
SENT_0000341,DIAB_005,High Blood Sugar,diabetes_complications,3,1,en,The body’s cells need blood sugar.,34,0,27
SENT_0000342,DIAB_005,High Blood Sugar,diabetes_complications,3,2,en,A normal blood sugar level is 70 to 100.,40,0,26
SENT_0000343,DIAB_005,High Blood Sugar,diabetes_complications,3,3,en,A blood sugar level above 140 is too high.,42,0,30
SENT_0000344,DIAB_005,High Blood Sugar,diabetes_complications,3,4,en,You may not feel any signs of high blood sugar but damage may be happening to your body.,88,0,70
SENT_0000345,DIAB_005,High Blood Sugar,diabetes_complications,3,5,en,"Over time, high blood sugar can damage the eyes, kidneys, blood vessels, heart, nerves and feet.",96,0,75
SENT_0000346,DIAB_005,High Blood Sugar,diabetes_complications,4,1,en,Causes High blood sugar can happen with diabetes.,49,0,41
SENT_0000347,DIAB_005,High Blood Sugar,diabetes_complications,5,1,en,"When you have diabetes, your body does not make enough insulin or is not able to use the body’s insulin as it should.",117,0,92
SENT_0000348,DIAB_005,High Blood Sugar,diabetes_complications,5,2,en,The right amount of insulin is needed to let the sugar that is in your blood go into your cells.,96,0,76
SENT_0000349,DIAB_005,High Blood Sugar,diabetes_complications,6,1,en,"Without insulin, blood sugar will rise and cause high blood sugar, or hyperglycemia.",84,0,69
SENT_0000350,DIAB_005,High Blood Sugar,diabetes_complications,7,1,en,High blood sugar can get worse because of:,42,0,34
SENT_0000351,DIAB_005,High Blood Sugar,diabetes_complications,8,1,en,• Stress,8,0,6
SENT_0000352,DIAB_005,High Blood Sugar,diabetes_complications,9,1,en,• Infection or illness,22,0,18
SENT_0000353,DIAB_005,High Blood Sugar,diabetes_complications,10,1,en,• Certain medicines such as steroids,36,0,30
SENT_0000354,DIAB_005,High Blood Sugar,diabetes_complications,11,1,en,• Pregnancy The most common reasons for high blood sugar in people with diabetes are:,85,0,69
SENT_0000355,DIAB_005,High Blood Sugar,diabetes_complications,12,1,en,• Not taking enough insulin or diabetes pills,45,0,37
SENT_0000356,DIAB_005,High Blood Sugar,diabetes_complications,13,1,en,"• Missed, skipped or late diabetes medicine",43,0,35
SENT_0000357,DIAB_005,High Blood Sugar,diabetes_complications,14,1,en,• Eating too much food,22,0,17
SENT_0000358,DIAB_005,High Blood Sugar,diabetes_complications,15,1,en,• Eating foods high in sugar or carbohydrates,45,0,37
SENT_0000359,DIAB_005,High Blood Sugar,diabetes_complications,16,1,ne,रगतमा िचनीको उच्च स्तरको अथर् रगतमा धेरै िचनी हुनु हो जसलाई ग्लुकोज पिन भिनन्छ।,79,66,0
SENT_0000360,DIAB_005,High Blood Sugar,diabetes_complications,16,2,ne,रगतमा िचनीको उच्च स्तरलाई हाइपरिग्लसेिमया पिन भिनन्छ।,53,47,0
SENT_0000361,DIAB_005,High Blood Sugar,diabetes_complications,16,3,ne,शरीरका कोिशकाहरूलाई रगतमा िचनीको आवश्यकता पदर्छ।,48,43,0
SENT_0000362,DIAB_005,High Blood Sugar,diabetes_complications,17,1,ne,रगतमा िचनीको सामान्य स्तर 70 देिख 100 हुन्छ।,44,32,0
SENT_0000363,DIAB_005,High Blood Sugar,diabetes_complications,18,1,ne,रगतमा 140 भन्दा बढी िचनीको स्तर अित धेरै हुन्छ।,47,36,0
SENT_0000364,DIAB_005,High Blood Sugar,diabetes_complications,19,1,ne,तपाईँलाई रगतमा िचनीको उच्च स्तरको कुनै लक्षण महसुस नहुन सक्छ तर तपाईँको शरीरलाई यसले नोक्सानी पुऱ्याइरहेको हुन सक्छ।,116,99,0
SENT_0000365,DIAB_005,High Blood Sugar,diabetes_complications,19,2,ne,"समयका साथै रगतमा िचनीको उच्च स्तरले तपाईँका आँखा, िमगᲆला, रक्त निलकाहरू, मुटु, नसाहरू र पैतालालाई क्षित पुऱ्याउन सक्छ।",118,96,0
SENT_0000366,DIAB_005,High Blood Sugar,diabetes_complications,20,1,ne,कारणहरू रगतमा िचनीको उच्च स्तर मधुमेहको कारणले हुन्छ।,53,46,0
SENT_0000367,DIAB_005,High Blood Sugar,diabetes_complications,21,1,ne,तपाईँलाई मधुमेह छ भने तपाईँको शरीरले पयार्᳙ इन्सुिलन उत्प᳖ गदᱺन अथवा शरीरको इन्सुिलनलाई चािहँदो रूपमा पर्योग गनर् सक्दैन।,121,101,0
SENT_0000368,DIAB_005,High Blood Sugar,diabetes_complications,21,2,ne,तपाईँको रगतमा रहेको िचनीलाई तपाईँका कोिशकाहरूमा पुऱ्याउनका लािग सही मातर्ामा इन्सुिलनको आवश्यकता पछर्।,102,90,0
SENT_0000369,DIAB_005,High Blood Sugar,diabetes_complications,21,3,ne,"इन्सुिलन िबना रगतमा िचनीको स्तर बढ्छ र रगतमा िचनीको स्तर बढी हुन्छ, अथवा हाइपरिग्लसेिमया हुन्छ।",95,80,0
SENT_0000370,DIAB_005,High Blood Sugar,diabetes_complications,21,4,ne,रगतमा िचनीको उच्च स्तर िन᳜ कारणहरूले झनै िबगर्न सक्छ:,53,43,0
SENT_0000371,DIAB_005,High Blood Sugar,diabetes_complications,22,1,ne,• तनाव,6,4,0
SENT_0000372,DIAB_005,High Blood Sugar,diabetes_complications,23,1,ne,• संकर्मण वा िबमारी,19,15,0
SENT_0000373,DIAB_005,High Blood Sugar,diabetes_complications,24,1,ne,• केही औषधीहरू जस्तै स्टेरोइड्स,31,26,0
SENT_0000374,DIAB_005,High Blood Sugar,diabetes_complications,25,1,ne,• गभार्धान मधुमेहका रोगीहरूका लािग रगतमा िचनीको उच्च स्तरको सवार्िधक सामान्य कारणहरू हुन्:,90,76,0
SENT_0000375,DIAB_005,High Blood Sugar,diabetes_complications,26,1,ne,• पयार्᳙ इन्सुिलन वा मधुमेहको औषधी निलइनु,41,33,0
SENT_0000376,DIAB_005,High Blood Sugar,diabetes_complications,27,1,ne,"• मधुमेहको औषधी खान िबराउनु, िबसर्नु वा अबेर हुनु",49,39,0
SENT_0000377,DIAB_005,High Blood Sugar,diabetes_complications,28,1,ne,• अित धेरै खानु,15,11,0
SENT_0000378,DIAB_005,High Blood Sugar,diabetes_complications,29,1,ne,• धेरै मातर्ामा िचनी वा काबᲃहाइडर्ेट्स युक्त खाना खानु,54,44,0
SENT_0000379,DIAB_005,High Blood Sugar,diabetes_complications,30,1,en,Signs High blood sugar affects people differently.,50,0,43
SENT_0000380,DIAB_005,High Blood Sugar,diabetes_complications,31,1,en,Some people have no warning signs.,34,0,28
SENT_0000381,DIAB_005,High Blood Sugar,diabetes_complications,31,2,en,High blood sugar may happen slowly over time.,45,0,37
SENT_0000382,DIAB_005,High Blood Sugar,diabetes_complications,32,1,en,You may have one or more signs of high blood sugar.,51,0,40
SENT_0000383,DIAB_005,High Blood Sugar,diabetes_complications,32,2,en,Family members may notice these signs before you do.,52,0,43
SENT_0000384,DIAB_005,High Blood Sugar,diabetes_complications,33,1,en,• Extreme thirst,16,0,13
SENT_0000385,DIAB_005,High Blood Sugar,diabetes_complications,34,1,en,• Urinate often,15,0,12
SENT_0000386,DIAB_005,High Blood Sugar,diabetes_complications,35,1,en,• Increased hunger,18,0,15
SENT_0000387,DIAB_005,High Blood Sugar,diabetes_complications,36,1,en,• Blurred vision,16,0,13
SENT_0000388,DIAB_005,High Blood Sugar,diabetes_complications,37,1,en,• Weight loss or gain,21,0,16
SENT_0000389,DIAB_005,High Blood Sugar,diabetes_complications,38,1,en,• Feeling tired or sleepy,25,0,20
SENT_0000390,DIAB_005,High Blood Sugar,diabetes_complications,39,1,en,• Feeling moody or grumpy,25,0,20
SENT_0000391,DIAB_005,High Blood Sugar,diabetes_complications,40,1,en,• Slow healing of wounds,24,0,19
SENT_0000392,DIAB_005,High Blood Sugar,diabetes_complications,41,1,en,• Numbness in feet or hands,27,0,21
SENT_0000393,DIAB_005,High Blood Sugar,diabetes_complications,42,1,en,• Vaginal itching or infections,31,0,26
SENT_0000394,DIAB_005,High Blood Sugar,diabetes_complications,43,1,en,• Impotence,11,0,9
SENT_0000395,DIAB_005,High Blood Sugar,diabetes_complications,44,1,en,• Skin itching,14,0,11
SENT_0000396,DIAB_005,High Blood Sugar,diabetes_complications,45,1,en,• Skin infections such as boils Your Care See your doctor if you have signs of high blood sugar.,96,0,76
SENT_0000397,DIAB_005,High Blood Sugar,diabetes_complications,45,2,en,Talk to your doctor about the cause of your high blood sugar.,61,0,49
SENT_0000398,DIAB_005,High Blood Sugar,diabetes_complications,45,3,en,"You may need to take medicine to control your blood sugar, or you may need to change how you eat and exercise.",110,0,87
SENT_0000399,DIAB_005,High Blood Sugar,diabetes_complications,46,1,en,"If you have diabetes, control high blood sugar by following your diabetes treatment plan:",89,0,74
SENT_0000400,DIAB_005,High Blood Sugar,diabetes_complications,47,1,en,• Follow your meal plan.,24,0,18
SENT_0000401,DIAB_005,High Blood Sugar,diabetes_complications,48,1,en,• Take your insulin and pills as directed.,42,0,33
SENT_0000402,DIAB_005,High Blood Sugar,diabetes_complications,49,1,en,• Test your blood sugar often and keep a record of the results.,63,0,49
SENT_0000403,DIAB_005,High Blood Sugar,diabetes_complications,50,1,en,• Follow your activity or exercise routine.,43,0,35
SENT_0000404,DIAB_005,High Blood Sugar,diabetes_complications,51,1,ne,लक्षणहरू रगतमा िचनीको उच्च स्तरले मािनसहरूलाई बेग्ला-बेग्लै रूपमा पर्भािवत गदर्छ।,81,71,0
SENT_0000405,DIAB_005,High Blood Sugar,diabetes_complications,51,2,ne,केही मािनसहरूमा चेतावनीका कुनै लक्षण देिखंदैनन्।,48,43,0
SENT_0000406,DIAB_005,High Blood Sugar,diabetes_complications,51,3,ne,रगतमा िचनीको उच्च स्तरको रोग िवस्तारै लामो समयमा हुन सक्छ।,58,49,0
SENT_0000407,DIAB_005,High Blood Sugar,diabetes_complications,52,1,ne,रगतमा िचनीको उच्च स्तरको तपाईँलाई एक वा बढी लक्षणहरू हुन सक्छन्।,64,54,0
SENT_0000408,DIAB_005,High Blood Sugar,diabetes_complications,52,2,ne,तपाईँले भन्दा तपाईँका पिरवारजनले ती लक्षणहरूलाई पिहले देख्न सक्छन्।,67,59,0
SENT_0000409,DIAB_005,High Blood Sugar,diabetes_complications,53,1,ne,• धेरै ितखार् लाग्नु,20,16,0
SENT_0000410,DIAB_005,High Blood Sugar,diabetes_complications,54,1,ne,• बहुमूतर् अथार्त् बारम्बार िपसाब फेनुर्,40,34,0
SENT_0000411,DIAB_005,High Blood Sugar,diabetes_complications,55,1,ne,• बढ्ता भोक लाग्नु,18,14,0
SENT_0000412,DIAB_005,High Blood Sugar,diabetes_complications,56,1,ne,• धिमलो देिखनु,14,11,0
SENT_0000413,DIAB_005,High Blood Sugar,diabetes_complications,57,1,ne,• तौल घट्नु वा बढ्नु,20,15,0
SENT_0000414,DIAB_005,High Blood Sugar,diabetes_complications,58,1,ne,• थिकत वा िनदर्ालु महसुस गनुर्,30,24,0
SENT_0000415,DIAB_005,High Blood Sugar,diabetes_complications,59,1,ne,• िचडिचडोपन वा झोँक्की स्वभाव महसुस गनुर्,41,34,0
SENT_0000416,DIAB_005,High Blood Sugar,diabetes_complications,60,1,ne,• घाउ िनको हुनमा िढल्याइँ,25,20,0
SENT_0000417,DIAB_005,High Blood Sugar,diabetes_complications,61,1,ne,• खुᲵा वा हातहरूमा बोधोपन महसुस हुनु,36,28,0
SENT_0000418,DIAB_005,High Blood Sugar,diabetes_complications,62,1,ne,• योनीमा िचलाउनु वा संकर्मण हुनु,32,26,0
SENT_0000419,DIAB_005,High Blood Sugar,diabetes_complications,63,1,ne,• नपुंसकता,10,8,0
SENT_0000420,DIAB_005,High Blood Sugar,diabetes_complications,64,1,ne,• छालामा िचलाउनु,16,13,0
SENT_0000421,DIAB_005,High Blood Sugar,diabetes_complications,65,1,ne,• छालामा संकर्मणहरू जस्तै फोका-फोकी हुनु तपाईँको हेरचाह रगतमा िचनीको उच्च स्तरका लक्षणहरू छन् भने आफ्नो डक्टरलाई भेट्नुहोस्।,124,105,0
SENT_0000422,DIAB_005,High Blood Sugar,diabetes_complications,65,2,ne,तपाईँको रगतमा िचनीको उच्च स्तरको कारणको बारेमा आफ्ना डक्टरिसत कुरा गनुर्होस्।,77,67,0
SENT_0000423,DIAB_005,High Blood Sugar,diabetes_complications,65,3,ne,"तपाईँको रगतमा िचनीको उच्च स्तरलाई िनयिन्तर्त गनर्का लािग तपाईँले औषधी खानु पनᱷ हुन सक्छ, अथवा तपाईँको आहारमा पिरवतर्न गनुर् पनᱷ र ᳞ायाम गनुर् पनᱷ आवश्यकता हुन सक्छ।",164,133,0
SENT_0000424,DIAB_005,High Blood Sugar,diabetes_complications,66,1,ne,तपाईँलाई मधुमेह छ भने तल िदइएका मधुमेह उपचार योजनाको पालना गरेर रगतमा िचनीको उच्च स्तरलाई िनयिन्तर्त गनुर्होस्:,111,94,0
SENT_0000425,DIAB_005,High Blood Sugar,diabetes_complications,67,1,ne,• आफ्नो आहारको योजनाको पालना गनुर्होस्।,39,33,0
SENT_0000426,DIAB_005,High Blood Sugar,diabetes_complications,68,1,ne,• तपाईँको इन्सुिलन र चक्कीहरू िनदᱷशनअनुसार िलनुहोस्।,52,44,0
SENT_0000427,DIAB_005,High Blood Sugar,diabetes_complications,69,1,ne,• आफ्नो रगतमा िचनीको स्तरको बारम्बार जाँच गनुर्होस् र पिरणामहरूको रेकडर् राख्नुहोस्।,84,72,0
SENT_0000428,DIAB_005,High Blood Sugar,diabetes_complications,70,1,ne,• आफ्नो गितिविध वा ᳞ायामको िनयिमत कायर्कर्मको पालना गनुर्होस्।,62,52,0
SENT_0000429,DIAB_005,High Blood Sugar,diabetes_complications,71,1,en,"© 2005 - January 10, 2017, Health Information Translations.",59,0,36
SENT_0000430,DIAB_005,High Blood Sugar,diabetes_complications,72,1,en,a result of your stopping medical treatment or your failure to obtain treatment.,80,0,67
SENT_0000431,DIAB_005,High Blood Sugar,diabetes_complications,73,1,en,• Contact your doctor if you see patterns of,44,0,35
SENT_0000432,DIAB_005,High Blood Sugar,diabetes_complications,74,1,en,• Follow your sick day plan if you are ill.,43,0,32
SENT_0000433,DIAB_005,High Blood Sugar,diabetes_complications,75,1,en,"If not treated, high blood sugar could lead to coma or even death.",66,0,52
SENT_0000434,DIAB_005,High Blood Sugar,diabetes_complications,76,1,en,"Talk to your doctor, nurse or diabetes educator if you have any questions or concerns.",86,0,70
SENT_0000435,DIAB_005,High Blood Sugar,diabetes_complications,77,1,ne,• रगतमा िचनीको उच्च स्तरका प्याटनर् देख्नुहुन्छ भने आफ्ना डक्टरलाई सम्पकर् गनुर्होस्।,85,73,0
SENT_0000436,DIAB_005,High Blood Sugar,diabetes_complications,78,1,ne,• तपाईँ िबरामी हुनुहुन्छ भने आफ्नो िबरामी योजनाको पालना गनुर्होस्।,66,56,0
SENT_0000437,DIAB_005,High Blood Sugar,diabetes_complications,79,1,ne,उपचार गिरएन भने रगतमा िचनीको उच्च स्तरले कोमा अथार्त् िन᳟ेतको अवस्थामा पुग्न सिकन्छ वा मृत्यु समेत हुन सक्छ।,108,90,0
SENT_0000438,DIAB_005,High Blood Sugar,diabetes_complications,80,1,ne,"तपाईँका कुनै पर᳤्हरू वा िचन्ताहरू छन् भने आफ्ना डक्टर, नसर् वा मधुमेह परामशर्दातािसत कुरा गनुर्होस्।",100,84,0
SENT_0000439,DIAB_006,Drawing Up One Insulin,diabetes_medicines,2,1,en,To control your diabetes you need to take insulin.,50,0,41
SENT_0000440,DIAB_006,Drawing Up One Insulin,diabetes_medicines,2,2,en,"Insulin can only be given by injections, also called shots.",59,0,48
SENT_0000441,DIAB_006,Drawing Up One Insulin,diabetes_medicines,2,3,en,Your doctor will tell you how much insulin to take and how often to take it.,76,0,60
SENT_0000442,DIAB_006,Drawing Up One Insulin,diabetes_medicines,3,1,en,Getting Ready 1.,16,0,12
SENT_0000443,DIAB_006,Drawing Up One Insulin,diabetes_medicines,4,1,en,• Insulin,9,0,7
SENT_0000444,DIAB_006,Drawing Up One Insulin,diabetes_medicines,5,1,en,• Insulin syringe,17,0,14
SENT_0000445,DIAB_006,Drawing Up One Insulin,diabetes_medicines,6,1,en,• Alcohol pad 2.,16,0,10
SENT_0000446,DIAB_006,Drawing Up One Insulin,diabetes_medicines,6,2,en,Wash your hands with warm water and soap.,41,0,33
SENT_0000447,DIAB_006,Drawing Up One Insulin,diabetes_medicines,6,3,en,Dry your hands.,15,0,12
SENT_0000448,DIAB_006,Drawing Up One Insulin,diabetes_medicines,7,1,en,What to Do 1.,13,0,8
SENT_0000449,DIAB_006,Drawing Up One Insulin,diabetes_medicines,7,2,en,Check the label on the insulin bottle to make sure you are using the correct insulin.,85,0,69
SENT_0000450,DIAB_006,Drawing Up One Insulin,diabetes_medicines,8,1,en,Check the expiration date on your insulin bottle.,49,0,41
SENT_0000451,DIAB_006,Drawing Up One Insulin,diabetes_medicines,8,2,en,Do not use expired insulin.,27,0,22
SENT_0000452,DIAB_006,Drawing Up One Insulin,diabetes_medicines,8,3,en,Throw away any insulin left in the bottle 30 days after you ﬁ rst open the bottle.,82,0,62
SENT_0000453,DIAB_006,Drawing Up One Insulin,diabetes_medicines,9,1,en,Gently roll the bottle of insulin between your hands until it is mixed.,71,0,58
SENT_0000454,DIAB_006,Drawing Up One Insulin,diabetes_medicines,9,2,en,Do not shake the insulin bottle because this can cause air bubbles.,67,0,55
SENT_0000455,DIAB_006,Drawing Up One Insulin,diabetes_medicines,10,1,en,"Wipe off the top of the insulin bottle with an alcohol pad, and then do not touch the top of the bottle.",104,0,81
SENT_0000456,DIAB_006,Drawing Up One Insulin,diabetes_medicines,11,1,ne,मधुमेहमािथ िनयन्तर्णका लािग तपाईँले इन्सुिलन िलनु पनᱷ हुन्छ।,60,52,0
SENT_0000457,DIAB_006,Drawing Up One Insulin,diabetes_medicines,11,2,ne,इन्सुिलनलाई सुई᳇ारा मातर्ै िलन सिकन्छ जसलाई शट्स पिन भिनन्छ।,60,51,0
SENT_0000458,DIAB_006,Drawing Up One Insulin,diabetes_medicines,11,3,ne,तपाईँले कित मातर्ामा इन्सुिलन िलनु पनᱷ र कितपल्ट िलनु पनᱷ हो भ᳖े िवषयमा तपाईँका डक्टरले तपाईँलाई बताउनेछन्।,107,88,0
SENT_0000459,DIAB_006,Drawing Up One Insulin,diabetes_medicines,12,1,ne,तयारी हुँदै 1.,14,10,0
SENT_0000460,DIAB_006,Drawing Up One Insulin,diabetes_medicines,13,1,ne,• इन्सुिलन,10,8,0
SENT_0000461,DIAB_006,Drawing Up One Insulin,diabetes_medicines,14,1,ne,• इन्सुिलन िसिरंज,17,14,0
SENT_0000462,DIAB_006,Drawing Up One Insulin,diabetes_medicines,15,1,ne,• अल्कोहल प्याड 2.,18,12,0
SENT_0000463,DIAB_006,Drawing Up One Insulin,diabetes_medicines,15,2,ne,मनतातो पानी र साबुनले आफ्ना हात पखाल्नुहोस्।,44,38,0
SENT_0000464,DIAB_006,Drawing Up One Insulin,diabetes_medicines,16,1,ne,हातहरू सुकाउनुहोस्।,19,18,0
SENT_0000465,DIAB_006,Drawing Up One Insulin,diabetes_medicines,17,1,ne,के गनुर् पछर् 1.,16,11,0
SENT_0000466,DIAB_006,Drawing Up One Insulin,diabetes_medicines,17,2,ne,तपाईँले सही इन्सुिलनको पर्योग गदᱺ हुनुहुन्छ भ᳖े सुिनि᳟त गनर्का लािग इन्सुिलनको शीशीमा लेबल जाँच गनुर्होस्।,106,89,0
SENT_0000467,DIAB_006,Drawing Up One Insulin,diabetes_medicines,18,1,ne,तपाईँको इन्सुिलनको शीशीमा त्यसको म्याद जाँच्नुहोस्।,51,46,0
SENT_0000468,DIAB_006,Drawing Up One Insulin,diabetes_medicines,19,1,ne,म्याद समा᳙ भइसकेको इन्सुिलनको पर्योग नगनुर्होस् नगनुर्होस्।,59,52,0
SENT_0000469,DIAB_006,Drawing Up One Insulin,diabetes_medicines,20,1,ne,तपाईँले पिहलोपल्ट शीशी खोलेको 30 िदनपिछ शीशीमा बाँकी रहेकोइन्सुिलनलाई फ्याँिकिदनुहोस्।,86,75,0
SENT_0000470,DIAB_006,Drawing Up One Insulin,diabetes_medicines,21,1,ne,आफ्ना दुवै हत्केलाको बीचमा बुलबुलाहरू ब᳖ सक्छन्।,48,41,0
SENT_0000471,DIAB_006,Drawing Up One Insulin,diabetes_medicines,22,1,ne,"इन्सुिलनको ढक्कनीलाई अल्कोहल प्याडले पुछ्नुहोस्, अिन त्यसपिछ शीशीको ढक्कनीमा हातले नछुनुहोस्।",93,82,0
SENT_0000472,DIAB_006,Drawing Up One Insulin,diabetes_medicines,23,1,en,plastic cap.,12,0,10
SENT_0000473,DIAB_006,Drawing Up One Insulin,diabetes_medicines,24,1,en,Take off the needle cap and place it on the table.,50,0,39
SENT_0000474,DIAB_006,Drawing Up One Insulin,diabetes_medicines,25,1,en,Pull the plunger of the syringe down to the number of units of insulin you need.,80,0,64
SENT_0000475,DIAB_006,Drawing Up One Insulin,diabetes_medicines,26,1,en,The syringe will ﬁ ll with air.,31,0,23
SENT_0000476,DIAB_006,Drawing Up One Insulin,diabetes_medicines,27,1,en,The syringe has small lines and numbers.,40,0,33
SENT_0000477,DIAB_006,Drawing Up One Insulin,diabetes_medicines,27,2,en,The space between each line on the syringe is one unit.,55,0,44
SENT_0000478,DIAB_006,Drawing Up One Insulin,diabetes_medicines,28,1,en,"If you are using a 100-unit syringe, the space between each line is 2 units.",76,0,55
SENT_0000479,DIAB_006,Drawing Up One Insulin,diabetes_medicines,28,2,en,Move the plunger so the dark end closest to the needle matches the number of units you need.,92,0,74
SENT_0000480,DIAB_006,Drawing Up One Insulin,diabetes_medicines,29,1,en,Carefully put the needle through the rubber stopper of the insulin bottle.,74,0,62
SENT_0000481,DIAB_006,Drawing Up One Insulin,diabetes_medicines,29,2,en,Push the air into the bottle by pushing the plunger all the way down.,69,0,55
SENT_0000482,DIAB_006,Drawing Up One Insulin,diabetes_medicines,30,1,en,Putting air in the bottle makes it easier to get the insulin out of the bottle.,79,0,63
SENT_0000483,DIAB_006,Drawing Up One Insulin,diabetes_medicines,31,1,ne,हटाउनुहोस्।,11,11,0
SENT_0000484,DIAB_006,Drawing Up One Insulin,diabetes_medicines,32,1,ne,सुईको क्याप िनकाल्नुहोस् र टेबलमा राख्नुहोस्।,45,40,0
SENT_0000485,DIAB_006,Drawing Up One Insulin,diabetes_medicines,33,1,ne,िसिरंजको प्लन्जरलाई तपाईँको लािग आवश्यक इन्सुिलनको युिनटको संख्यासम्म ता᳖ुहोस्।,79,70,0
SENT_0000486,DIAB_006,Drawing Up One Insulin,diabetes_medicines,34,1,ne,िसिरंजमा हावा भिरनेछ।,21,19,0
SENT_0000487,DIAB_006,Drawing Up One Insulin,diabetes_medicines,35,1,ne,िसिरंजमा स-साना रेखाहरू र संख्याहरू अिङ्कत हुन्छन्।,51,44,0
SENT_0000488,DIAB_006,Drawing Up One Insulin,diabetes_medicines,35,2,ne,हरेक रेखाको बीचको स्थान एक युिनट हुन्छ।,39,33,0
SENT_0000489,DIAB_006,Drawing Up One Insulin,diabetes_medicines,35,3,ne,तपाईँले 100-युिनट िसिरंजको पर्योग गदᱺ हुनुहुन्छ भने हरेक लाइनको बीचको स्थान ल्याउनुहोस्।,88,72,0
SENT_0000490,DIAB_006,Drawing Up One Insulin,diabetes_medicines,36,1,ne,इन्सुिलन शीशीको रबडको ढक्कनीमा सुईलाई ध्यानपूवर्क घुसानुर्होस्।,63,57,0
SENT_0000491,DIAB_006,Drawing Up One Insulin,diabetes_medicines,37,1,ne,सिजलो हुन्छ।,12,11,0
SENT_0000492,DIAB_006,Drawing Up One Insulin,diabetes_medicines,38,1,en,Turn the insulin bottle upside down with the syringe still in place.,68,0,56
SENT_0000493,DIAB_006,Drawing Up One Insulin,diabetes_medicines,38,2,en,Support the needle in the bottle so it does not bend.,53,0,42
SENT_0000494,DIAB_006,Drawing Up One Insulin,diabetes_medicines,39,1,en,Pull the plunger down to the number of units of insulin you need.,65,0,52
SENT_0000495,DIAB_006,Drawing Up One Insulin,diabetes_medicines,40,1,unknown,10.,3,0,0
SENT_0000496,DIAB_006,Drawing Up One Insulin,diabetes_medicines,40,2,en,Check for air bubbles in the syringe.,37,0,30
SENT_0000497,DIAB_006,Drawing Up One Insulin,diabetes_medicines,40,3,en,"Air bubbles will not hurt you, but will take the place of insulin.",66,0,52
SENT_0000498,DIAB_006,Drawing Up One Insulin,diabetes_medicines,40,4,en,This could cause you to get less insulin than you need because there is no insulin in the air bubble.,101,0,81
SENT_0000499,DIAB_006,Drawing Up One Insulin,diabetes_medicines,40,5,en,If you see air bubbles:,23,0,18
SENT_0000500,DIAB_006,Drawing Up One Insulin,diabetes_medicines,41,1,en,• Tap the syringe ﬁ rmly with your ﬁ ngertip to move the bubbles to the top of the syringe.,91,0,68
SENT_0000501,DIAB_006,Drawing Up One Insulin,diabetes_medicines,42,1,en,• Push the plunger up a few units until the air bubbles go back into the insulin bottle.,88,0,69
SENT_0000502,DIAB_006,Drawing Up One Insulin,diabetes_medicines,43,1,en,• Pull down on the plunger and ﬁ ll the syringe with the correct amount of insulin.,83,0,64
SENT_0000503,DIAB_006,Drawing Up One Insulin,diabetes_medicines,44,1,en,• Check again for air bubbles.,30,0,23
SENT_0000504,DIAB_006,Drawing Up One Insulin,diabetes_medicines,45,1,unknown,11.,3,0,0
SENT_0000505,DIAB_006,Drawing Up One Insulin,diabetes_medicines,45,2,en,Take the needle out of the insulin bottle.,42,0,34
SENT_0000506,DIAB_006,Drawing Up One Insulin,diabetes_medicines,46,1,en,Giving the Insulin 1.,21,0,16
SENT_0000507,DIAB_006,Drawing Up One Insulin,diabetes_medicines,46,2,en,Clean the site with an alcohol pad.,35,0,28
SENT_0000508,DIAB_006,Drawing Up One Insulin,diabetes_medicines,46,3,en,Let the alcohol dry.,20,0,16
SENT_0000509,DIAB_006,Drawing Up One Insulin,diabetes_medicines,46,4,en,"If you have just showered or bathed, you do not need to clean the site again.",77,0,60
SENT_0000510,DIAB_006,Drawing Up One Insulin,diabetes_medicines,47,1,ne,ता᳖ुहोस्।,9,8,0
SENT_0000511,DIAB_006,Drawing Up One Insulin,diabetes_medicines,48,1,unknown,10.,3,0,0
SENT_0000512,DIAB_006,Drawing Up One Insulin,diabetes_medicines,48,2,ne,िसिरंजमा हावाका बुलबुला त छैनन् भनेर जाँच गनुर्होस्।,52,45,0
SENT_0000513,DIAB_006,Drawing Up One Insulin,diabetes_medicines,48,3,ne,हावाका बुलबुलाले तपाईँलाई कुनै हानी गदᱺन तर त्यसले इन्सुिलनको ठाउँ ओगट्छ।,73,62,0
SENT_0000514,DIAB_006,Drawing Up One Insulin,diabetes_medicines,48,4,ne,यसरी तपाईँलाई चािहएभन्दा किम्त इन्सुिलन पर्ा᳙ हुनेछ िकनभने हावाका बुलबुलामा इन्सुिलन हुँदैन।,92,80,0
SENT_0000515,DIAB_006,Drawing Up One Insulin,diabetes_medicines,48,5,ne,तपाईंले हावाका बुलबुला देख्नुहुन्छ भने:,39,34,0
SENT_0000516,DIAB_006,Drawing Up One Insulin,diabetes_medicines,49,1,ne,• िसिरंजलाई आफ्ना Ბलीको टुप्पाले थपथपाउनुहोस् जसबाट हावाका बुलबुला िसिरंजको मािथल्लो भागसम्म पुगोस्।,100,86,0
SENT_0000517,DIAB_006,Drawing Up One Insulin,diabetes_medicines,50,1,ne,• केही युिनटसम्म प्लन्जरलाई घचेट्नुहोस् जसबाट ती हावाका बुलबुला वापस इन्सुिलनको शीशीमा पसोस्।,93,80,0
SENT_0000518,DIAB_006,Drawing Up One Insulin,diabetes_medicines,51,1,ne,• प्लन्जरलाई ता᳖ुहोस् र इन्सुिलनको सही मातर्ा िसिरंजमा भनुर्होस्।,65,55,0
SENT_0000519,DIAB_006,Drawing Up One Insulin,diabetes_medicines,52,1,ne,• हावाका बुलबुला अझ बाँकी त छैनन् भनी जाँच गनुर्होस्।,53,43,0
SENT_0000520,DIAB_006,Drawing Up One Insulin,diabetes_medicines,53,1,unknown,11.,3,0,0
SENT_0000521,DIAB_006,Drawing Up One Insulin,diabetes_medicines,53,2,ne,सुईलाई इन्सुिलनको शीशीबाट बािहर थु᳀ुहोस्।,41,36,0
SENT_0000522,DIAB_006,Drawing Up One Insulin,diabetes_medicines,54,1,ne,इन्सुिलन िलने तिरका 1.,22,17,0
SENT_0000523,DIAB_006,Drawing Up One Insulin,diabetes_medicines,54,2,ne,सुई हाल्ने ठाउँलाई अल्कोहल प्याडले सफ्फा गनुर्होस्।,51,45,0
SENT_0000524,DIAB_006,Drawing Up One Insulin,diabetes_medicines,54,3,ne,अल्कोहललाई सुक्न िदनुहोस्।,26,24,0
SENT_0000525,DIAB_006,Drawing Up One Insulin,diabetes_medicines,54,4,ne,तपाईँले भखर्रै नुहाउनुभएको हो भने सुई हाल्ने ठाउँलाई सफ्फा गनुर् पनᱷ आवश्यकता छैन।,82,69,0
SENT_0000526,DIAB_006,Drawing Up One Insulin,diabetes_medicines,55,1,en,Pinch up and hold the skin of the site with one hand.,53,0,41
SENT_0000527,DIAB_006,Drawing Up One Insulin,diabetes_medicines,56,1,en,Hold the syringe like a dart or pencil as shown in the picture.,63,0,50
SENT_0000528,DIAB_006,Drawing Up One Insulin,diabetes_medicines,57,1,en,Put the needle straight into the skin at a 90 degree angle.,59,0,45
SENT_0000529,DIAB_006,Drawing Up One Insulin,diabetes_medicines,57,2,en,Use a quick motion.,19,0,15
SENT_0000530,DIAB_006,Drawing Up One Insulin,diabetes_medicines,58,1,en,"The quicker you put the needle in, the less it hurts.",53,0,41
SENT_0000531,DIAB_006,Drawing Up One Insulin,diabetes_medicines,59,1,en,Push the needle all the way into the skin.,42,0,33
SENT_0000532,DIAB_006,Drawing Up One Insulin,diabetes_medicines,60,1,en,Let go of the pinch of skin unless you are told not to.,55,0,42
SENT_0000533,DIAB_006,Drawing Up One Insulin,diabetes_medicines,61,1,en,Push the plunger all the way down until all the insulin is in.,62,0,49
SENT_0000534,DIAB_006,Drawing Up One Insulin,diabetes_medicines,62,1,en,Wait 5 seconds.,15,0,11
SENT_0000535,DIAB_006,Drawing Up One Insulin,diabetes_medicines,63,1,en,Remove the needle.,18,0,15
SENT_0000536,DIAB_006,Drawing Up One Insulin,diabetes_medicines,63,2,en,Put your ﬁ nger on the site and apply pressure for 30 to 60 seconds.,68,0,48
SENT_0000537,DIAB_006,Drawing Up One Insulin,diabetes_medicines,64,1,en,"Check the site for any redness, bleeding or bruising.",53,0,43
SENT_0000538,DIAB_006,Drawing Up One Insulin,diabetes_medicines,64,2,en,Put a band-aid on the site if there is bleeding.,48,0,37
SENT_0000539,DIAB_006,Drawing Up One Insulin,diabetes_medicines,65,1,ne,सुई हाल्ने ठाउँको छालालाई एउटा हातले च्यापेर तानी राख्नुहोस्।,61,53,0
SENT_0000540,DIAB_006,Drawing Up One Insulin,diabetes_medicines,66,1,ne,िसिरंजलाई डाटर् वा पेिन्सल समाते सरह समा᳀ुहोस् जसरी िचतर्मा देखाइएको छ।,71,60,0
SENT_0000541,DIAB_006,Drawing Up One Insulin,diabetes_medicines,67,1,ne,90 िडगर्ीको कोणमा सुईलाई सोझै छालािभतर् हाल्नुहोस्।,51,43,0
SENT_0000542,DIAB_006,Drawing Up One Insulin,diabetes_medicines,67,2,ne,यो काम तीवर् गितमा गनुर्होस्।,29,25,0
SENT_0000543,DIAB_006,Drawing Up One Insulin,diabetes_medicines,67,3,ne,"जित चाँडो तपाईँले सुई घुसाउनुहुन्छ, त्यित नै कम दुख्छ।",54,45,0
SENT_0000544,DIAB_006,Drawing Up One Insulin,diabetes_medicines,67,4,ne,सुईलाई छालामा पुरै घुसाउनुहोस्।,31,28,0
SENT_0000545,DIAB_006,Drawing Up One Insulin,diabetes_medicines,68,1,ne,च्यापेर राखेको छालालाई छोड्नुहोस् यिद तपाईँलाई त्यसो नगनर् भिनएको छैन भने।,74,64,0
SENT_0000546,DIAB_006,Drawing Up One Insulin,diabetes_medicines,69,1,ne,प्लन्जरलाई तलसम्म त्यितबेलासम्म घचेट्नुहोस् जिहलेसम्म इन्सुिलन पुरै िभतर् पस्दैन।,81,73,0
SENT_0000547,DIAB_006,Drawing Up One Insulin,diabetes_medicines,69,2,ne,5 सेकेन्ड पखर्नुहोस्।,21,18,0
SENT_0000548,DIAB_006,Drawing Up One Insulin,diabetes_medicines,70,1,ne,सुई िनकाल्नुहोस्।,17,16,0
SENT_0000549,DIAB_006,Drawing Up One Insulin,diabetes_medicines,70,2,ne,सुई घोपेको ठाउँमा Ბली राख्नुहोस् र 30 देखइ 60 सेकेन्डसम्म दबाव हािल राख्नुहोस्।,79,62,0
SENT_0000550,DIAB_006,Drawing Up One Insulin,diabetes_medicines,71,1,ne,"सुई हालेको ठाउँमा कुनै रातोपना, रगत बगेको वा खोिसर्एको त छैन भनी जाँच गनुर्होस्।",80,66,0
SENT_0000551,DIAB_006,Drawing Up One Insulin,diabetes_medicines,71,2,ne,रगत बिगरहेको छ भने त्यो ठाउँमा ब्यान्ड-एड लगाउनुहोस्।,53,45,0
SENT_0000552,DIAB_006,Drawing Up One Insulin,diabetes_medicines,72,1,en,"© 2005 - January 10, 2017, Health Information Translations.",59,0,36
SENT_0000553,DIAB_006,Drawing Up One Insulin,diabetes_medicines,73,1,en,a result of your stopping medical treatment or your failure to obtain treatment.,80,0,67
SENT_0000554,DIAB_006,Drawing Up One Insulin,diabetes_medicines,75,1,ne,• िसिरन्ज र सुईलाई िनपटान बक्समा फ्याँक्नुहोस्।,47,40,0
SENT_0000555,DIAB_006,Drawing Up One Insulin,diabetes_medicines,75,2,ne,यसका लािग तपाईँले िनकै बाक्लो छेँड नपनᱷ ढक्कनी भएको प्लािस्टकको भाँडोको पर्योग गनर् सक्नुहुन्छ।,95,81,0
SENT_0000556,DIAB_006,Drawing Up One Insulin,diabetes_medicines,75,3,ne,सुईमा फेिर ढक्कनी नलगाउनुहोस् नलगाउनुहोस्।,42,38,0
SENT_0000557,DIAB_006,Drawing Up One Insulin,diabetes_medicines,76,1,ne,• नयाँ र पर्योग गिरसिकएका िसिरंज र सुईहरूलाई बच्चाहरू र पाल्तु जनावरहरूको पहुँचबाट बािहर राख्ने कुरा सुिनि᳟त गनुर्होस्।,119,100,0
SENT_0000558,DIAB_006,Drawing Up One Insulin,diabetes_medicines,77,1,ne,• आफ्नो हात फेिर धुनुहोस्।,26,21,0
SENT_0000559,DIAB_006,Drawing Up One Insulin,diabetes_medicines,78,1,ne,तपाईँका कुनै पर᳤्हरू वा िचन्ताहरू छन् भने आफ्ना डक्टर वा नसर्िसत कुरा गनुर्होस्।,80,67,0
SENT_0000560,DIAB_006,Drawing Up One Insulin,diabetes_medicines,80,1,en,• Put the used syringe and needle into a needle disposal box.,61,0,48
SENT_0000561,DIAB_006,Drawing Up One Insulin,diabetes_medicines,80,2,en,You can use a heavy puncture-resistant plastic container with a lid.,68,0,56
SENT_0000562,DIAB_006,Drawing Up One Insulin,diabetes_medicines,80,3,en,Do not recap the needle.,24,0,19
SENT_0000563,DIAB_006,Drawing Up One Insulin,diabetes_medicines,81,1,en,• Be sure to store new and used syringes and needles out of the reach of children and pets.,91,0,71
SENT_0000564,DIAB_006,Drawing Up One Insulin,diabetes_medicines,82,1,en,• Wash your hands again.,24,0,18
SENT_0000565,DIAB_006,Drawing Up One Insulin,diabetes_medicines,83,1,en,Talk to your doctor or nurse if you have any questions or concerns.,67,0,54
SENT_0000566,DIAB_007,How to Use an Insulin Pen,diabetes_medicines,3,1,en,• Sites which can be used are:,30,0,22
SENT_0000567,DIAB_007,How to Use an Insulin Pen,diabetes_medicines,4,1,en,• Back of upper arms,20,0,15
SENT_0000568,DIAB_007,How to Use an Insulin Pen,diabetes_medicines,5,1,en,• Abdomen (around navel),24,0,18
SENT_0000569,DIAB_007,How to Use an Insulin Pen,diabetes_medicines,6,1,en,• Front and side area of thighs,31,0,24
SENT_0000570,DIAB_007,How to Use an Insulin Pen,diabetes_medicines,7,1,en,• Back above waist,18,0,14
SENT_0000571,DIAB_007,How to Use an Insulin Pen,diabetes_medicines,8,1,en,• Buttocks,10,0,8
SENT_0000572,DIAB_007,How to Use an Insulin Pen,diabetes_medicines,9,1,en,• Stay 1 inch away from previous injections.,44,0,34
SENT_0000573,DIAB_007,How to Use an Insulin Pen,diabetes_medicines,10,1,en,• Stay 2 inches away from your navel or scars.,46,0,34
SENT_0000574,DIAB_007,How to Use an Insulin Pen,diabetes_medicines,11,1,en,"• Do not use sites that are bruised, tender or swollen.",55,0,42
SENT_0000575,DIAB_007,How to Use an Insulin Pen,diabetes_medicines,12,1,en,Giving Your Insulin 1.,22,0,17
SENT_0000576,DIAB_007,How to Use an Insulin Pen,diabetes_medicines,12,2,en,Clean the skin with an alcohol pad.,35,0,28
SENT_0000577,DIAB_007,How to Use an Insulin Pen,diabetes_medicines,12,3,en,Let the alcohol air dry.,24,0,19
SENT_0000578,DIAB_007,How to Use an Insulin Pen,diabetes_medicines,13,1,en,Take the cover off the pen.,27,0,21
SENT_0000579,DIAB_007,How to Use an Insulin Pen,diabetes_medicines,13,2,en,You can see the insulin in the pen.,35,0,27
SENT_0000580,DIAB_007,How to Use an Insulin Pen,diabetes_medicines,15,1,ne,• ती ठाउँहरू हुन् सक्छन्:,25,19,0
SENT_0000581,DIAB_007,How to Use an Insulin Pen,diabetes_medicines,16,1,ne,• पिहला सुई लगाइएको स्थानबाट एक इन्चको दूरी राख्नुहोस्।,55,46,0
SENT_0000582,DIAB_007,How to Use an Insulin Pen,diabetes_medicines,17,1,ne,• तपाईँको नाइटो वा खोिसर्एको ठाउँबाट दुइ इन्चको दूरी राख्नुहोस्।,64,54,0
SENT_0000583,DIAB_007,How to Use an Insulin Pen,diabetes_medicines,18,1,ne,"• खोिसर्एको, कमलो वा सुि᳖एको ठाउँमा पर्योग नगनुर्होस् नगनुर्होस्।",65,54,0
SENT_0000584,DIAB_007,How to Use an Insulin Pen,diabetes_medicines,19,1,ne,इन्सुिलन कसरी िलने 1.,21,16,0
SENT_0000585,DIAB_007,How to Use an Insulin Pen,diabetes_medicines,19,2,ne,छालालाई अल्कोहल प्याडले सफ्फा गनुर्होस्।,40,36,0
SENT_0000586,DIAB_007,How to Use an Insulin Pen,diabetes_medicines,20,1,ne,अल्कोहललाई हावामा सुक्न िदनुहोस्।,33,30,0
SENT_0000587,DIAB_007,How to Use an Insulin Pen,diabetes_medicines,21,1,ne,पेनको ढक्कनी खोल्नुहोस्।,24,22,0
SENT_0000588,DIAB_007,How to Use an Insulin Pen,diabetes_medicines,21,2,ne,तपाईँले पेनमा इन्सुिलन देख्न सक्नुहुन्छ।,40,36,0
SENT_0000589,DIAB_007,How to Use an Insulin Pen,diabetes_medicines,22,1,en,"If you are using a cloudy insulin, gently roll the pen between your hands to mix the insulin.",93,0,74
SENT_0000590,DIAB_007,How to Use an Insulin Pen,diabetes_medicines,23,1,en,Use alcohol to clean the end of the pen where the needle twists on.,67,0,53
SENT_0000591,DIAB_007,How to Use an Insulin Pen,diabetes_medicines,24,1,en,Peel back the cover on the needle.,34,0,27
SENT_0000592,DIAB_007,How to Use an Insulin Pen,diabetes_medicines,24,2,en,Screw the needle onto the pen.,30,0,24
SENT_0000593,DIAB_007,How to Use an Insulin Pen,diabetes_medicines,24,3,en,It should be snug but not too tight.,36,0,28
SENT_0000594,DIAB_007,How to Use an Insulin Pen,diabetes_medicines,25,1,en,To clear the air out of the pen:,32,0,24
SENT_0000595,DIAB_007,How to Use an Insulin Pen,diabetes_medicines,26,1,en,• Remove the cap from the needle.,33,0,25
SENT_0000596,DIAB_007,How to Use an Insulin Pen,diabetes_medicines,27,1,en,• Turn the dose dial to 2 units.,32,0,22
SENT_0000597,DIAB_007,How to Use an Insulin Pen,diabetes_medicines,28,1,en,• Hold the pen so the needle is pointing up.,44,0,33
SENT_0000598,DIAB_007,How to Use an Insulin Pen,diabetes_medicines,29,1,en,• Push the end of the pen in to clear the air out of the pen.,61,0,44
SENT_0000599,DIAB_007,How to Use an Insulin Pen,diabetes_medicines,30,1,en,• Watch the tip of the needle for a drop of insulin.,52,0,39
SENT_0000600,DIAB_007,How to Use an Insulin Pen,diabetes_medicines,30,2,en,You may need to repeat this step until you see the drop on the needle.,70,0,55
SENT_0000601,DIAB_007,How to Use an Insulin Pen,diabetes_medicines,31,1,en,"To set your dose of insulin, turn the dial clockwise until you see the number for your insulin dose.",100,0,80
SENT_0000602,DIAB_007,How to Use an Insulin Pen,diabetes_medicines,32,1,ne,तपाईँले धिमले इन्सुिलनको पर्योग गदᱺ हुनुहुन्छ भने इन्सुिलनलाई िमसाउनका लािग तपाईँका दुवै हत्केलाको बीचमा राखेर िवस्तारै बेल्नुहोस्।,131,114,0
SENT_0000603,DIAB_007,How to Use an Insulin Pen,diabetes_medicines,33,1,ne,पेनको टुप्पोमा जहाँ सुई पसाइन्छ त्यो ठाउँलाई अल्कोहलको पर्योग गरेर सफ्फा गनुर्होस्।,83,72,0
SENT_0000604,DIAB_007,How to Use an Insulin Pen,diabetes_medicines,34,1,ne,सुईको कभरलाई च्या᳀ुहोस्।,24,21,0
SENT_0000605,DIAB_007,How to Use an Insulin Pen,diabetes_medicines,34,2,ne,सुईलाई पेनमा बटारेर पसाउनुहोस्।,31,28,0
SENT_0000606,DIAB_007,How to Use an Insulin Pen,diabetes_medicines,34,3,ne,त्यो त्यहाँ पसेको हुनु पछर् तर साहर्ै किसएको हुनु हुँदैन।,57,48,0
SENT_0000607,DIAB_007,How to Use an Insulin Pen,diabetes_medicines,35,1,ne,पेनबाट हावा िनकाल्नका लािग:,27,23,0
SENT_0000608,DIAB_007,How to Use an Insulin Pen,diabetes_medicines,36,1,ne,• सुईको ढक्कनी हटाउनुहोस्।,26,22,0
SENT_0000609,DIAB_007,How to Use an Insulin Pen,diabetes_medicines,37,1,ne,• खुराकलाई घुमाएर 2 युिनटमा ल्याउनुहोस्।,40,33,0
SENT_0000610,DIAB_007,How to Use an Insulin Pen,diabetes_medicines,38,1,ne,• पेनलाई सुई मािथितर फकᱷको अवस्थामा समा᳀ुहोस्।,46,37,0
SENT_0000611,DIAB_007,How to Use an Insulin Pen,diabetes_medicines,39,1,ne,• पेनबाट हावा बािहर िनकाल्नका लािग पेनको पीँधबाट घचेट्नुहोस्।,61,52,0
SENT_0000612,DIAB_007,How to Use an Insulin Pen,diabetes_medicines,40,1,ne,• सुईको टुप्पामा इन्सुिलनको थोपा िनस्केको देिखनु पछर्।,54,46,0
SENT_0000613,DIAB_007,How to Use an Insulin Pen,diabetes_medicines,40,2,ne,यो पर्िकर्या त्यितबेलासम्म दोहोऱ्याउनु पछर् जिहलेसम्म सुईको टुप्पोमा इन्सुिलनको थोपा देिखंदैन।,94,84,0
SENT_0000614,DIAB_007,How to Use an Insulin Pen,diabetes_medicines,41,1,ne,इन्सुिलनको खुराक सेट गनर्का लािग डायललाई घडीको सुई घु᳜े िदशामा बटादᱺ जानुहोस् जबसम्म तपाईँको इन्सुिलनको खुराकको संख्या देिखंदैन।,128,109,0
SENT_0000615,DIAB_007,How to Use an Insulin Pen,diabetes_medicines,42,1,en,"© 2005 - January 10, 2017, Health Information Translations.",59,0,36
SENT_0000616,DIAB_007,How to Use an Insulin Pen,diabetes_medicines,43,1,en,a result of your stopping medical treatment or your failure to obtain treatment.,80,0,67
SENT_0000617,DIAB_007,How to Use an Insulin Pen,diabetes_medicines,44,1,en,Pinch and hold the skin of the site with one hand.,50,0,39
SENT_0000618,DIAB_007,How to Use an Insulin Pen,diabetes_medicines,45,1,en,Put the needle straight into the skin in a quick motion.,56,0,45
SENT_0000619,DIAB_007,How to Use an Insulin Pen,diabetes_medicines,46,1,en,The needle should be all the way into your skin.,48,0,38
SENT_0000620,DIAB_007,How to Use an Insulin Pen,diabetes_medicines,47,1,unknown,10.,3,0,0
SENT_0000621,DIAB_007,How to Use an Insulin Pen,diabetes_medicines,47,2,en,"Using your thumb, push the end of the pen down slowly until your dose of insulin is in.",87,0,68
SENT_0000622,DIAB_007,How to Use an Insulin Pen,diabetes_medicines,47,3,en,Hold the needle in for 10 seconds.,34,0,25
SENT_0000623,DIAB_007,How to Use an Insulin Pen,diabetes_medicines,48,1,unknown,11.,3,0,0
SENT_0000624,DIAB_007,How to Use an Insulin Pen,diabetes_medicines,48,2,en,Let go of the pinch of skin.,28,0,21
SENT_0000625,DIAB_007,How to Use an Insulin Pen,diabetes_medicines,49,1,unknown,12.,3,0,0
SENT_0000626,DIAB_007,How to Use an Insulin Pen,diabetes_medicines,49,2,en,Pull the needle out.,20,0,16
SENT_0000627,DIAB_007,How to Use an Insulin Pen,diabetes_medicines,49,3,en,Hold your ﬁ nger over the site for a minute.,44,0,33
SENT_0000628,DIAB_007,How to Use an Insulin Pen,diabetes_medicines,49,4,en,Remove the needle from the pen.,31,0,25
SENT_0000629,DIAB_007,How to Use an Insulin Pen,diabetes_medicines,49,5,en,Throw it into your needle disposal container.,45,0,38
SENT_0000630,DIAB_007,How to Use an Insulin Pen,diabetes_medicines,50,1,unknown,13.,3,0,0
SENT_0000631,DIAB_007,How to Use an Insulin Pen,diabetes_medicines,50,2,en,Put the cover back on your insulin pen.,39,0,31
SENT_0000632,DIAB_007,How to Use an Insulin Pen,diabetes_medicines,51,1,en,Talk to your doctor or nurse if you have any questions or concerns.,67,0,54
SENT_0000633,DIAB_007,How to Use an Insulin Pen,diabetes_medicines,52,1,ne,पेन लगाउने ठाउँको छालालाई एउटा हातले िचमोटेर तानी राख्नुहोस्।,61,53,0
SENT_0000634,DIAB_007,How to Use an Insulin Pen,diabetes_medicines,53,1,ne,सुईलाई छालािभतर् तीवर् गितले सोझै घुसानुर्होस्।,47,42,0
SENT_0000635,DIAB_007,How to Use an Insulin Pen,diabetes_medicines,53,2,ne,सुई तपाईँको छालािभतर् घुसेको हुनु पदर्छ।,40,35,0
SENT_0000636,DIAB_007,How to Use an Insulin Pen,diabetes_medicines,54,1,unknown,10.,3,0,0
SENT_0000637,DIAB_007,How to Use an Insulin Pen,diabetes_medicines,54,2,ne,आफ्नो बुढीᲑलाको पर्योग गरेर पेनको पᱭधलाई िवस्तारै त्यितबेलासम्म घचेट्नुहोस् जिहलेसम्म तपाईँको इन्सुिलनको खुराक िभतर् जाँदैन।,124,108,0
SENT_0000638,DIAB_007,How to Use an Insulin Pen,diabetes_medicines,55,1,ne,सुईलाई 10 सेकेन्डसम्म त्यहᱭ राख्नुहोस्।,39,32,0
SENT_0000639,DIAB_007,How to Use an Insulin Pen,diabetes_medicines,56,1,unknown,11.,3,0,0
SENT_0000640,DIAB_007,How to Use an Insulin Pen,diabetes_medicines,56,2,ne,िचमोटेर रािखएको छालालाई छोड्नुहोस्।,35,32,0
SENT_0000641,DIAB_007,How to Use an Insulin Pen,diabetes_medicines,57,1,unknown,12.,3,0,0
SENT_0000642,DIAB_007,How to Use an Insulin Pen,diabetes_medicines,57,2,ne,सुईलाई बािहर िनकाल्नुहोस्।,26,24,0
SENT_0000643,DIAB_007,How to Use an Insulin Pen,diabetes_medicines,57,3,ne,त्यो ठाउँमा औ ँलाले एक िमनेटसम्म िथिच राख्नुहोस्।,49,42,0
SENT_0000644,DIAB_007,How to Use an Insulin Pen,diabetes_medicines,57,4,ne,सुईलाई पेनबाट िनकाल्नुहोस्।,27,25,0
SENT_0000645,DIAB_007,How to Use an Insulin Pen,diabetes_medicines,57,5,ne,त्यसलाई सुई िनपटान बक्सामा फ्याँक्नुहोस्।,41,37,0
SENT_0000646,DIAB_007,How to Use an Insulin Pen,diabetes_medicines,58,1,unknown,13.,3,0,0
SENT_0000647,DIAB_007,How to Use an Insulin Pen,diabetes_medicines,58,2,ne,तपाईँको इन्सुिलन पेनको ढक्कनी लगाउनुहोस्।,41,37,0
SENT_0000648,DIAB_007,How to Use an Insulin Pen,diabetes_medicines,59,1,ne,तपाईँका कुनै पर᳤्हरू वा िचन्ताहरू छन् भने आफ्ना डक्टर वा नसर्िसत कुरा गनुर्होस्।,80,67,0
SENT_0000649,DIAB_008,Mixing Two Insulins,diabetes_medicines,2,1,en,"Since your doctor has ordered 2 kinds of insulin that can be mixed, you need to learn how to mix the two insulins together in one syringe.",138,0,109
SENT_0000650,DIAB_008,Mixing Two Insulins,diabetes_medicines,2,2,en,This way you can give yourself one injection or shot instead of two.,68,0,55
SENT_0000651,DIAB_008,Mixing Two Insulins,diabetes_medicines,2,3,en,"Some insulins, like glargine (Lantus®) and detemer (Levemir®), cannot be mixed.",79,0,60
SENT_0000652,DIAB_008,Mixing Two Insulins,diabetes_medicines,2,4,en,"Other insulins (NovoLog 70/30®, Humalog 75/25®) are already a combination of two types of insulin and should not be mixed.",122,0,87
SENT_0000653,DIAB_008,Mixing Two Insulins,diabetes_medicines,4,1,en,• Gather these supplies:,24,0,19
SENT_0000654,DIAB_008,Mixing Two Insulins,diabetes_medicines,5,1,en,Insulins:,9,0,8
SENT_0000655,DIAB_008,Mixing Two Insulins,diabetes_medicines,6,1,en,• Wash your hands with warm water and soap.,43,0,33
SENT_0000656,DIAB_008,Mixing Two Insulins,diabetes_medicines,6,2,en,Dry your hands.,15,0,12
SENT_0000657,DIAB_008,Mixing Two Insulins,diabetes_medicines,7,1,en,What to Do 1.,13,0,8
SENT_0000658,DIAB_008,Mixing Two Insulins,diabetes_medicines,7,2,en,Check the labels on the insulin bottles to make sure you have the correct insulin.,82,0,67
SENT_0000659,DIAB_008,Mixing Two Insulins,diabetes_medicines,8,1,en,"Regular, lispro (Humalog®) and aspart (NovoLog®) insulin should be clear.",73,0,56
SENT_0000660,DIAB_008,Mixing Two Insulins,diabetes_medicines,8,2,en,NPH insulin should be cloudy.,29,0,24
SENT_0000661,DIAB_008,Mixing Two Insulins,diabetes_medicines,9,1,en,Check the expiration date on all insulin bottles.,49,0,41
SENT_0000662,DIAB_008,Mixing Two Insulins,diabetes_medicines,9,2,en,Do not use expired insulin.,27,0,22
SENT_0000663,DIAB_008,Mixing Two Insulins,diabetes_medicines,10,1,en,Throw away any insulin left in the bottle 30 days after you ﬁ rst open the bottle.,82,0,62
SENT_0000664,DIAB_008,Mixing Two Insulins,diabetes_medicines,11,1,ne,तपाईँका डक्टरले दुइ पर्कारका इन्सुिलनहरू िमसाउने आदेश िदनुभएकोले तपाईँले एउटा िसिरन्जमा दुइ इन्सुिलनहरूलाई कसरी िमसाउनुपछर् त्यसबारे िसक्नुपनᱷछ।,144,127,0
SENT_0000665,DIAB_008,Mixing Two Insulins,diabetes_medicines,11,2,ne,यसरी तपाईँले दुइको ठाउँमा आफैलाई एउटा इन्जेक्सन वा शॉट िदन सक्नुहुन्छ।,70,60,0
SENT_0000666,DIAB_008,Mixing Two Insulins,diabetes_medicines,11,3,ne,ग्लारिजन (ल्यान्टस®) र डेटेमर (लेभेिमर®) जस्ता केही इन्सुिलनहरूलाई िमसाउन सिकंदैन।,82,67,0
SENT_0000667,DIAB_008,Mixing Two Insulins,diabetes_medicines,11,4,ne,"अन्य इन्सुिलनहरू (नोभोलग 70/30®, हुमालग75/25®) मा पिहले नै दुइ पर्कारका इन्सुिलनहरूका िमशर्ण हुन् र यसलाई िमसाउनु हुँदैन।",121,90,0
SENT_0000668,DIAB_008,Mixing Two Insulins,diabetes_medicines,13,1,ne,• यी सामानहरू जम्मा गनुर्होस्:,30,24,0
SENT_0000669,DIAB_008,Mixing Two Insulins,diabetes_medicines,14,1,ne,▸ इन्सुिलन्सहरू:,16,13,0
SENT_0000670,DIAB_008,Mixing Two Insulins,diabetes_medicines,15,1,ne,• आफ्ना हात मनतातो पानी र साबुनले धुनुहोस्।,43,35,0
SENT_0000671,DIAB_008,Mixing Two Insulins,diabetes_medicines,16,1,ne,आफ्ना हातहरू सुकाउनुहोस्।,25,23,0
SENT_0000672,DIAB_008,Mixing Two Insulins,diabetes_medicines,17,1,ne,के गनुर् पछर् 1.,16,11,0
SENT_0000673,DIAB_008,Mixing Two Insulins,diabetes_medicines,17,2,ne,तपाईँिसत सही इन्सुिलन छ भ᳖े सुिनि᳟त गनर्का लािग इन्सुिलनको शीशीहरूमा लेबल जाँच गनुर्होस्।,89,75,0
SENT_0000674,DIAB_008,Mixing Two Insulins,diabetes_medicines,17,3,ne,िनयिमत िलस्पर्ो (हुमालोग® र एस्पाटर् (नोभोलोग®) इन्सुिलन सफ्फा हुनु पदर्छ।,74,60,0
SENT_0000675,DIAB_008,Mixing Two Insulins,diabetes_medicines,17,4,ne,एनपीएच इन्सुिलन धिमलो हुनु पदर्छ।,33,29,0
SENT_0000676,DIAB_008,Mixing Two Insulins,diabetes_medicines,18,1,ne,इन्सुिलनका इन्सुिलनका सबै सबै शीशीहरूमा अिन्तम म्याँद जाँच गनुर् पदर्छ।,71,62,0
SENT_0000677,DIAB_008,Mixing Two Insulins,diabetes_medicines,19,1,ne,पदर्छ।,6,6,0
SENT_0000678,DIAB_008,Mixing Two Insulins,diabetes_medicines,19,2,ne,म्याद समा᳙ भइसकेको इन्सुिलनको पर्योग नगनुर्होस् नगनुर्होस्।,59,52,0
SENT_0000679,DIAB_008,Mixing Two Insulins,diabetes_medicines,19,3,ne,तपाईँले पिहलोपल्ट शीशी खोलेको 30 िदनपिछ शीशीमा बाँकी रहेकोइन्सुिलनलाई फ्याँिकिदनुहोस्।,86,75,0
SENT_0000680,DIAB_008,Mixing Two Insulins,diabetes_medicines,20,1,en,"Gently roll the bottle of cloudy insulin between your hands until it is mixed, and make sure there is no powder on the bottom of the bottle.",140,0,112
SENT_0000681,DIAB_008,Mixing Two Insulins,diabetes_medicines,21,1,en,Do not shake the insulin bottle because this can cause air bubbles.,67,0,55
SENT_0000682,DIAB_008,Mixing Two Insulins,diabetes_medicines,22,1,en,"Wipe off the tops of the insulin bottles with an alcohol pad, and then do not touch the top of the bottles.",107,0,84
SENT_0000683,DIAB_008,Mixing Two Insulins,diabetes_medicines,23,1,en,Take the syringe out of its package or remove the plastic cap.,62,0,50
SENT_0000684,DIAB_008,Mixing Two Insulins,diabetes_medicines,24,1,en,Take off the needle cap and place it on the table.,50,0,39
SENT_0000685,DIAB_008,Mixing Two Insulins,diabetes_medicines,25,1,ne,"धिमलो धिमलो इन्सुिलनको शीशीलाई आफ्ना दुवै हत्केलाको बीचमा राखेर िवस्तारै रामर्री निमिस्सँदासम्म बेल्नुहोस्, र शीशीको पᱭधमा पाउडर नरहोस् भ᳖े कुरा सुिनि᳟त गनुर्होस्।",163,138,0
SENT_0000686,DIAB_008,Mixing Two Insulins,diabetes_medicines,26,1,ne,बुलबुलाहरू ब᳖ सक्छन्।,21,18,0
SENT_0000687,DIAB_008,Mixing Two Insulins,diabetes_medicines,27,1,ne,ढक्कनीमा हातले नछुनुहोस्।,25,23,0
SENT_0000688,DIAB_008,Mixing Two Insulins,diabetes_medicines,28,1,ne,िसिरंजलाई प्याकेटिभतर्बाट बािहर िनकाल्नुहोस् अथवा प्लािस्टक क्याप हटाउनुहोस्।,77,70,0
SENT_0000689,DIAB_008,Mixing Two Insulins,diabetes_medicines,29,1,ne,सुईको क्याप िनकाल्नुहोस् र टेबलमा राख्नुहोस्।,45,40,0
SENT_0000690,DIAB_008,Mixing Two Insulins,diabetes_medicines,30,1,en,Pull the plunger of the syringe down to the number of units of cloudy insulin you need.,87,0,70
SENT_0000691,DIAB_008,Mixing Two Insulins,diabetes_medicines,30,2,en,The syringe will ﬁ ll with air.,31,0,23
SENT_0000692,DIAB_008,Mixing Two Insulins,diabetes_medicines,31,1,en,The syringe has small lines and numbers.,40,0,33
SENT_0000693,DIAB_008,Mixing Two Insulins,diabetes_medicines,31,2,en,The space between each line on the syringe is one unit.,55,0,44
SENT_0000694,DIAB_008,Mixing Two Insulins,diabetes_medicines,31,3,en,"If you are using a 100-unit syringe, the space between each line is 2 units.",76,0,55
SENT_0000695,DIAB_008,Mixing Two Insulins,diabetes_medicines,31,4,en,Move the plunger so the dark end closest to the needle matches the number of units you need.,92,0,74
SENT_0000696,DIAB_008,Mixing Two Insulins,diabetes_medicines,32,1,en,Carefully put the needle through the rubber stopper of the bottle with cloudy insulin.,86,0,72
SENT_0000697,DIAB_008,Mixing Two Insulins,diabetes_medicines,32,2,en,Push the air into the bottle by pushing the plunger all the way down.,69,0,55
SENT_0000698,DIAB_008,Mixing Two Insulins,diabetes_medicines,32,3,en,Putting air in the bottle makes it easier to get the insulin out of the bottle.,79,0,63
SENT_0000699,DIAB_008,Mixing Two Insulins,diabetes_medicines,33,1,en,Take the needle out of the bottle with cloudy insulin.,54,0,44
SENT_0000700,DIAB_008,Mixing Two Insulins,diabetes_medicines,33,2,en,The syringe will be empty.,26,0,21
SENT_0000701,DIAB_008,Mixing Two Insulins,diabetes_medicines,34,1,en,Set the bottle of cloudy insulin aside.,39,0,32
SENT_0000702,DIAB_008,Mixing Two Insulins,diabetes_medicines,35,1,unknown,10.,3,0,0
SENT_0000703,DIAB_008,Mixing Two Insulins,diabetes_medicines,35,2,en,Pull the plunger of the syringe down to the number of units of clear insulin needed to ﬁ ll with air.,101,0,79
SENT_0000704,DIAB_008,Mixing Two Insulins,diabetes_medicines,36,1,unknown,11.,3,0,0
SENT_0000705,DIAB_008,Mixing Two Insulins,diabetes_medicines,36,2,en,"Carefully, put the needle into the rubber stopper of bottle with clear insulin, and push the air into the bottle.",113,0,91
SENT_0000706,DIAB_008,Mixing Two Insulins,diabetes_medicines,37,1,ne,भिरनेछ।,7,7,0
SENT_0000707,DIAB_008,Mixing Two Insulins,diabetes_medicines,38,1,ne,िसिरंजमा स-साना रेखाहरू र संख्याहरू अिङ्कत हुन्छन्।,51,44,0
SENT_0000708,DIAB_008,Mixing Two Insulins,diabetes_medicines,38,2,ne,हरेक रेखाको बीचको स्थान एक युिनट हुन्छ।,39,33,0
SENT_0000709,DIAB_008,Mixing Two Insulins,diabetes_medicines,38,3,ne,तपाईँले 100-युिनट िसिरंजको पर्योग गदᱺ हुनुहुन्छ भने हरेक लाइनको बीचको स्थान 2 युिनटको हुन्छ।,92,73,0
SENT_0000710,DIAB_008,Mixing Two Insulins,diabetes_medicines,38,4,ne,प्लन्जरलाई तानेर तपाईँलाई चािहने युिनटहरूको संख्यािसत मेल खानेगिर सुईको कालो भागसम्म ल्याउनुहोस्।,97,86,0
SENT_0000711,DIAB_008,Mixing Two Insulins,diabetes_medicines,39,1,ne,िनकाल्नमा सिजलो हुन्छ।,22,20,0
SENT_0000712,DIAB_008,Mixing Two Insulins,diabetes_medicines,40,1,ne,धिमलो धिमलो इन्सुिलनको शीशीबाट सुईलाई िनकाल्नुहोस्।,51,46,0
SENT_0000713,DIAB_008,Mixing Two Insulins,diabetes_medicines,41,1,ne,िसिरंज खाली हुनेछ।,18,16,0
SENT_0000714,DIAB_008,Mixing Two Insulins,diabetes_medicines,41,2,ne,धिमलो धिमलो इन्सुिलनको शीशीलाई एकाितर राख्नुहोस्।,49,44,0
SENT_0000715,DIAB_008,Mixing Two Insulins,diabetes_medicines,42,1,unknown,10.,3,0,0
SENT_0000716,DIAB_008,Mixing Two Insulins,diabetes_medicines,42,2,ne,िसिरंजको प्लन्जरलाई सफा सफा इन्सुिलनको चािहने मातर्ाको युिनटहरूसम्म हावा भनुर्होस्।,83,74,0
SENT_0000717,DIAB_008,Mixing Two Insulins,diabetes_medicines,43,1,unknown,11.,3,0,0
SENT_0000718,DIAB_008,Mixing Two Insulins,diabetes_medicines,43,2,ne,"सुईलाई सफा सफा इन्सुिलनको शीशीको रबडको ढक्कनीिभतर् ध्यानपूवर्क घुसानुर्होस्, र शीशीमा हावा भनुर्होस्।",101,88,0
SENT_0000719,DIAB_008,Mixing Two Insulins,diabetes_medicines,44,1,unknown,12.,3,0,0
SENT_0000720,DIAB_008,Mixing Two Insulins,diabetes_medicines,44,2,en,Turn the bottle of clear insulin upside down with the syringe still in place.,77,0,63
SENT_0000721,DIAB_008,Mixing Two Insulins,diabetes_medicines,44,3,en,Support the needle in the bottle so it does not bend.,53,0,42
SENT_0000722,DIAB_008,Mixing Two Insulins,diabetes_medicines,45,1,unknown,13.,3,0,0
SENT_0000723,DIAB_008,Mixing Two Insulins,diabetes_medicines,45,2,en,Pull the plunger down to the number of units of clear insulin you need.,71,0,57
SENT_0000724,DIAB_008,Mixing Two Insulins,diabetes_medicines,46,1,unknown,14.,3,0,0
SENT_0000725,DIAB_008,Mixing Two Insulins,diabetes_medicines,46,2,en,Check for air bubbles in the syringe.,37,0,30
SENT_0000726,DIAB_008,Mixing Two Insulins,diabetes_medicines,46,3,en,"Air bubbles will not hurt you, but will take the place of insulin.",66,0,52
SENT_0000727,DIAB_008,Mixing Two Insulins,diabetes_medicines,46,4,en,This could cause you to get less insulin than you need because there is no insulin in the air bubble.,101,0,81
SENT_0000728,DIAB_008,Mixing Two Insulins,diabetes_medicines,47,1,en,If you see air bubbles:,23,0,18
SENT_0000729,DIAB_008,Mixing Two Insulins,diabetes_medicines,48,1,en,• Tap the syringe ﬁ rmly with your ﬁ ngertip to move the bubbles to the top of the syringe.,91,0,68
SENT_0000730,DIAB_008,Mixing Two Insulins,diabetes_medicines,49,1,en,• Push the plunger up a few units until the air bubbles go back into the insulin bottle.,88,0,69
SENT_0000731,DIAB_008,Mixing Two Insulins,diabetes_medicines,50,1,en,• Pull down on the plunger and ﬁ ll the syringe with the correct amount of insulin.,83,0,64
SENT_0000732,DIAB_008,Mixing Two Insulins,diabetes_medicines,51,1,en,• Check again for air bubbles.,30,0,23
SENT_0000733,DIAB_008,Mixing Two Insulins,diabetes_medicines,52,1,unknown,15.,3,0,0
SENT_0000734,DIAB_008,Mixing Two Insulins,diabetes_medicines,52,2,en,Take the needle out of the bottle with clear insulin.,53,0,43
SENT_0000735,DIAB_008,Mixing Two Insulins,diabetes_medicines,53,1,unknown,16.,3,0,0
SENT_0000736,DIAB_008,Mixing Two Insulins,diabetes_medicines,53,2,en,Put the needle into the rubber stopper of the bottle with cloudy insulin.,73,0,60
SENT_0000737,DIAB_008,Mixing Two Insulins,diabetes_medicines,53,3,en,Be careful not to push any clear insulin into the bottle of cloudy insulin.,75,0,61
SENT_0000738,DIAB_008,Mixing Two Insulins,diabetes_medicines,54,1,ne,त्यसलाई सहारा िदनुहोस्।,23,21,0
SENT_0000739,DIAB_008,Mixing Two Insulins,diabetes_medicines,55,1,unknown,13.,3,0,0
SENT_0000740,DIAB_008,Mixing Two Insulins,diabetes_medicines,55,2,ne,तपाईँलाई चािहने सफा सफा इन्सुिलनका युिनटहरूको संख्यासम्म प्लन्जरलाई ता᳖ुहोस्।,77,68,0
SENT_0000741,DIAB_008,Mixing Two Insulins,diabetes_medicines,56,1,unknown,14.,3,0,0
SENT_0000742,DIAB_008,Mixing Two Insulins,diabetes_medicines,56,2,ne,िसिरंजमा हावाका बुलबुला त छैनन् भनेर जाँच गनुर्होस्।,52,45,0
SENT_0000743,DIAB_008,Mixing Two Insulins,diabetes_medicines,56,3,ne,हावाका बुलबुलाले तपाईँलाई कुनै हानी गदᱺन तर त्यसले इन्सुिलनको ठाउँ ओगट्छ।,73,62,0
SENT_0000744,DIAB_008,Mixing Two Insulins,diabetes_medicines,57,1,ne,यसरी तपाईँलाई चािहएभन्दा किम्त इन्सुिलन पर्ा᳙ हुनेछ िकनभने हावाका बुलबुलामा इन्सुिलन हुँदैन।,92,80,0
SENT_0000745,DIAB_008,Mixing Two Insulins,diabetes_medicines,57,2,ne,तपाईंले हावाका बुलबुला देख्नुहुन्छ भने:,39,34,0
SENT_0000746,DIAB_008,Mixing Two Insulins,diabetes_medicines,58,1,ne,• िसिरंजलाई आफ्ना Ბलीको टुप्पाले थपथपाउनुहोस् जसबाट हावाका बुलबुला िसिरंजको मािथल्लो भागसम्म पुगोस्।,100,86,0
SENT_0000747,DIAB_008,Mixing Two Insulins,diabetes_medicines,59,1,ne,• केही युिनटसम्म प्लन्जरलाई घचेट्नुहोस् जसबाट ती हावाका बुलबुला वापस इन्सुिलनको शीशीमा पसोस्।,93,80,0
SENT_0000748,DIAB_008,Mixing Two Insulins,diabetes_medicines,60,1,ne,• प्लन्जरलाई ता᳖ुहोस् र इन्सुिलनको सही मातर्ा िसिरंजमा भनुर्होस्।,65,55,0
SENT_0000749,DIAB_008,Mixing Two Insulins,diabetes_medicines,61,1,ne,• हावाका बुलबुला अझ बाँकी त छैनन् भनी जाँच गनुर्होस्।,53,43,0
SENT_0000750,DIAB_008,Mixing Two Insulins,diabetes_medicines,62,1,unknown,15.,3,0,0
SENT_0000751,DIAB_008,Mixing Two Insulins,diabetes_medicines,62,2,ne,सफा सफा इन्सुिलनको शीशीबाट सुईलाई िनकाल्नुहोस्।,47,42,0
SENT_0000752,DIAB_008,Mixing Two Insulins,diabetes_medicines,63,1,ne,सफा इन्सुिलन नपसोस् भ᳖े कुराको ध्यान राख्नुहोस्।,48,41,0
SENT_0000753,DIAB_008,Mixing Two Insulins,diabetes_medicines,64,1,unknown,17.,3,0,0
SENT_0000754,DIAB_008,Mixing Two Insulins,diabetes_medicines,64,2,en,Add the number of units of clear and cloudy insulins together to give you the total number of units.,100,0,81
SENT_0000755,DIAB_008,Mixing Two Insulins,diabetes_medicines,66,1,en,________________________ = _____ Total Number of Units 18.,58,0,18
SENT_0000756,DIAB_008,Mixing Two Insulins,diabetes_medicines,66,2,en,Slowly pull the plunger back to the total number of units needed.,65,0,53
SENT_0000757,DIAB_008,Mixing Two Insulins,diabetes_medicines,66,3,en,This lets the cloudy insulin ﬁ ll the syringe.,46,0,36
SENT_0000758,DIAB_008,Mixing Two Insulins,diabetes_medicines,67,1,en,"• If you get more units of cloudy insulin in the syringe than are needed, do not push any insulin back into the bottle.",119,0,93
SENT_0000759,DIAB_008,Mixing Two Insulins,diabetes_medicines,67,2,en,Remove the syringe and throw it into your needle disposal box.,62,0,51
SENT_0000760,DIAB_008,Mixing Two Insulins,diabetes_medicines,67,3,en,Get a new syringe and start over.,33,0,26
SENT_0000761,DIAB_008,Mixing Two Insulins,diabetes_medicines,68,1,unknown,19.,3,0,0
SENT_0000762,DIAB_008,Mixing Two Insulins,diabetes_medicines,68,2,en,Take the needle out of the bottle with cloudy insulin.,54,0,44
SENT_0000763,DIAB_008,Mixing Two Insulins,diabetes_medicines,69,1,en,Giving the Insulin 1.,21,0,16
SENT_0000764,DIAB_008,Mixing Two Insulins,diabetes_medicines,69,2,en,Clean the site with an alcohol pad.,35,0,28
SENT_0000765,DIAB_008,Mixing Two Insulins,diabetes_medicines,69,3,en,Let the alcohol dry.,20,0,16
SENT_0000766,DIAB_008,Mixing Two Insulins,diabetes_medicines,69,4,en,"If you have just showered or bathed, you do not need to clean the site again.",77,0,60
SENT_0000767,DIAB_008,Mixing Two Insulins,diabetes_medicines,70,1,en,Pinch and hold the skin of the site with one hand.,50,0,39
SENT_0000768,DIAB_008,Mixing Two Insulins,diabetes_medicines,71,1,en,Hold the syringe like a dart or pencil as shown in the picture.,63,0,50
SENT_0000769,DIAB_008,Mixing Two Insulins,diabetes_medicines,72,1,unknown,17.,3,0,0
SENT_0000770,DIAB_008,Mixing Two Insulins,diabetes_medicines,72,2,ne,सफा सफा र धिमलो धिमलो इन्सुिलनहरूका युिनटहरूको संख्यालाई जोडेपिछ तपाईँले जम्मा चािहने युिनट पाउनुहुनेछ।,103,90,0
SENT_0000771,DIAB_008,Mixing Two Insulins,diabetes_medicines,76,1,ne,= ______ युिनटहरूको जम्मा संख्या 18.,36,21,0
SENT_0000772,DIAB_008,Mixing Two Insulins,diabetes_medicines,76,2,ne,प्लन्जरलाई जम्मा चािहएका युिनटहरूको युिनटहरूको संख्यासम्म संख्यासम्म िवस्तारै ता᳖ुहोस्।,87,78,0
SENT_0000773,DIAB_008,Mixing Two Insulins,diabetes_medicines,76,3,ne,यसरी धिमलो धिमलो इन्सुिलन िसिरंजमा भिरनेछ।,42,37,0
SENT_0000774,DIAB_008,Mixing Two Insulins,diabetes_medicines,77,1,ne,"• िसिरंजमा धिमलो इन्सुिलनको चािहएभन्दा बढ्ता युिनट आयो भने, इन्सुिलनलाई इन्सुिलनलाई शीशीिभतर् नघचेट्नुहोस् शीशीिभतर् नघचेट्नुहोस्।",130,114,0
SENT_0000775,DIAB_008,Mixing Two Insulins,diabetes_medicines,77,2,ne,िसिरंजलाई हटाउनुहोस् र तपाईँको सुई िनपटान बक्समा फ्याँक्नुहोस्।,63,56,0
SENT_0000776,DIAB_008,Mixing Two Insulins,diabetes_medicines,77,3,ne,नयाँ िसिरंज िलनुहोस् र फेिर पर्िकर्या सुरु गनुर्होस्।,53,46,0
SENT_0000777,DIAB_008,Mixing Two Insulins,diabetes_medicines,78,1,unknown,19.,3,0,0
SENT_0000778,DIAB_008,Mixing Two Insulins,diabetes_medicines,78,2,ne,सुईलाई धिमलो धिमलो इन्सुिलनको शीशीबाट बािहर थु᳀ुहोस्।,53,46,0
SENT_0000779,DIAB_008,Mixing Two Insulins,diabetes_medicines,79,1,ne,इन्सुिलन िलने तिरका 1.,22,17,0
SENT_0000780,DIAB_008,Mixing Two Insulins,diabetes_medicines,79,2,ne,सुई हाल्ने ठाउँलाई अल्कोहल प्याडले सफ्फा गनुर्होस्।,51,45,0
SENT_0000781,DIAB_008,Mixing Two Insulins,diabetes_medicines,79,3,ne,अल्कोहललाई सुक्न िदनुहोस्।,26,24,0
SENT_0000782,DIAB_008,Mixing Two Insulins,diabetes_medicines,79,4,ne,तपाईँले भखर्रै नुहाउनुभएको हो भने सुई हाल्ने ठाउँलाई सफ्फा गनुर् पनᱷ आवश्यकता छैन।,82,69,0
SENT_0000783,DIAB_008,Mixing Two Insulins,diabetes_medicines,80,1,ne,सुई हाल्ने ठाउँको छालालाई एउटा हातले च्यापेर तानी राख्नुहोस्।,61,53,0
SENT_0000784,DIAB_008,Mixing Two Insulins,diabetes_medicines,81,1,ne,िसिरंजलाई डाटर् वा पेिन्सल समाते सरह समा᳀ुहोस् जसरी िचतर्मा देखाइएको छ।,71,60,0
SENT_0000785,DIAB_008,Mixing Two Insulins,diabetes_medicines,82,1,en,Put the needle straight into the skin at a 90 degree angle.,59,0,45
SENT_0000786,DIAB_008,Mixing Two Insulins,diabetes_medicines,82,2,en,Use a quick motion.,19,0,15
SENT_0000787,DIAB_008,Mixing Two Insulins,diabetes_medicines,83,1,en,"The quicker you put the needle in, the less it hurts.",53,0,41
SENT_0000788,DIAB_008,Mixing Two Insulins,diabetes_medicines,84,1,en,Push the needle all the way into the skin.,42,0,33
SENT_0000789,DIAB_008,Mixing Two Insulins,diabetes_medicines,85,1,en,Let go of the pinch of skin unless you are told not to.,55,0,42
SENT_0000790,DIAB_008,Mixing Two Insulins,diabetes_medicines,86,1,en,Push the plunger all the way down until all the insulin is in.,62,0,49
SENT_0000791,DIAB_008,Mixing Two Insulins,diabetes_medicines,86,2,en,Wait 5 seconds.,15,0,11
SENT_0000792,DIAB_008,Mixing Two Insulins,diabetes_medicines,87,1,en,Remove the needle.,18,0,15
SENT_0000793,DIAB_008,Mixing Two Insulins,diabetes_medicines,87,2,en,Put your ﬁ nger over the site and apply pressure for 30 to 60 seconds.,70,0,50
SENT_0000794,DIAB_008,Mixing Two Insulins,diabetes_medicines,88,1,en,"Check the site for any redness, bleeding or bruising.",53,0,43
SENT_0000795,DIAB_008,Mixing Two Insulins,diabetes_medicines,88,2,en,Put a band-aid on the site if there is bleeding.,48,0,37
SENT_0000796,DIAB_008,Mixing Two Insulins,diabetes_medicines,89,1,en,Clean Up the Supplies 1.,24,0,18
SENT_0000797,DIAB_008,Mixing Two Insulins,diabetes_medicines,89,2,en,Put the used syringe and needle into a needle disposal box.,59,0,48
SENT_0000798,DIAB_008,Mixing Two Insulins,diabetes_medicines,89,3,en,You can use a heavy puncture-resistant plastic container with a lid.,68,0,56
SENT_0000799,DIAB_008,Mixing Two Insulins,diabetes_medicines,89,4,en,Do not recap the needle.,24,0,19
SENT_0000800,DIAB_008,Mixing Two Insulins,diabetes_medicines,89,5,en,Throw away all other supplies in the trash.,43,0,35
SENT_0000801,DIAB_008,Mixing Two Insulins,diabetes_medicines,90,1,ne,90 िडगर्ीको कोणमा सुईलाई सोझै छालािभतर् हाल्नुहोस्।,51,43,0
SENT_0000802,DIAB_008,Mixing Two Insulins,diabetes_medicines,90,2,ne,यो काम तीवर् गितमा गनुर्होस्।,29,25,0
SENT_0000803,DIAB_008,Mixing Two Insulins,diabetes_medicines,90,3,ne,"जित चाँडो तपाईँले सुई घुसाउनुहुन्छ, त्यित नै कम दुख्छ।",54,45,0
SENT_0000804,DIAB_008,Mixing Two Insulins,diabetes_medicines,90,4,ne,सुईलाई छालामा पुरै घुसाउनुहोस्।,31,28,0
SENT_0000805,DIAB_008,Mixing Two Insulins,diabetes_medicines,91,1,ne,च्यापेर राखेको छालालाई छोड्नुहोस् यिद तपाईँलाई त्यसो नगनर् भिनएको छैन भने।,74,64,0
SENT_0000806,DIAB_008,Mixing Two Insulins,diabetes_medicines,92,1,ne,प्लन्जरलाई तलसम्म त्यितबेलासम्म घचेट्नुहोस् जिहलेसम्म इन्सुिलन पुरै िभतर् पस्दैन।,81,73,0
SENT_0000807,DIAB_008,Mixing Two Insulins,diabetes_medicines,92,2,ne,5 सेकेन्ड पखर्नुहोस्।,21,18,0
SENT_0000808,DIAB_008,Mixing Two Insulins,diabetes_medicines,93,1,ne,सुई िनकाल्नुहोस्।,17,16,0
SENT_0000809,DIAB_008,Mixing Two Insulins,diabetes_medicines,93,2,ne,सुई घोपेको ठाउँमा Ბली राख्नुहोस् र 30 देखइ 60 सेकेन्डसम्म दबाव हािल राख्नुहोस्।,79,62,0
SENT_0000810,DIAB_008,Mixing Two Insulins,diabetes_medicines,94,1,ne,"सुई हालेको ठाउँमा कुनै रातोपना, रगत बगेको वा खोिसर्एको त छैन भनी जाँच गनुर्होस्।",80,66,0
SENT_0000811,DIAB_008,Mixing Two Insulins,diabetes_medicines,94,2,ne,रगत बिगरहेको छ भने त्यो ठाउँमा ब्यान्ड-एड लगाउनुहोस्।,53,45,0
SENT_0000812,DIAB_008,Mixing Two Insulins,diabetes_medicines,95,1,ne,सामानहरू सफ्फा गनुर्होस् 1.,27,22,0
SENT_0000813,DIAB_008,Mixing Two Insulins,diabetes_medicines,95,2,ne,िसिरन्ज र सुईलाई िनपटान बक्समा फ्याँक्नुहोस्।,45,40,0
SENT_0000814,DIAB_008,Mixing Two Insulins,diabetes_medicines,95,3,ne,यसका लािग तपाईँले िनकै बाक्लो छेँड नपनᱷ ढक्कनी भएको फोहोर फ्याँक्ने ढ्वाङ्गमा फ्याँक्नुहोस्।,92,79,0
SENT_0000815,DIAB_008,Mixing Two Insulins,diabetes_medicines,96,1,en,"© 2005 - January 11, 2017, Health Information Translations.",59,0,36
SENT_0000816,DIAB_008,Mixing Two Insulins,diabetes_medicines,97,1,en,a result of your stopping medical treatment or your failure to obtain treatment.,80,0,67
SENT_0000817,DIAB_008,Mixing Two Insulins,diabetes_medicines,98,1,en,Be sure to store new and used syringes and needles out of the reach of children and pets.,89,0,71
SENT_0000818,DIAB_008,Mixing Two Insulins,diabetes_medicines,99,1,en,Wash your hands again.,22,0,18
SENT_0000819,DIAB_008,Mixing Two Insulins,diabetes_medicines,100,1,en,Talk to your doctor or nurse if you have any questions or concerns.,67,0,54
SENT_0000820,DIAB_008,Mixing Two Insulins,diabetes_medicines,101,1,ne,नयाँ र पर्योग गिरसिकएका िसिरंज र सुईहरूलाई बच्चाहरू र पाल्तु जनावरहरूको पहुँचबाट बािहर राख्ने कुरा सुिनि᳟त गनुर्होस्।,117,100,0
SENT_0000821,DIAB_008,Mixing Two Insulins,diabetes_medicines,102,1,ne,आफ्नो हात फेिर धुनुहोस्।,24,21,0
SENT_0000822,DIAB_008,Mixing Two Insulins,diabetes_medicines,103,1,ne,तपाईँका कुनै पर᳤्हरू वा िचन्ताहरू छन् भने आफ्ना डक्टर वा नसर्िसत कुरा गनुर्होस्।,80,67,0
SENT_0000823,DIAB_009,Diabetes and Eye Problems,diabetic_eye_problems,1,1,en,"If you have diabetes, you need to take care of your eyes because over time high blood sugar can damage your eyes.",113,0,90
SENT_0000824,DIAB_009,Diabetes and Eye Problems,diabetic_eye_problems,1,2,en,Many people with type 2 diabetes have high blood sugar for months or years before they are tested and found to have diabetes.,125,0,101
SENT_0000825,DIAB_009,Diabetes and Eye Problems,diabetic_eye_problems,1,3,en,Others get tested for diabetes because they have vision changes.,64,0,54
SENT_0000826,DIAB_009,Diabetes and Eye Problems,diabetic_eye_problems,2,1,en,"Visit your eye doctor for a dilated eye exam each year, even if you have no eye problems.",89,0,70
SENT_0000827,DIAB_009,Diabetes and Eye Problems,diabetic_eye_problems,2,2,en,"Your eye doctor can ﬁ nd problems early, before you have any signs.",67,0,52
SENT_0000828,DIAB_009,Diabetes and Eye Problems,diabetic_eye_problems,2,3,en,Early treatment may prevent more serious eye problems.,54,0,46
SENT_0000829,DIAB_009,Diabetes and Eye Problems,diabetic_eye_problems,4,1,en,"• Retinopathy: When the blood vessels in the back of the eye, called the retina, become damaged.",96,0,75
SENT_0000830,DIAB_009,Diabetes and Eye Problems,diabetic_eye_problems,5,1,en,• Cataracts: When a ﬁ lm of skin grows over the lens in the eye.,64,0,46
SENT_0000831,DIAB_009,Diabetes and Eye Problems,diabetic_eye_problems,7,1,ne,मधुमेह र आँखाका समस्याहरू तपाईँलाई मधुमेह छ भने तपाईँले आफ्ना आँखाको ध्यान राख्नु पनᱷ हुन्छ िकनिक समयका साथै रगतमा चीनीको रोगले तपाईँका आँखालाई नोक्सानी पुऱ्याउन सक्छ।,167,141,0
SENT_0000832,DIAB_009,Diabetes and Eye Problems,diabetic_eye_problems,7,2,ne,टाइप 2 मधुमेहका रोगीहरूमा जाँच गरेर मधुमेह रहेको पᱫो लाग्नुभन्दा मिहनौँ वा वषᲆँदेिख रगतमा चीनीको रोग रहेको हुन्छ।,113,93,0
SENT_0000833,DIAB_009,Diabetes and Eye Problems,diabetic_eye_problems,7,3,ne,अन्यहरूलाई चािहँ उनीहरूको दृि᳥मा पिरवतर्नको जाँच गदार् मधुमेह भएको चाल पाइन्छ।,78,67,0
SENT_0000834,DIAB_009,Diabetes and Eye Problems,diabetic_eye_problems,8,1,ne,तपाईँलाई आँखाका समस्या छैनन् भने पिन हरेक वषर् िवस्तािरत आँखा जाँचका लािग आफ्नो डक्टरलाई भेट्नुहोस्।,100,86,0
SENT_0000835,DIAB_009,Diabetes and Eye Problems,diabetic_eye_problems,8,2,ne,तपाईँलाई कुनै लक्षण देिखनुभन्दा पिहले नै आँखाका डक्टरले समस्याको चाँडो पᱫो लगाउन सक्ने छन्।,91,77,0
SENT_0000836,DIAB_009,Diabetes and Eye Problems,diabetic_eye_problems,8,3,ne,चाँडो उपचार गिरँदा आँखालाई हुन सक्ने बढी गम्भीर समस्याहरूलाई रोक्न सिकन्छ।,74,64,0
SENT_0000837,DIAB_009,Diabetes and Eye Problems,diabetic_eye_problems,11,1,mixed,• रेिटनोप्याथी (Retinopathy):,29,12,11
SENT_0000838,DIAB_009,Diabetes and Eye Problems,diabetic_eye_problems,12,1,ne,रेिटनोप्याथी (Retinopathy): आँखाको पछािडपिᲵ दृि᳥ पटल अथार्त् रेिटना भिनने रक्त नलीहरू क्षितगर्स्त भएको िस्थित।,110,81,11
SENT_0000839,DIAB_009,Diabetes and Eye Problems,diabetic_eye_problems,14,1,mixed,• मोितयािबन्दु (Cataracts):,27,12,9
SENT_0000840,DIAB_009,Diabetes and Eye Problems,diabetic_eye_problems,15,1,ne,मोितयािबन्दु (Cataracts): आँखाको लेन्समा छालाको पातलो तह जमेको िस्थित।,70,50,9
SENT_0000841,DIAB_009,Diabetes and Eye Problems,diabetic_eye_problems,16,1,en,• Glaucoma: When the pressure inside the eye gets too high and damages the optic nerve.,87,0,69
SENT_0000842,DIAB_009,Diabetes and Eye Problems,diabetic_eye_problems,17,1,en,"Signs of Eye Problems Damage can occur to your eyes, but it may not cause vision changes for some time.",103,0,82
SENT_0000843,DIAB_009,Diabetes and Eye Problems,diabetic_eye_problems,17,2,en,"If you have any of these signs, call your doctor to schedule an eye exam:",73,0,57
SENT_0000844,DIAB_009,Diabetes and Eye Problems,diabetic_eye_problems,18,1,en,• Loss of side (peripheral) vision,34,0,26
SENT_0000845,DIAB_009,Diabetes and Eye Problems,diabetic_eye_problems,19,1,en,• Loss of central vision,24,0,19
SENT_0000846,DIAB_009,Diabetes and Eye Problems,diabetic_eye_problems,20,1,en,• Blurry vision,15,0,12
SENT_0000847,DIAB_009,Diabetes and Eye Problems,diabetic_eye_problems,21,1,en,• Seeing spots or “ﬂ oaters”,28,0,19
SENT_0000848,DIAB_009,Diabetes and Eye Problems,diabetic_eye_problems,22,1,en,• Eye pain or discomfort,24,0,19
SENT_0000849,DIAB_009,Diabetes and Eye Problems,diabetic_eye_problems,23,1,en,• Hard to see at night or dim vision,36,0,27
SENT_0000850,DIAB_009,Diabetes and Eye Problems,diabetic_eye_problems,24,1,en,• Double vision,15,0,12
SENT_0000851,DIAB_009,Diabetes and Eye Problems,diabetic_eye_problems,25,1,en,• Problems with glare or light Why does diabetes cause eye problems?,68,0,55
SENT_0000852,DIAB_009,Diabetes and Eye Problems,diabetic_eye_problems,26,1,en,"High blood sugar over time with diabetes can cause damage to blood vessels, including the small blood vessels in your eyes.",123,0,101
SENT_0000853,DIAB_009,Diabetes and Eye Problems,diabetic_eye_problems,26,2,en,"If you also have high blood pressure, this can further damage the blood vessels.",80,0,65
SENT_0000854,DIAB_009,Diabetes and Eye Problems,diabetic_eye_problems,27,1,en,Keep your blood sugar and blood pressure as close to normal as you can to prevent eye problems.,95,0,77
SENT_0000855,DIAB_009,Diabetes and Eye Problems,diabetic_eye_problems,27,2,en,See your doctor to have your eyes checked each year so problems can be found early and treated.,95,0,77
SENT_0000856,DIAB_009,Diabetes and Eye Problems,diabetic_eye_problems,29,1,mixed,• ग्लूकोमा (Glaucoma):,22,8,8
SENT_0000857,DIAB_009,Diabetes and Eye Problems,diabetic_eye_problems,30,1,ne,ग्लूकोमा (Glaucoma): आँखामा अत्यिधक चापले गदार् ओिप्टक तिन्तर्का क्षितगर्स्त भएको िस्थित।,89,68,8
SENT_0000858,DIAB_009,Diabetes and Eye Problems,diabetic_eye_problems,31,1,ne,आँखाको समस्याका लक्षण तपाईँका आँखालाई नोक्सानी भएको हुन सक्छ तर केही समयसम्म यसबाट दृि᳥मा पिरवतर्न नहुनु सक्छ।,110,93,0
SENT_0000859,DIAB_009,Diabetes and Eye Problems,diabetic_eye_problems,31,2,ne,यिद तपाईँलाई िन᳜ मध्ये कुनैपिन लक्षण देिखन्छ भने आँखाको जाँचका लािग आफ्ना डक्टरिसत सम्पकर् गनुर्होस्:,101,85,0
SENT_0000860,DIAB_009,Diabetes and Eye Problems,diabetic_eye_problems,32,1,ne,• आँखा दुख्नु वा असिजलो हुनु,28,22,0
SENT_0000861,DIAB_009,Diabetes and Eye Problems,diabetic_eye_problems,34,1,ne,• राित वा किम्त उज्यालोमा हेनर् गाहर्ो हुनु,43,35,0
SENT_0000862,DIAB_009,Diabetes and Eye Problems,diabetic_eye_problems,35,1,ne,• चिम्कलो चीज वा पर्काशबाट समस्या हुनु,38,31,0
SENT_0000863,DIAB_009,Diabetes and Eye Problems,diabetic_eye_problems,36,1,ne,मधुमेहले िकन आँखाका समस्या उत्प᳖ गछर्?,38,31,0
SENT_0000864,DIAB_009,Diabetes and Eye Problems,diabetic_eye_problems,37,1,ne,मधुमेहमा धेरै समयसम्म रगतमा उच्च चीनीको िस्थितले तपाईँका आँखाका मिसना रक्त नलीहरू समेत रक्त नलीहरूलाई नोक्सानी पुऱ्याउन सक्छ।,125,108,0
SENT_0000865,DIAB_009,Diabetes and Eye Problems,diabetic_eye_problems,37,2,ne,तपाईँलाई उच्च रक्तचाप पिन छ भने यसले तपाईँका रक्त नलीहरूलाई अझ नोक्सानी पुऱ्याउन सक्छ।,86,73,0
SENT_0000866,DIAB_009,Diabetes and Eye Problems,diabetic_eye_problems,38,1,ne,आँखाका समस्याहरूलाई रोक्न आफ्नो रगतमा चीनीको स्तर र रक्तचापलाई तपाईँले यथासक्य सामान्य राख्नुहोस्।,98,86,0
SENT_0000867,DIAB_009,Diabetes and Eye Problems,diabetic_eye_problems,38,2,ne,हरेक वषर् डक्टरबाट आफ्ना आँखाको जाँच गराउनुहोस् जसबाट कुनै समस्या छ भने पᱫो लगाएर उपचार गनर् सिकयोस्।,101,84,0
SENT_0000868,DIAB_009,Diabetes and Eye Problems,diabetic_eye_problems,39,1,en,Testing Have an eye exam every year.,36,0,29
SENT_0000869,DIAB_009,Diabetes and Eye Problems,diabetic_eye_problems,39,2,en,Visit the eye doctor more often if you already have signs of eye problems.,74,0,60
SENT_0000870,DIAB_009,Diabetes and Eye Problems,diabetic_eye_problems,39,3,en,Treatment will depend on your needs.,36,0,30
SENT_0000871,DIAB_009,Diabetes and Eye Problems,diabetic_eye_problems,39,4,en,These tests may be done to check your eyes:,43,0,34
SENT_0000872,DIAB_009,Diabetes and Eye Problems,diabetic_eye_problems,40,1,en,• Vision test: Your ability to read close up or at a distance is checked.,73,0,56
SENT_0000873,DIAB_009,Diabetes and Eye Problems,diabetic_eye_problems,40,2,en,"Your light sensitivity and side vision, also called peripheral vision, may be checked.",86,0,71
SENT_0000874,DIAB_009,Diabetes and Eye Problems,diabetic_eye_problems,41,1,en,• Dilated eye test: A small amount of medicine is dropped into your eyes so your doctor can look at the back of your eyes.,122,0,95
SENT_0000875,DIAB_009,Diabetes and Eye Problems,diabetic_eye_problems,42,1,en,• Eye pressure test: Medicine is used to numb the eyes and then the pressure in your eyes is checked.,101,0,79
SENT_0000876,DIAB_009,Diabetes and Eye Problems,diabetic_eye_problems,43,1,en,• Retinal test: Pictures are taken of the inside of the eye to check the blood vessels of the retina and optic nerve.,117,0,92
SENT_0000877,DIAB_009,Diabetes and Eye Problems,diabetic_eye_problems,44,1,en,"Treatment Treatment depends on the eye problem, but it could include eye drops, laser treatment or surgery.",107,0,88
SENT_0000878,DIAB_009,Diabetes and Eye Problems,diabetic_eye_problems,45,1,en,Managing Your Diabetes Manage your diabetes to prevent eye and other health problems.,85,0,72
SENT_0000879,DIAB_009,Diabetes and Eye Problems,diabetic_eye_problems,45,2,en,"Work with your doctor, nurse and dietitian to learn more about living well with diabetes.",89,0,73
SENT_0000880,DIAB_009,Diabetes and Eye Problems,diabetic_eye_problems,46,1,en,• Follow your meal plan and talk with a dietitian.,50,0,39
SENT_0000881,DIAB_009,Diabetes and Eye Problems,diabetic_eye_problems,47,1,en,"• Learn how to check and record your blood sugar levels, also called glucose levels.",84,0,67
SENT_0000882,DIAB_009,Diabetes and Eye Problems,diabetic_eye_problems,47,2,en,Know the signs for high and low blood sugar levels.,51,0,41
SENT_0000883,DIAB_009,Diabetes and Eye Problems,diabetic_eye_problems,48,1,en,• Exercise for at least 30 minutes most days of the week.,57,0,42
SENT_0000884,DIAB_009,Diabetes and Eye Problems,diabetic_eye_problems,49,1,en,"• Take insulin or other diabetes medicines as directed by your doctor, nurse or diabetes educator.",98,0,80
SENT_0000885,DIAB_009,Diabetes and Eye Problems,diabetic_eye_problems,50,1,ne,जाँच हरेक वषर् आँखाको जाँच गराउनुहोस्।,38,33,0
SENT_0000886,DIAB_009,Diabetes and Eye Problems,diabetic_eye_problems,51,1,ne,हरेक वषर् आँखाको जाँच गराउनुहोस्।,33,29,0
SENT_0000887,DIAB_009,Diabetes and Eye Problems,diabetic_eye_problems,51,2,ne,तपाईँलाई तपाईँलाई आँखाको समस्याका लक्षण छन् भने डक्टरबाट जाँच गराइरहनुहोस्।,75,66,0
SENT_0000888,DIAB_009,Diabetes and Eye Problems,diabetic_eye_problems,51,3,ne,तपाईँको आवश्यकताअनुसार उपचार गिरनेछ।,36,33,0
SENT_0000889,DIAB_009,Diabetes and Eye Problems,diabetic_eye_problems,51,4,ne,तपाईँका आँखाको जाँचका लािग िन᳜ जाँचहरू गिरनेछन्:,48,40,0
SENT_0000890,DIAB_009,Diabetes and Eye Problems,diabetic_eye_problems,53,1,ne,• िभजन जाँच: निजक वा टाढाको पढ्न सक्ने तपाईँको क्षमताको जाँच गिरनेछ।,68,55,0
SENT_0000891,DIAB_009,Diabetes and Eye Problems,diabetic_eye_problems,53,2,ne,"उज्यालोपर्ित तपाईँको सम्बेदनशीलता र साइड िभजनको, जसलाई पेिरफेरल िभजन पिन भिनन्छ, जाँच गिरन सक्छ।",96,81,0
SENT_0000892,DIAB_009,Diabetes and Eye Problems,diabetic_eye_problems,55,1,ne,• िवस्तािरत आँखा जाँच: तपाईँका आँखामा थोरै मातर्ामा औषधी हािलनेछ जसबाट डक्टरले तपाईँका आँखाका पछािडपᲵी हेनर् सकुन्।,115,96,0
SENT_0000893,DIAB_009,Diabetes and Eye Problems,diabetic_eye_problems,57,1,ne,• आँखामा चापको जाँच: आँखालाई बोधो वा केही अनुभव नहुने पानर्का लािग औषधीको पर्योग गिरनेछ अिन तपाईँको आँखामा चापको जाँच गिरनेछ।,125,103,0
SENT_0000894,DIAB_009,Diabetes and Eye Problems,diabetic_eye_problems,59,1,ne,• रेिटनल जाँच: रेिटना र ओिप्टक नसाका रक्त नलीहरूको जाँच गनर्का लािग आँखा िभतर्का नक्साहरू िखिचने छन्।,101,83,0
SENT_0000895,DIAB_009,Diabetes and Eye Problems,diabetic_eye_problems,60,1,ne,"उपचार आँखाको समस्यामािथ उपचार िनभर्र गदर्छ, तर यसमा आँखामा हाल्ने झोल औषधी, लेजर उपचार वा शल्यिकर्या सामेल हुन सक्छन्।",118,98,0
SENT_0000896,DIAB_009,Diabetes and Eye Problems,diabetic_eye_problems,61,1,ne,तपाईँको मधुमेहलाई कसरी िनयिन्तर्त राख्ने आँखा र अन्य स्वास्थ्य समस्याहरूलाई रोक्न आफ्नो मधुमेहमािथ िनयन्तर्ण राख्नुहोस्।,120,106,0
SENT_0000897,DIAB_009,Diabetes and Eye Problems,diabetic_eye_problems,61,2,ne,"मधुमेहका साथ िजउनेबारे थप जानकारीका लािग आफ्ना डक्टर, नसर् र आहार िवशेषज्ञिसत िमलेर काम गनुर्होस्।",98,83,0
SENT_0000898,DIAB_009,Diabetes and Eye Problems,diabetic_eye_problems,63,1,ne,• आफ्नो आहार योजनाको पालना गनुर्होस् र आहार िवशेषज्ञिसत कुरा गनुर्होस्।,71,60,0
SENT_0000899,DIAB_009,Diabetes and Eye Problems,diabetic_eye_problems,65,1,ne,"• आफ्नो रगतमा चीनीको स्तरको, जसलाई ग्लुकोज स्तर पिन भिनन्छ, जाँच र रेकडर् कसरी राख्ने भ᳖े िसक्नुहोस्।",101,81,0
SENT_0000900,DIAB_009,Diabetes and Eye Problems,diabetic_eye_problems,65,2,ne,रगतमा ऊच्च र न्यून चीनीको स्तरका लक्षणहरू बुझ्नुहोस्।,53,46,0
SENT_0000901,DIAB_009,Diabetes and Eye Problems,diabetic_eye_problems,67,1,ne,• साताका अिधकांश िदनहरूमा किम्तमा पिन 30 िमनेट ᳞ायाम गनुर्होस्।,63,50,0
SENT_0000902,DIAB_009,Diabetes and Eye Problems,diabetic_eye_problems,69,1,ne,"• तपाईँका डक्टर, नसर् वा मधुमेह सम्बन्धी पर्िशक्षकको िनदᱷशनअनुसार इन्सुिलन वा मधुमेहका अन्य औषिधहरू खानुहोस्।",109,92,0
SENT_0000903,DIAB_009,Diabetes and Eye Problems,diabetic_eye_problems,70,1,en,"© 2012 - November 7, 2016, Health Information Translations.",59,0,37
SENT_0000904,DIAB_009,Diabetes and Eye Problems,diabetic_eye_problems,71,1,en,a result of your stopping medical treatment or your failure to obtain treatment.,80,0,67
SENT_0000905,DIAB_009,Diabetes and Eye Problems,diabetic_eye_problems,72,1,en,• Have plans in place if your blood sugar levels drop too low.,62,0,48
SENT_0000906,DIAB_009,Diabetes and Eye Problems,diabetic_eye_problems,72,2,en,Be sure you have family members or others around you who know how to help you if you are not able to help yourself.,115,0,91
SENT_0000907,DIAB_009,Diabetes and Eye Problems,diabetic_eye_problems,73,1,en,"• Avoid tobacco and alcohol, manage stress and get enough sleep.",64,0,51
SENT_0000908,DIAB_009,Diabetes and Eye Problems,diabetic_eye_problems,74,1,en,• Check your blood pressure every few months.,45,0,36
SENT_0000909,DIAB_009,Diabetes and Eye Problems,diabetic_eye_problems,74,2,en,"If you have high blood pressure, also called hypertension, take your blood pressure medicine as ordered by your doctor.",119,0,98
SENT_0000910,DIAB_009,Diabetes and Eye Problems,diabetic_eye_problems,74,3,en,"You may also want to check your blood pressure with a home blood pressure monitor, so you know if your medicine is keeping your blood pressure controlled.",154,0,126
SENT_0000911,DIAB_009,Diabetes and Eye Problems,diabetic_eye_problems,75,1,en,"Talk to your doctor, nurse or diabetes educator if you have any questions or concerns.",86,0,70
SENT_0000912,DIAB_009,Diabetes and Eye Problems,diabetic_eye_problems,77,1,ne,• तपाईँको रगतमा चीनीको स्तर अत्यिधक न्यून स्तरमा झरेको िस्थितमा के गनᱷ भ᳖े योजना तयार राख्नुहोस्।,97,79,0
SENT_0000913,DIAB_009,Diabetes and Eye Problems,diabetic_eye_problems,77,2,ne,तपाईँले आफ्नो म᳎त आफै गनर् नसक्ने िस्थितमा तपाईँलाई कसरी म᳎त गनर् सिकन्छ भ᳖े जानकारी भएका पिरवारका सदस्यहरू वा अन्यहरू तपाईँको निजकै होउन् भ᳖े सुिनि᳟त गनुर्होस्।,161,132,0
SENT_0000914,DIAB_009,Diabetes and Eye Problems,diabetic_eye_problems,79,1,ne,"• तमाखु र म᳒पान नगनुर्होस्, तनावमािथ िनयन्तर्ण गनुर्होस् र पयार्᳙ िनदाउनुहोस्।",78,64,0
SENT_0000915,DIAB_009,Diabetes and Eye Problems,diabetic_eye_problems,81,1,ne,• हरेक केही मिहनामा आफ्नो रक्तचाप जाँच गनुर्होस्।,49,41,0
SENT_0000916,DIAB_009,Diabetes and Eye Problems,diabetic_eye_problems,82,1,ne,हरेक केही मिहनामा आफ्नो रक्तचाप जाँच गनुर्होस्।,47,41,0
SENT_0000917,DIAB_009,Diabetes and Eye Problems,diabetic_eye_problems,83,1,ne,"तपाईँलाई ऊच्च रक्तचाप छ भने, जसलाई हाइपरटेन्शन पिन भिनन्छ, तपाईँका डक्टरले िदएको िनदᱷशनअनुसार रक्तचापको औषिध खानुहोस्।",118,100,0
SENT_0000918,DIAB_009,Diabetes and Eye Problems,diabetic_eye_problems,83,2,ne,तपाईँले घरमा नै रक्तचाप ना᳘े यन्तर्ले आफ्नो रक्तचाप जाँच्न सक्नुहुन्छ जसबाट तपाईँलाई थाहा लाग्नेछ िक तपाईँको औषिधले तपाईँको रक्तचापलाई िनयिन्तर्त रािखरहेको छ वा छैन।,165,141,0
SENT_0000919,DIAB_009,Diabetes and Eye Problems,diabetic_eye_problems,84,1,ne,"तपाईँका कुनै पर᳤् वा िचन्ताहरू छन् भने आफ्नो डक्टर, नसर् वा मधुमेह पर्िशक्षकिसत कुरा गनुर्होस्।",95,79,0
SENT_0000920,DIAB_010,Diabetic Retinopathy,diabetic_eye_problems,1,1,en,"back of the eye, called the retina.",35,0,27
SENT_0000921,DIAB_010,Diabetic Retinopathy,diabetic_eye_problems,1,2,en,All people with diabetes are at risk for this problem.,54,0,44
SENT_0000922,DIAB_010,Diabetic Retinopathy,diabetic_eye_problems,1,3,en,There are things you can do to reduce your risk and prevent or slow vision loss.,80,0,64
SENT_0000923,DIAB_010,Diabetic Retinopathy,diabetic_eye_problems,2,1,en,Diabetic retinopathy can affect both eyes.,42,0,36
SENT_0000924,DIAB_010,Diabetic Retinopathy,diabetic_eye_problems,3,1,en,You may not have any signs at first.,36,0,28
SENT_0000925,DIAB_010,Diabetic Retinopathy,diabetic_eye_problems,3,2,en,"As it worsens, blood vessels weaken and leak blood and fluid.",61,0,49
SENT_0000926,DIAB_010,Diabetic Retinopathy,diabetic_eye_problems,3,3,en,As new blood vessels grow they also leak blood and fluid.,57,0,46
SENT_0000927,DIAB_010,Diabetic Retinopathy,diabetic_eye_problems,3,4,en,This causes blocks in your vision.,34,0,28
SENT_0000928,DIAB_010,Diabetic Retinopathy,diabetic_eye_problems,5,1,en,• Floating spots in your vision,31,0,25
SENT_0000929,DIAB_010,Diabetic Retinopathy,diabetic_eye_problems,6,1,en,• Blurred vision,16,0,13
SENT_0000930,DIAB_010,Diabetic Retinopathy,diabetic_eye_problems,7,1,en,• Blocked or hazy vision,24,0,19
SENT_0000931,DIAB_010,Diabetic Retinopathy,diabetic_eye_problems,8,1,ne,मधुमेहसम्बन्धी रेटिनोपेथीी आँखाको एक विकार हो जसले अनधोपन ल्ाउन सक्छ।,69,60,0
SENT_0000932,DIAB_010,Diabetic Retinopathy,diabetic_eye_problems,8,2,ne,यो त्यतिबबेला हुन्छ जबब उच्च रक्त कम गर्नका लागि तपाईँले गर्न सक्ुहुने र दृष्टिहीीनतालाई रोक्े वा विस्तारो पार्ने उपायहरू छछ न्।,128,108,0
SENT_0000933,DIAB_010,Diabetic Retinopathy,diabetic_eye_problems,9,1,ne,मधुमेहसम्बन्धी रेटिनोपेथीीले दुवै आँखा प्रभावित हुन सक्छन्।,59,53,0
SENT_0000934,DIAB_010,Diabetic Retinopathy,diabetic_eye_problems,9,2,ne,सुरुमा तपाईँलाई कुनै लक्षण देखिने छछैन।,39,34,0
SENT_0000935,DIAB_010,Diabetic Retinopathy,diabetic_eye_problems,9,3,ne,यो बब ढ्दैजाँदा रक्त नलिकाहरू कमजोड हुँदै जान्छन् र रगत र द्रव्य चुहुन थाल्छन्।,79,66,0
SENT_0000936,DIAB_010,Diabetic Retinopathy,diabetic_eye_problems,9,4,ne,नयाँ रक्त नलिकाहरू विकसित हुँदा तिनीीहरूबबाट पनि रगत र द्रव्य चुहुन्छन्।,72,62,0
SENT_0000937,DIAB_010,Diabetic Retinopathy,diabetic_eye_problems,9,5,ne,यसबबाट तपाईँको दृष्टि बबाधित हुन्छ।,35,31,0
SENT_0000938,DIAB_010,Diabetic Retinopathy,diabetic_eye_problems,11,1,ne,• हेर्दा उडिरहेका फोकाहरू देखिनु,32,27,0
SENT_0000939,DIAB_010,Diabetic Retinopathy,diabetic_eye_problems,12,1,en,"© 2007 - January 5, 2017, Health Information Translations.",58,0,36
SENT_0000940,DIAB_010,Diabetic Retinopathy,diabetic_eye_problems,13,1,en,a result of your stopping medical treatment or your failure to obtain treatment.,80,0,67
SENT_0000941,DIAB_010,Diabetic Retinopathy,diabetic_eye_problems,14,1,en,Your care To help reduce your risk of vision loss:,50,0,40
SENT_0000942,DIAB_010,Diabetic Retinopathy,diabetic_eye_problems,15,1,en,• Keep your blood sugar levels well controlled.,47,0,38
SENT_0000943,DIAB_010,Diabetic Retinopathy,diabetic_eye_problems,15,2,en,This is one of the best ways to protect your vision.,52,0,41
SENT_0000944,DIAB_010,Diabetic Retinopathy,diabetic_eye_problems,15,3,en,"Work with your doctor, nurse and dietitian.",43,0,35
SENT_0000945,DIAB_010,Diabetic Retinopathy,diabetic_eye_problems,16,1,en,• Keep your blood pressure and blood cholesterol levels normal.,63,0,52
SENT_0000946,DIAB_010,Diabetic Retinopathy,diabetic_eye_problems,16,2,en,You may need to take medicine.,30,0,24
SENT_0000947,DIAB_010,Diabetic Retinopathy,diabetic_eye_problems,17,1,en,• Have an eye exam each year by an eye specialist that includes eye dilation.,77,0,61
SENT_0000948,DIAB_010,Diabetic Retinopathy,diabetic_eye_problems,18,1,en,An eye exam can detect early changes before you have any signs.,63,0,51
SENT_0000949,DIAB_010,Diabetic Retinopathy,diabetic_eye_problems,19,1,en,• Call your doctor if you have any changes in your vision.,58,0,45
SENT_0000950,DIAB_010,Diabetic Retinopathy,diabetic_eye_problems,20,1,en,"There is no cure for diabetic retinopathy, but laser treatment or surgery may be done to prevent or slow vision loss.",117,0,95
SENT_0000951,DIAB_010,Diabetic Retinopathy,diabetic_eye_problems,21,1,en,Talk to your doctor or nurse if you have any questions or concerns.,67,0,54
SENT_0000952,DIAB_010,Diabetic Retinopathy,diabetic_eye_problems,22,1,ne,तपाईँले ध्ान राख्ु पर्ने कुराहरू तपाईँलाई दृष्टिलोपको जोखिम घटाउनमा मद्दतका लागि:,81,70,0
SENT_0000953,DIAB_010,Diabetic Retinopathy,diabetic_eye_problems,23,1,ne,• तपाईँ शुगर स्तरलाई राम्ो नियन्त्रणमा राख्ुहोस्।,49,42,0
SENT_0000954,DIAB_010,Diabetic Retinopathy,diabetic_eye_problems,24,1,ne,यो तपाईँको दृष्टिको सुरक्षा गर्ने सर्वोत्तम उपायहरू मध्े एक हो।,63,54,0
SENT_0000955,DIAB_010,Diabetic Retinopathy,diabetic_eye_problems,24,2,ne,"आफना डक्टर, नर्स र आहार विशेषज्ञको सललाह लिनुहोस्।",50,42,0
SENT_0000956,DIAB_010,Diabetic Retinopathy,diabetic_eye_problems,25,1,ne,• तपाईँको रक्तचाप र रक्त कोलेस्ट्ोल स्तरलाई सामान्य राख्ुहोस्।,62,53,0
SENT_0000957,DIAB_010,Diabetic Retinopathy,diabetic_eye_problems,25,2,ne,तपाईँले औषधीी खानु पर्ने हुन सक्छ।,34,29,0
SENT_0000958,DIAB_010,Diabetic Retinopathy,diabetic_eye_problems,26,1,ne,• हरेक वर्ष आँखाका विशेषज्ञबबाट आँखाको जाँच गराउनुहोस् जसमा आँखाको डाइलेशन पनि सामेल हुन्छ।,91,77,0
SENT_0000959,DIAB_010,Diabetic Retinopathy,diabetic_eye_problems,26,2,ne,आँखाको जाँच गराउनाले कुनै लक्षण देखिनु अघिनै भइरहेका परिवर्तनहरूको पत्तो लाग्छ।,79,69,0
SENT_0000960,DIAB_010,Diabetic Retinopathy,diabetic_eye_problems,27,1,ne,• तपाईँको दृष्टिमा कुनै परिवर्तन भएको छछ भने आफना डक्टरलाई भेटनुहोस्।,69,58,0
SENT_0000961,DIAB_010,Diabetic Retinopathy,diabetic_eye_problems,28,1,ne,"मधुमेहसम्बन्धी रेटिनोपेथीीको कुनै उपचार छछैन, तर लेजर उपचार वा सर्जरीीद्ारा दृष्टिलोपलाई रोक्न वा विस्तारो पार्न सकिन्छ।",120,104,0
SENT_0000962,DIAB_010,Diabetic Retinopathy,diabetic_eye_problems,29,1,ne,तपाईँका कुनै प्रश्न वा चिन्ताहरू छछन् भने आफना डक्टर वा नर्सलाई सम्पर्क गर्नुहोस्।,82,70,0
SENT_0000963,DIAB_011,Diabetes and Kidney Problems,diabetic_kidney_problems,2,1,en,"The kidneys remove waste from the body, remove excess ﬂ uids, and keep important proteins in the body.",102,0,81
SENT_0000964,DIAB_011,Diabetes and Kidney Problems,diabetic_kidney_problems,3,1,en,"If diabetes is not well controlled, high blood sugar can harm the blood vessels and nerves in the kidneys.",106,0,86
SENT_0000965,DIAB_011,Diabetes and Kidney Problems,diabetic_kidney_problems,3,2,en,"This can cause kidney damage, which is also called nephropathy.",63,0,52
SENT_0000966,DIAB_011,Diabetes and Kidney Problems,diabetic_kidney_problems,4,1,en,"Without treatment, this can lead to kidney failure.",51,0,42
SENT_0000967,DIAB_011,Diabetes and Kidney Problems,diabetic_kidney_problems,5,1,en,"Signs of Nephropathy You will not have signs in the early stages, which is why you need to get regular checks for kidney problems from your doctor.",147,0,119
SENT_0000968,DIAB_011,Diabetes and Kidney Problems,diabetic_kidney_problems,5,2,en,"If not controlled, and the condition gets worse, you may have one or more of these signs:",89,0,70
SENT_0000969,DIAB_011,Diabetes and Kidney Problems,diabetic_kidney_problems,6,1,en,• Feeling tired,15,0,12
SENT_0000970,DIAB_011,Diabetes and Kidney Problems,diabetic_kidney_problems,7,1,en,• Unusual weight gain from ﬂ uid build up in the body,53,0,40
SENT_0000971,DIAB_011,Diabetes and Kidney Problems,diabetic_kidney_problems,8,1,en,• Foamy urine from protein in urine,35,0,28
SENT_0000972,DIAB_011,Diabetes and Kidney Problems,diabetic_kidney_problems,9,1,en,"• Nausea, vomiting or poor appetite",35,0,28
SENT_0000973,DIAB_011,Diabetes and Kidney Problems,diabetic_kidney_problems,10,1,en,"• Swelling, numbness or tingling in the legs, ankles or feet",60,0,47
SENT_0000974,DIAB_011,Diabetes and Kidney Problems,diabetic_kidney_problems,11,1,en,• High blood pressure called hypertension,41,0,35
SENT_0000975,DIAB_011,Diabetes and Kidney Problems,diabetic_kidney_problems,12,1,en,• Feeling itchy (from imbalance of phosphorous in the body),59,0,47
SENT_0000976,DIAB_011,Diabetes and Kidney Problems,diabetic_kidney_problems,13,1,en,"• Hiccups Testing Each year, have your urine checked for protein as part of a physical exam.",92,0,73
SENT_0000977,DIAB_011,Diabetes and Kidney Problems,diabetic_kidney_problems,13,2,en,"If protein is found in the urine, it can be a sign of kidney damage.",68,0,52
SENT_0000978,DIAB_011,Diabetes and Kidney Problems,diabetic_kidney_problems,14,1,ne,"िमगᲆलाले शरीरबाट फोहोर हटाउँछ, बढ्ता दर्᳞ बािहर िनकाल्छ र महत्त्वपूणर् पर्ोिटनहरूलाई शरीरमा राख्छ।",98,83,0
SENT_0000979,DIAB_011,Diabetes and Kidney Problems,diabetic_kidney_problems,15,1,ne,मधुमेहलाई रामर्री िनयिन्तर्त रािखएन भने रगतमा उच्च िचनीले रक्त नलीहरू र िमगᲆलाका नसाहरूलाई लाई नोक्सानी पुऱ्याउन सक्छ।,118,101,0
SENT_0000980,DIAB_011,Diabetes and Kidney Problems,diabetic_kidney_problems,15,2,ne,यसको पिरणामस्वरूप िमगᲆलालाई नोक्सानी पुग्छ जसलाई नेफर्ोप्याथी भिनन्छ।,69,61,0
SENT_0000981,DIAB_011,Diabetes and Kidney Problems,diabetic_kidney_problems,15,3,ne,यसको उपचार गिरएन भने यसको पिरणामस्वरूप िमगᲆलाले काम गनर् छोड्न सक्छ।,68,57,0
SENT_0000982,DIAB_011,Diabetes and Kidney Problems,diabetic_kidney_problems,16,1,ne,"नेफर्ोप्याथीका लक्षणहरू सुरुका चरणहरूमा तपाईँले कुनै लक्षण देख्नु हुने छैन, त्यसैले गदार् तपाईँले आफ्ना डक्टरबाट िमगᲆलाको िनयिमत जाँच गराउनु जरूरी हुन्छ।",153,131,0
SENT_0000983,DIAB_011,Diabetes and Kidney Problems,diabetic_kidney_problems,16,2,ne,यसलाई िनयिन्तर्त गिरएन भने र अवस्था झनै िबगर्ेर गयो भने तपाईँलाई िन᳜ मध्ये कुनै एक वा एकभन्दा धेरै लक्षणहरू हुन सक्छन्:,119,97,0
SENT_0000984,DIAB_011,Diabetes and Kidney Problems,diabetic_kidney_problems,17,1,ne,• थिकत महसुस गनुर्,18,14,0
SENT_0000985,DIAB_011,Diabetes and Kidney Problems,diabetic_kidney_problems,18,1,ne,• तौलमा असाधारण वृि᳍ र शरीरमा दर्᳞ जम्मा हुनु,45,34,0
SENT_0000986,DIAB_011,Diabetes and Kidney Problems,diabetic_kidney_problems,19,1,ne,• िपसाबमा पर्ोिटनले गदार् िफंजयुक्त िपसाब िनस्कनु,49,42,0
SENT_0000987,DIAB_011,Diabetes and Kidney Problems,diabetic_kidney_problems,20,1,ne,"• िरंगटा चल्नु, वान्ता लाग्नु वा भोक नलाग्नु",44,35,0
SENT_0000988,DIAB_011,Diabetes and Kidney Problems,diabetic_kidney_problems,21,1,ne,"• खुᲵाहरू, गोिलगाँठो वा पैताला सुि᳖नु, बोधो हुनु वा झमझमाउनु",60,46,0
SENT_0000989,DIAB_011,Diabetes and Kidney Problems,diabetic_kidney_problems,22,1,ne,• उच्च रक्तचाप जसलाई हाइपरटेन्शन भिनन्छ हरेक वषर् शारीिरक जाँचको एक भागको रूपमा आफ्नो िपसाबमा पर्ोिटन छ िक भनेर जाँच गराउनुहोस्।,128,107,0
SENT_0000990,DIAB_011,Diabetes and Kidney Problems,diabetic_kidney_problems,23,1,ne,िपसाबमा पर्ोिटन भेटाइन्छ भने यो िमगᲆलालाई क्षित भएको लक्षण हुन सक्छ।,68,57,0
SENT_0000991,DIAB_011,Diabetes and Kidney Problems,diabetic_kidney_problems,24,1,en,Your doctor may order these tests:,34,0,28
SENT_0000992,DIAB_011,Diabetes and Kidney Problems,diabetic_kidney_problems,25,1,en,• Blood test:,13,0,9
SENT_0000993,DIAB_011,Diabetes and Kidney Problems,diabetic_kidney_problems,26,1,en,Hemoglobin A1C to see how well glucose levels are controlled.,61,0,50
SENT_0000994,DIAB_011,Diabetes and Kidney Problems,diabetic_kidney_problems,27,1,en,Blood urea nitrogen (BUN test) or creatinine test to check how well your kidneys are working.,93,0,75
SENT_0000995,DIAB_011,Diabetes and Kidney Problems,diabetic_kidney_problems,28,1,en,• Urine test for protein called albumin.,40,0,32
SENT_0000996,DIAB_011,Diabetes and Kidney Problems,diabetic_kidney_problems,28,2,en,You doctor may also call it a microalbuminuria test.,52,0,43
SENT_0000997,DIAB_011,Diabetes and Kidney Problems,diabetic_kidney_problems,29,1,en,• Foot checks to check for numbness and tingling in your feet and legs as kidney disease affects blood ﬂ ow and may cause nerve damage.,135,0,107
SENT_0000998,DIAB_011,Diabetes and Kidney Problems,diabetic_kidney_problems,29,2,en,Nerve conduction tests may be given to check for nerve damage.,62,0,51
SENT_0000999,DIAB_011,Diabetes and Kidney Problems,diabetic_kidney_problems,30,1,en,• Blood pressure checks.,24,0,19
SENT_0001000,DIAB_011,Diabetes and Kidney Problems,diabetic_kidney_problems,31,1,en,• Blood tests for cholesterol and triglycerides.,48,0,40
SENT_0001001,DIAB_011,Diabetes and Kidney Problems,diabetic_kidney_problems,31,2,en,These types of fat in your blood are harder to control if the kidneys are not working well.,91,0,73
SENT_0001002,DIAB_011,Diabetes and Kidney Problems,diabetic_kidney_problems,32,1,en,Treatment Treatment is done to keep the kidney disease from getting worse.,74,0,62
SENT_0001003,DIAB_011,Diabetes and Kidney Problems,diabetic_kidney_problems,32,2,en,Blood sugar and blood pressure control can slow kidney damage.,62,0,52
SENT_0001004,DIAB_011,Diabetes and Kidney Problems,diabetic_kidney_problems,33,1,en,• Check and record your blood sugar levels.,43,0,34
SENT_0001005,DIAB_011,Diabetes and Kidney Problems,diabetic_kidney_problems,33,2,en,Take your diabetes medicines as ordered.,40,0,34
SENT_0001006,DIAB_011,Diabetes and Kidney Problems,diabetic_kidney_problems,33,3,en,Talk to your doctor or diabetes educator if your blood sugar levels are not controlled with medicine.,101,0,84
SENT_0001007,DIAB_011,Diabetes and Kidney Problems,diabetic_kidney_problems,34,1,en,• Exercise for at least 30 minutes most days of the week.,57,0,42
SENT_0001008,DIAB_011,Diabetes and Kidney Problems,diabetic_kidney_problems,35,1,en,"• Avoid tobacco and alcohol, manage your weight, your stress and get enough sleep.",82,0,65
SENT_0001009,DIAB_011,Diabetes and Kidney Problems,diabetic_kidney_problems,35,2,en,Lifestyle behavior can improve your diabetes.,45,0,39
SENT_0001010,DIAB_011,Diabetes and Kidney Problems,diabetic_kidney_problems,36,1,ne,तपाईँका डक्टरले िन᳜ जाँचहरूको िनदᱷशन िदन सक्छन्:,48,39,0
SENT_0001011,DIAB_011,Diabetes and Kidney Problems,diabetic_kidney_problems,37,1,ne,• रगतको जाँच:,13,9,0
SENT_0001012,DIAB_011,Diabetes and Kidney Problems,diabetic_kidney_problems,39,1,en,(Hemoglobin A1C) जाँच।,22,5,12
SENT_0001013,DIAB_011,Diabetes and Kidney Problems,diabetic_kidney_problems,40,1,ne,▸ तपाईँको िमगᲆलाले कित रामर्री काम गिररहेको छ भ᳖े जा᳖का लािग ब्लड युिरया नाइटर्ोजन (BUN जाँच) अथवा िकर्एिटनाइन जाँच।,116,89,3
SENT_0001014,DIAB_011,Diabetes and Kidney Problems,diabetic_kidney_problems,41,1,ne,• पर्ोिटन सम्बन्धी अल्बुिमन नामक िपसाब जाँच।,44,37,0
SENT_0001015,DIAB_011,Diabetes and Kidney Problems,diabetic_kidney_problems,42,1,ne,तपाईँको डक्टरले यसलाई माइकर्ोअल्बुिमनुिरया जाँच पिन भ᳖ सक्छन्।,62,54,0
SENT_0001016,DIAB_011,Diabetes and Kidney Problems,diabetic_kidney_problems,43,1,ne,• पैतालाको जाँच जसबाट तपाईँका पैताला र खुᲵाहरूमा बोधोपन वा झमझमाइको जाँच गनर् सिकयोस् िकनभने िमगᲆलाको रोगले रक्त पर्वाहलाई पर्भािवत पानर् सक्छ र नसाहरूलाई क्षित पुग्न सक्छ।,172,143,0
SENT_0001017,DIAB_011,Diabetes and Kidney Problems,diabetic_kidney_problems,44,1,ne,नसाहरूलाई क्षितको जाँच गनर्का लािग नसा संवाहन जाँचहरू गिरन सक्छन्।,66,57,0
SENT_0001018,DIAB_011,Diabetes and Kidney Problems,diabetic_kidney_problems,45,1,ne,• रक्त चापको जाँच।,18,14,0
SENT_0001019,DIAB_011,Diabetes and Kidney Problems,diabetic_kidney_problems,46,1,ne,• कोलेस्टर्ोल र िटर्गिलसेराइड्स हेनर्का लािग रगतको जाँच।,56,48,0
SENT_0001020,DIAB_011,Diabetes and Kidney Problems,diabetic_kidney_problems,46,2,ne,तपाईँको िमगᲆलाहरूले रामर्री काम गिररहेका छैनन् भने तपाईँका रगतमा यस्तापर्कारका बोसोलाई िनयिन्तर्त गनर् गाहर्ो हुन्छ।,116,101,0
SENT_0001021,DIAB_011,Diabetes and Kidney Problems,diabetic_kidney_problems,47,1,ne,उपचार िमगᲆलाको रोगलाई झनै िबगर्नबाट रोक्नका लािग उपचार गिरन्छ।,62,53,0
SENT_0001022,DIAB_011,Diabetes and Kidney Problems,diabetic_kidney_problems,47,2,ne,रगतमा िचनी र रक्तचाप िनयन्तर्णले िमगᲆलालाई क्षितको गित िवस्तारो पानर् सिकन्छ।,77,66,0
SENT_0001023,DIAB_011,Diabetes and Kidney Problems,diabetic_kidney_problems,48,1,ne,• आफ्नो रगतमा िचनीको स्तरको जाँच गनुर्होस् र त्यसको रेकडर् राख्नुहोस्।,70,59,0
SENT_0001024,DIAB_011,Diabetes and Kidney Problems,diabetic_kidney_problems,48,2,ne,मधुमेहको लािग आफ्ना औषधीहरू िनदᱷशानुसार खानुहोस्।,49,43,0
SENT_0001025,DIAB_011,Diabetes and Kidney Problems,diabetic_kidney_problems,48,3,ne,तपाईँको रगतमा िचनीको स्तर औषधीले िनयन्तर्ण हुन सिकरहेको छैन भने तपाईँका डक्टर वा मधुमेह परामशर्दातािसत कुरा गनुर्होस्।,118,102,0
SENT_0001026,DIAB_011,Diabetes and Kidney Problems,diabetic_kidney_problems,49,1,ne,• साताका धेरैजस्ता िदनहरूमा किम्तमा पिन 30 िमनेट ᳞ायाम गनुर्होस्।,65,52,0
SENT_0001027,DIAB_011,Diabetes and Kidney Problems,diabetic_kidney_problems,50,1,ne,"• सूतᱮजन्य पदाथर् एवं अल्कोहल सेवन नगनुर्होस्, आफ्नो तौल र तनावलाई िनयिन्तर्त गनुर्होस् अिन पयार्᳙ मातर्ामा िनदाउनुहोस्।",120,100,0
SENT_0001028,DIAB_011,Diabetes and Kidney Problems,diabetic_kidney_problems,50,2,ne,जीवन शैलीमा सुधारले तपाईँको मधुमेह िनयिन्तर्त हुन सक्छ।,55,48,0
SENT_0001029,DIAB_011,Diabetes and Kidney Problems,diabetic_kidney_problems,51,1,en,"© 2012 - January 12, 2017, Health Information Translations.",59,0,36
SENT_0001030,DIAB_011,Diabetes and Kidney Problems,diabetic_kidney_problems,52,1,en,a result of your stopping medical treatment or your failure to obtain treatment.,80,0,67
SENT_0001031,DIAB_011,Diabetes and Kidney Problems,diabetic_kidney_problems,53,1,en,• Talk to your doctor or pharmacist before taking any over the counter medicines.,81,0,66
SENT_0001032,DIAB_011,Diabetes and Kidney Problems,diabetic_kidney_problems,54,1,en,Some medicines may be harmful to weakened kidneys.,50,0,42
SENT_0001033,DIAB_011,Diabetes and Kidney Problems,diabetic_kidney_problems,54,2,en,"For example, medicines used for pain called NSAIDS, like ibuprofen or naproxen, should not be used.",99,0,80
SENT_0001034,DIAB_011,Diabetes and Kidney Problems,diabetic_kidney_problems,55,1,en,• Your doctor may order medicines to lower your blood pressure while protecting your kidneys from damage.,105,0,87
SENT_0001035,DIAB_011,Diabetes and Kidney Problems,diabetic_kidney_problems,55,2,en,Use a home blood pressure monitor to check your blood pressure between doctor visits.,85,0,71
SENT_0001036,DIAB_011,Diabetes and Kidney Problems,diabetic_kidney_problems,56,1,en,"• Follow your meal plan, and talk with a dietitian about changes you can make to control your blood sugar.",106,0,84
SENT_0001037,DIAB_011,Diabetes and Kidney Problems,diabetic_kidney_problems,56,2,en,"If your kidneys are not working well, you may need to limit protein in your diet.",81,0,64
SENT_0001038,DIAB_011,Diabetes and Kidney Problems,diabetic_kidney_problems,57,1,en,"As kidney disease progresses, dialysis may be needed.",53,0,44
SENT_0001039,DIAB_011,Diabetes and Kidney Problems,diabetic_kidney_problems,57,2,en,Transplantation may also be an option for treatment.,52,0,44
SENT_0001040,DIAB_011,Diabetes and Kidney Problems,diabetic_kidney_problems,58,1,en,Talk to your doctor or diabetes educator if you have questions or concerns.,75,0,62
SENT_0001041,DIAB_011,Diabetes and Kidney Problems,diabetic_kidney_problems,59,1,ne,• कुनैपिन औषधी खानुभन्दा पिहले आफ्ना डक्टर वा फामᱮिसस्टिसत कुरा गनुर्होस्।,74,62,0
SENT_0001042,DIAB_011,Diabetes and Kidney Problems,diabetic_kidney_problems,59,2,ne,केही औषधीहरू कमजोड िमगᲆलाहरूको लािग हािनकारक हुन सक्छ।,54,46,0
SENT_0001043,DIAB_011,Diabetes and Kidney Problems,diabetic_kidney_problems,59,3,ne,"उदाहरणाथर्, NSAIDS भिनने पीडाका लािग पर्योग गिरने औषधीहरू जस्तै इबुपर्ोफेन वा न्यापर्ोक्सेनको पर्योग गिरनु हुँदैन।",114,93,6
SENT_0001044,DIAB_011,Diabetes and Kidney Problems,diabetic_kidney_problems,60,1,ne,• तपाईँका डक्टरले तपाईँका िमगᲆलालाई क्षितबाट बचाउँदै तपाईँको रक्तचापलाई घटाउने औषधीहरू खाने िनदᱷशन िदन सक्छन्।,110,93,0
SENT_0001045,DIAB_011,Diabetes and Kidney Problems,diabetic_kidney_problems,60,2,ne,डक्टरिसत भेटहरूको बीचमा आफ्नो रक्तचाप ना᳘का लािग घरेलू रक्तचाप मिनटरको पर्योग गनुर्होस्।,88,76,0
SENT_0001046,DIAB_011,Diabetes and Kidney Problems,diabetic_kidney_problems,61,1,ne,"• आफ्नो खानाको कायर्कर्मको पालना गनुर्होस्, र आफ्नो रगतमा िचनीलाई िनयन्तर्णका लािग तपाईँले आफ्नो खानामा गनुर् पनᱷ पिरवतर्नहरूको बारेमा आहार िवशेषज्ञिसत कुरा गनुर्होस्।",167,142,0
SENT_0001047,DIAB_011,Diabetes and Kidney Problems,diabetic_kidney_problems,61,2,ne,तपाईँका िमगᲆलाहरूले रामर्री काम गिररहेका छैनन् भने तपाईँले आफ्नो आहारमा पर्ोिटनको मातर्ालाई सीिमत गनुर् जरूरी हुन सक्छ।,119,102,0
SENT_0001048,DIAB_011,Diabetes and Kidney Problems,diabetic_kidney_problems,62,1,ne,िमगᲆलाको रोग बढ्दैजाँदा डाइलेिससको खाँचो पनर् सक्छ।,51,44,0
SENT_0001049,DIAB_011,Diabetes and Kidney Problems,diabetic_kidney_problems,62,2,ne,उपचारको अकᲃ िवकल्प िमगᲆला पर्त्यारोपण पिन हुन सक्छ।,51,42,0
SENT_0001050,DIAB_011,Diabetes and Kidney Problems,diabetic_kidney_problems,63,1,ne,तपाईँका कुनै पर᳤्हरू वा िचन्ताहरू छन् भने आफ्ना डक्टर वा मधुमेह परामशर्दातािसत कुरा गनुर्होस्।,94,80,0
SENT_0001051,DIAB_012,Diabetes and Nerve Damage,diabetic_nerve_problems,2,1,en,Nerve damage caused by high blood sugar levels in the body from diabetes is also called diabetic neuropathy.,108,0,90
SENT_0001052,DIAB_012,Diabetes and Nerve Damage,diabetic_nerve_problems,2,2,en,"Most people with diabetes will develop some nerve damage, especially as they get older and have diabetes for many years.",120,0,99
SENT_0001053,DIAB_012,Diabetes and Nerve Damage,diabetic_nerve_problems,3,1,en,Nerve problems are more common if you have diabetes and:,56,0,46
SENT_0001054,DIAB_012,Diabetes and Nerve Damage,diabetic_nerve_problems,4,1,en,• Have problems controlling your blood sugar,44,0,37
SENT_0001055,DIAB_012,Diabetes and Nerve Damage,diabetic_nerve_problems,5,1,en,• Are overweight,16,0,13
SENT_0001056,DIAB_012,Diabetes and Nerve Damage,diabetic_nerve_problems,6,1,en,• Have high blood pressure,26,0,21
SENT_0001057,DIAB_012,Diabetes and Nerve Damage,diabetic_nerve_problems,7,1,en,"• Have high cholesterol Types of Nerve Damage There are several types of nerve damage that can occur with diabetes, but the two more common types are:",150,0,121
SENT_0001058,DIAB_012,Diabetes and Nerve Damage,diabetic_nerve_problems,8,1,en,"• Peripheral neuropathy that often causes pain or loss of feeling in the toes, feet, legs, hands and arms.",106,0,83
SENT_0001059,DIAB_012,Diabetes and Nerve Damage,diabetic_nerve_problems,8,2,en,Most often the feet and legs are affected before the hands and arms.,68,0,55
SENT_0001060,DIAB_012,Diabetes and Nerve Damage,diabetic_nerve_problems,9,1,en,"• Autonomic neuropathy that causes changes in digestion of food, bowel and bladder function and sexual response.",112,0,93
SENT_0001061,DIAB_012,Diabetes and Nerve Damage,diabetic_nerve_problems,9,2,en,"It can also affect the nerves that control the heart and blood vessels, lungs and eyes.",87,0,70
SENT_0001062,DIAB_012,Diabetes and Nerve Damage,diabetic_nerve_problems,10,1,en,"This type is also linked to something called hypoglycemia unawareness, which happens when you no longer have warning signs of low blood sugar levels.",149,0,124
SENT_0001063,DIAB_012,Diabetes and Nerve Damage,diabetic_nerve_problems,11,1,ne,मधुमेहले गर्दा रगतमा चिनीको उच्च स्तरको कारण नसालाई हुने क्षतिलाई डाइबिटिक न्यूरोप्ाथी पनि भनिन्छ।,98,85,0
SENT_0001064,DIAB_012,Diabetes and Nerve Damage,diabetic_nerve_problems,11,2,ne,मधुमेहले पीडित धेरैजस्ता मानिसहरूमा विशेषगरि उनीहरूको आयु बढ्दै जाँदा र कैयौँ वर्षसमम मधुमेह रहँदा नसामा केही क्षति हुन्छ।,122,105,0
SENT_0001065,DIAB_012,Diabetes and Nerve Damage,diabetic_nerve_problems,12,1,ne,तपाईँलाई मधुमेहका साथै निम्न रोग छछन् भने नसाको समस्ा बढी सामान्य हुन्छ:,72,60,0
SENT_0001066,DIAB_012,Diabetes and Nerve Damage,diabetic_nerve_problems,13,1,ne,• तपाईँको रगतमा चिनीलाई नियन्त्रित गर्नमा केही समस्ा छछ,55,46,0
SENT_0001067,DIAB_012,Diabetes and Nerve Damage,diabetic_nerve_problems,14,1,ne,• तौल सामान्यभन्दा धेरै छछ,26,21,0
SENT_0001068,DIAB_012,Diabetes and Nerve Damage,diabetic_nerve_problems,15,1,ne,• उच्च रक्तचाप छछ,17,13,0
SENT_0001069,DIAB_012,Diabetes and Nerve Damage,diabetic_nerve_problems,16,1,ne,"• उच्च कोलेस्ट्ोल छछ नसामा क्षतिका प्रकारहरू मधुमेहको कारण नसामा क्षति कैयौं प्रकारका हुन्छन्, तर दुइ सर्वाधिक सामान्य प्रकारहरू हुन्:",134,112,0
SENT_0001070,DIAB_012,Diabetes and Nerve Damage,diabetic_nerve_problems,17,1,ne,"• पेरिफेरल न्यूरोप्ाथी जसले प्रायः खुट्ाका औंला, पैताला, खुट्ा, हात र पाखुराहरूमा पीडा हुन्छ वा दुखेको अनुभव हुँदैन।",116,95,0
SENT_0001071,DIAB_012,Diabetes and Nerve Damage,diabetic_nerve_problems,17,2,ne,धेरैजसो हात र पाखुरामा भन्दा पहिले पैताला र खुट्ाहरू प्रभावित हुन्छन्।,70,60,0
SENT_0001072,DIAB_012,Diabetes and Nerve Damage,diabetic_nerve_problems,18,1,ne,"• अटोनोमिक न्यूरोप्ाथी जसले खानाको पाचन- क्रिया, आँत र मूत्राशय तथा यौन प्रतिक्रियामा परिवर्तन ल्ाउँछछ ।",104,86,0
SENT_0001073,DIAB_012,Diabetes and Nerve Damage,diabetic_nerve_problems,18,2,ne,"यसले मुटु र रक्त नलिकाहरूलाई नियन्त्रण गर्ने नसाहरू, फोकसो र आँखाहरूलाई पनि प्रभावित पार्न सक्छ।",96,81,0
SENT_0001074,DIAB_012,Diabetes and Nerve Damage,diabetic_nerve_problems,18,3,ne,यो प्रकारको नसामा क्षतिको सम्बनध हाइपोग्लिसेमिया भनिने अज्ानतासित पनि छछ जो त्यतिबेला हुन्छ जब तपाईँलाई रगतमा चिनीको न्यून स्तरको कुनै लक्षण हुँदैन।,148,127,0
SENT_0001075,DIAB_012,Diabetes and Nerve Damage,diabetic_nerve_problems,19,1,en,Prevent Nerve Damage Keep your blood sugar in a normal range.,61,0,50
SENT_0001076,DIAB_012,Diabetes and Nerve Damage,diabetic_nerve_problems,20,1,en,Work with your doctor and diabetes care team to learn how to manage your blood sugar levels.,92,0,75
SENT_0001077,DIAB_012,Diabetes and Nerve Damage,diabetic_nerve_problems,21,1,en,"As part of your care, your doctor should do a foot exam every year to check if you have any sign of loss of feeling in your toes or feet.",137,0,106
SENT_0001078,DIAB_012,Diabetes and Nerve Damage,diabetic_nerve_problems,22,1,en,"Daily Foot Care Check your feet every day for any open skin, sores or red spots.",80,0,63
SENT_0001079,DIAB_012,Diabetes and Nerve Damage,diabetic_nerve_problems,22,2,en,You may have a sore spot and not feel it because of the nerve damage.,69,0,54
SENT_0001080,DIAB_012,Diabetes and Nerve Damage,diabetic_nerve_problems,22,3,en,"If you find skin problems, talk to your doctor.",47,0,37
SENT_0001081,DIAB_012,Diabetes and Nerve Damage,diabetic_nerve_problems,23,1,en,• Clean your feet each day with warm water and mild soap.,57,0,44
SENT_0001082,DIAB_012,Diabetes and Nerve Damage,diabetic_nerve_problems,23,2,en,Do not soak your feet.,22,0,17
SENT_0001083,DIAB_012,Diabetes and Nerve Damage,diabetic_nerve_problems,23,3,en,Dry your feet well with a soft towel.,37,0,29
SENT_0001084,DIAB_012,Diabetes and Nerve Damage,diabetic_nerve_problems,24,1,en,Be sure to dry between your toes.,33,0,26
SENT_0001085,DIAB_012,Diabetes and Nerve Damage,diabetic_nerve_problems,25,1,en,"• Check your feet and toes for cuts, scrapes, blisters, red spots, sores or other problems.",91,0,70
SENT_0001086,DIAB_012,Diabetes and Nerve Damage,diabetic_nerve_problems,25,2,en,"Be sure to check the top, bottom and sides of your feet.",56,0,43
SENT_0001087,DIAB_012,Diabetes and Nerve Damage,diabetic_nerve_problems,25,3,en,Check under and around each toe.,32,0,26
SENT_0001088,DIAB_012,Diabetes and Nerve Damage,diabetic_nerve_problems,25,4,en,You may need to use a mirror or get someone to help you check the bottom of your feet.,86,0,67
SENT_0001089,DIAB_012,Diabetes and Nerve Damage,diabetic_nerve_problems,26,1,en,"• Apply a moisturizing lotion to the skin of your feet, but avoid lotion between the toes.",90,0,71
SENT_0001090,DIAB_012,Diabetes and Nerve Damage,diabetic_nerve_problems,27,1,en,• Use a pumice stone gently to smooth calluses or corns after a shower.,71,0,56
SENT_0001091,DIAB_012,Diabetes and Nerve Damage,diabetic_nerve_problems,27,2,en,Never cut or shave off calluses or corns.,41,0,33
SENT_0001092,DIAB_012,Diabetes and Nerve Damage,diabetic_nerve_problems,28,1,en,"• When toe nails get long, cut the nails straight across and file with an emery board to smooth any rough edges.",112,0,88
SENT_0001093,DIAB_012,Diabetes and Nerve Damage,diabetic_nerve_problems,29,1,en,"• Wear clean, dry socks that fit comfortably.",45,0,35
SENT_0001094,DIAB_012,Diabetes and Nerve Damage,diabetic_nerve_problems,30,1,en,• Wear shoes or slippers to protect your feet.,46,0,36
SENT_0001095,DIAB_012,Diabetes and Nerve Damage,diabetic_nerve_problems,30,2,en,You should never go barefoot.,29,0,24
SENT_0001096,DIAB_012,Diabetes and Nerve Damage,diabetic_nerve_problems,30,3,en,Wear shoes that fit well and offer good support.,48,0,39
SENT_0001097,DIAB_012,Diabetes and Nerve Damage,diabetic_nerve_problems,31,1,en,"Be sure to check inside your shoes before putting them on to make sure there are no objects in them and there are no tears, rough spots or sharp edges.",151,0,120
SENT_0001098,DIAB_012,Diabetes and Nerve Damage,diabetic_nerve_problems,32,1,ne,नसालाई क्षतिको रोकथाम आफनो रगतमा चिनीको मात्रालाई सामान्य स्तरमा राख्ुहोस्।,75,66,0
SENT_0001099,DIAB_012,Diabetes and Nerve Damage,diabetic_nerve_problems,32,2,ne,आफना डक्टर र मधुमेह सेवा टोलीसित मिलेर तपाईँको रगतमा चिनीको स्तरलाई कसरी नियन्त्रित राख्े भन्नेबारेमा जान्ुहोस्।,112,97,0
SENT_0001100,DIAB_012,Diabetes and Nerve Damage,diabetic_nerve_problems,33,1,ne,आफनो शरीरको हेरचाहको एक भागको रूपमा तपाईँका खुट्ाका औंलाहरू वा खुट्ा बोधो भएको लक्षण हुन्छ भने तपाईँका डक्टरले हरेक वर्ष तपाईँको खुट्ाको जाँच गर्नु पर्नेछछ।,156,132,0
SENT_0001101,DIAB_012,Diabetes and Nerve Damage,diabetic_nerve_problems,34,1,ne,"खुट्ाको दैनिक हेरचाह तपाईँको खुट्ामा कुनै काटेको-फाटेको, घाउ वा राता दागहरू त छछैनन् भनेर हरेक दिन जाँच गर्नुहोस्।",114,95,0
SENT_0001102,DIAB_012,Diabetes and Nerve Damage,diabetic_nerve_problems,34,2,ne,तपाईँका खुट्ामा घाउ हुन सक्छ तर तपाईँले त्ो अनुभव नगरिरहेको हुन सक्छ किनभने नसामा क्षति पुगेको हुनसक्छ।,103,87,0
SENT_0001103,DIAB_012,Diabetes and Nerve Damage,diabetic_nerve_problems,34,3,ne,तपाईँलाई छछ ालाको समस्ा छछ भने आफना डक्टरसित कुरा गर्नुहोस्।,60,51,0
SENT_0001104,DIAB_012,Diabetes and Nerve Damage,diabetic_nerve_problems,35,1,ne,• हरेक दिन मनतातो पानी र हलका साबुनले आफनो खुट्ा धुनुहोस्।,58,47,0
SENT_0001105,DIAB_012,Diabetes and Nerve Damage,diabetic_nerve_problems,35,2,ne,खुट्ालाई भिज्ाएर नराख्ुहोस्।,28,26,0
SENT_0001106,DIAB_012,Diabetes and Nerve Damage,diabetic_nerve_problems,35,3,ne,नरम तौलियाले आफना खुट्ा सुकाउनुहोस्।,36,32,0
SENT_0001107,DIAB_012,Diabetes and Nerve Damage,diabetic_nerve_problems,35,4,ne,तपाईँका खुट्ाका औंलाहरूका कापाहरू सुक्ा हुनु पर्दछछ।,52,46,0
SENT_0001108,DIAB_012,Diabetes and Nerve Damage,diabetic_nerve_problems,36,1,ne,"• तपाईँका खुट्ा र औंलाहरूमा कुनै काटेको, खोस्ेको, फोकाफोकी, राता दाग, घाउ वा अन्य समस्ा त छछ ैनन् भनेर जाँच गर्नुहोस्।",118,93,0
SENT_0001109,DIAB_012,Diabetes and Nerve Damage,diabetic_nerve_problems,36,2,ne,"आफनो खुट्ाको माथिललो भाग, पैताला र दाहिने-देब्े जाँचने कुरा सुनिश्चित गर्नुहोस्।",80,68,0
SENT_0001110,DIAB_012,Diabetes and Nerve Damage,diabetic_nerve_problems,36,3,ne,हरेक औंला मुनि र कापहरूमा जाँच गर्नुहोस्।,41,35,0
SENT_0001111,DIAB_012,Diabetes and Nerve Damage,diabetic_nerve_problems,37,1,ne,आफनो खुट्ाको पैतालाको जाँच गर्न तपाईँले ऐनाको प्रयोग गर्नु पर्ने वा कसैको मद्दत लिनु पर्ने हुन सक्छ।,100,84,0
SENT_0001112,DIAB_012,Diabetes and Nerve Damage,diabetic_nerve_problems,38,1,ne,"• आफनो खुट्ामा मोइस्चराइजिङग लोशन लगाउनुहोस्, तर औंलाका कापहरूमा नलगाउनुहोस्।",77,66,0
SENT_0001113,DIAB_012,Diabetes and Nerve Damage,diabetic_nerve_problems,39,1,ne,• नुहाएपछि ठेउला वा खीलहरूलाई मसिनो दर्सने ढुङगाले विस्तारै रगडेर सफफा गर्नुहोस्।,81,69,0
SENT_0001114,DIAB_012,Diabetes and Nerve Damage,diabetic_nerve_problems,39,2,ne,ठेउला वा खीलहरूलाई कहिल्ैपनि नकाटनुहोस् वा नखौरिनुहोस्।,55,49,0
SENT_0001115,DIAB_012,Diabetes and Nerve Damage,diabetic_nerve_problems,40,1,ne,• खुट्ाका औंलाहरू लामो भएका छछन् भने नङहरूलाई सीधा काटनुहोस् र खुरदुरिएको भागलाई एकसमान पार्न खस्ो पाताको (emery board) प्रयोग गर्नुहोस्।,137,104,10
SENT_0001116,DIAB_012,Diabetes and Nerve Damage,diabetic_nerve_problems,41,1,ne,"• सजिलोगरी फिट हुने सफफा, सुक्ा मोजा लगाउनुहोस्।",48,39,0
SENT_0001117,DIAB_012,Diabetes and Nerve Damage,diabetic_nerve_problems,42,1,ne,• आफनो खुट्ालाई सुरक्षित राख्न जुत्ा वा चपली लगाउनुहोस्।,56,47,0
SENT_0001118,DIAB_012,Diabetes and Nerve Damage,diabetic_nerve_problems,42,2,ne,नाङगै खुट्ा कहिल्ै नहिंडनुहोस्।,31,28,0
SENT_0001119,DIAB_012,Diabetes and Nerve Damage,diabetic_nerve_problems,43,1,ne,राम्ररी फिट हुने र राम्ररी आड दिने जुत्ा लगाउनुहोस्।,52,44,0
SENT_0001120,DIAB_012,Diabetes and Nerve Damage,diabetic_nerve_problems,43,2,ne,"जुत्ा लगाउनुअघि जुत्ा भित्र कुनै चीज त छछैन वा काटेको, फाटेको, घोंचने, धारिलो कुराहरू त छछैनन् भन्े कुरा सुनिश्चित गर्नुहोस्।",125,103,0
SENT_0001121,DIAB_012,Diabetes and Nerve Damage,diabetic_nerve_problems,44,1,en,Signs of Nerve Damage Signs will vary based on the nerves that are affected.,76,0,62
SENT_0001122,DIAB_012,Diabetes and Nerve Damage,diabetic_nerve_problems,44,2,en,Some people have no signs at all.,33,0,26
SENT_0001123,DIAB_012,Diabetes and Nerve Damage,diabetic_nerve_problems,45,1,en,Some signs may get worse over time and some people report the signs are worse at night.,87,0,70
SENT_0001124,DIAB_012,Diabetes and Nerve Damage,diabetic_nerve_problems,46,1,en,Signs may include:,18,0,15
SENT_0001125,DIAB_012,Diabetes and Nerve Damage,diabetic_nerve_problems,47,1,en,"• Numbness, tingling, loss of feeling or pain in the toes, feet, legs or fingers, hands and arms",96,0,73
SENT_0001126,DIAB_012,Diabetes and Nerve Damage,diabetic_nerve_problems,48,1,en,• Muscle loss in the feet or hands,34,0,26
SENT_0001127,DIAB_012,Diabetes and Nerve Damage,diabetic_nerve_problems,49,1,en,• Nausea and vomiting or problems with indigestion,50,0,42
SENT_0001128,DIAB_012,Diabetes and Nerve Damage,diabetic_nerve_problems,50,1,en,• Diarrhea or constipation,26,0,22
SENT_0001129,DIAB_012,Diabetes and Nerve Damage,diabetic_nerve_problems,51,1,en,• Problems with urine flow or control,37,0,30
SENT_0001130,DIAB_012,Diabetes and Nerve Damage,diabetic_nerve_problems,52,1,en,• Dizziness or fainting when standing or sitting up that causes a drop in blood pressure called orthostatic hypotension,119,0,100
SENT_0001131,DIAB_012,Diabetes and Nerve Damage,diabetic_nerve_problems,53,1,en,• Weakness,10,0,8
SENT_0001132,DIAB_012,Diabetes and Nerve Damage,diabetic_nerve_problems,54,1,en,• Erectile dysfunction in men or vaginal dryness in women,57,0,47
SENT_0001133,DIAB_012,Diabetes and Nerve Damage,diabetic_nerve_problems,55,1,en,"• Heart rate changes If you have any of these signs, visit your doctor for a physical exam.",91,0,71
SENT_0001134,DIAB_012,Diabetes and Nerve Damage,diabetic_nerve_problems,56,1,en,Your Care Testing Your doctor will examine you and ask you questions about any signs you have.,94,0,77
SENT_0001135,DIAB_012,Diabetes and Nerve Damage,diabetic_nerve_problems,56,2,en,Tests may be ordered such as:,29,0,23
SENT_0001136,DIAB_012,Diabetes and Nerve Damage,diabetic_nerve_problems,57,1,en,• Nerve conduction study or electromyography (EMG) that uses electrical signals to check nerves.,96,0,79
SENT_0001137,DIAB_012,Diabetes and Nerve Damage,diabetic_nerve_problems,58,1,en,• Ultrasound that uses sound waves to check organs such as your bladder or stomach.,83,0,67
SENT_0001138,DIAB_012,Diabetes and Nerve Damage,diabetic_nerve_problems,59,1,ne,नसामा क्षतिका लक्षणहरू प्रभावित नसाहरूको आधारमा लक्षणहरू भिन्दा-भिन्दै हुन सक्छन्।,82,72,0
SENT_0001139,DIAB_012,Diabetes and Nerve Damage,diabetic_nerve_problems,59,2,ne,कतिपय मानिसहरूमा कुनै लक्षण देखिंदैन।,37,33,0
SENT_0001140,DIAB_012,Diabetes and Nerve Damage,diabetic_nerve_problems,60,1,ne,समयका साथै केही लक्षण बिग्रँदै जान्छ र केही मानिसहरूले रातिको समयमा लक्षणहरू धेरै बिग्ेको शिकायत गर्छन्।,104,89,0
SENT_0001141,DIAB_012,Diabetes and Nerve Damage,diabetic_nerve_problems,61,1,ne,लक्षणहरूमा निम्न सामेल छछन्:,28,24,0
SENT_0001142,DIAB_012,Diabetes and Nerve Damage,diabetic_nerve_problems,62,1,ne,"• खुट्ाका औंलाहरू, पैताला, खुट्ा वा हातका औंलाहरू, हात र पाखुरामा बोधोपन, झमझमाइ, कुनै अनुभूूति वा पीडा महसूूस नहुनु",116,92,0
SENT_0001143,DIAB_012,Diabetes and Nerve Damage,diabetic_nerve_problems,63,1,ne,• खुट्ा र हातका माँसपेशीहरू कम हुनु,35,28,0
SENT_0001144,DIAB_012,Diabetes and Nerve Damage,diabetic_nerve_problems,64,1,ne,• रिंगटा चलनु र वान्ता हुनु वा अपचसम्बनधी समस्ाहरू,50,41,0
SENT_0001145,DIAB_012,Diabetes and Nerve Damage,diabetic_nerve_problems,65,1,ne,• पखाला वा कब्जियत,18,14,0
SENT_0001146,DIAB_012,Diabetes and Nerve Damage,diabetic_nerve_problems,66,1,ne,• पिसाबको प्रवाह वा नियन्त्रणसम्बनधी समस्ाहरू,45,39,0
SENT_0001147,DIAB_012,Diabetes and Nerve Damage,diabetic_nerve_problems,67,1,ne,• उभिंदा वा बसेको बेलामा रिंगटा चलनु वा बेहोस् हुनु जसको परिणामस्वरूप रक्तचाप घट्छ जसलाई ओरथोस्टेटिक हाइपोटेनशन भनिन्छ।,119,101,0
SENT_0001148,DIAB_012,Diabetes and Nerve Damage,diabetic_nerve_problems,68,1,ne,• कमजोडी,8,6,0
SENT_0001149,DIAB_012,Diabetes and Nerve Damage,diabetic_nerve_problems,69,1,ne,• पुरुषहरूमा लिङग ठाडो नहुनु वा महिलाहरूको योनिमा सुक्ापन,57,48,0
SENT_0001150,DIAB_012,Diabetes and Nerve Damage,diabetic_nerve_problems,70,1,ne,• मुटुको ढुकढुकीमा परिवर्तन तपाईँलाई यी मध्ै कुनै लक्षण छछ भने शारीरिक जाँचका लागि आफना डक्टरलाई भेटनुहोस्।,107,90,0
SENT_0001151,DIAB_012,Diabetes and Nerve Damage,diabetic_nerve_problems,71,1,ne,तपाईँको हेरचाह जाँच तपाईँका डक्टरले तपाईँको जाँच गर्नेछछन् र तपाईँमा देखा परेका लक्षणहरूबारे प्रश्नहरू सोध्नेछछन्।,114,100,0
SENT_0001152,DIAB_012,Diabetes and Nerve Damage,diabetic_nerve_problems,71,2,ne,निम्न जाँचहरूको निर्देेशन दिइन सक्छ:,36,31,0
SENT_0001153,DIAB_012,Diabetes and Nerve Damage,diabetic_nerve_problems,72,1,ne,• नसा संवाहनको अध्ययन वा इलेक्ट्ोमायोग्ाफी (EMG) जसले नसाहरूको जाँच गर्न इलेक्ट्रिकल सङ्केतहरूको प्रयोग गर्दछछ।,111,91,3
SENT_0001154,DIAB_012,Diabetes and Nerve Damage,diabetic_nerve_problems,73,1,ne,• अल्ट्ासाउनड जसले तपाईँको मूत्राशय वा पेट जस्ता अङगहरूको जाँचका लागि ध्वनि लहरहरूको प्रयोग गर्दछछ।,99,84,0
SENT_0001155,DIAB_012,Diabetes and Nerve Damage,diabetic_nerve_problems,74,1,en,"© 2012 - January 30, 2017, Health Information Translations.",59,0,36
SENT_0001156,DIAB_012,Diabetes and Nerve Damage,diabetic_nerve_problems,75,1,en,a result of your stopping medical treatment or your failure to obtain treatment.,80,0,67
SENT_0001157,DIAB_012,Diabetes and Nerve Damage,diabetic_nerve_problems,76,1,en,Treatment of Your Nerve Damage Treatment depends on the type of nerve damage you have and may include:,102,0,84
SENT_0001158,DIAB_012,Diabetes and Nerve Damage,diabetic_nerve_problems,77,1,en,"• Pain control with medicines, physical therapy or other treatments.",68,0,56
SENT_0001159,DIAB_012,Diabetes and Nerve Damage,diabetic_nerve_problems,78,1,en,• Medicines to treat diarrhea or constipation.,46,0,38
SENT_0001160,DIAB_012,Diabetes and Nerve Damage,diabetic_nerve_problems,79,1,en,"• Eating small amounts of food every few hours, and limiting fats and fiber for indigestion problems.",101,0,82
SENT_0001161,DIAB_012,Diabetes and Nerve Damage,diabetic_nerve_problems,80,1,en,• Physical therapy to help with coordination issues.,52,0,43
SENT_0001162,DIAB_012,Diabetes and Nerve Damage,diabetic_nerve_problems,81,1,en,"• If you have foot problems, talk to your doctor about seeing a foot doctor called a podiatrist.",96,0,76
SENT_0001163,DIAB_012,Diabetes and Nerve Damage,diabetic_nerve_problems,81,2,en,The nerves that go to the feet are often affected by diabetic neuropathy.,73,0,60
SENT_0001164,DIAB_012,Diabetes and Nerve Damage,diabetic_nerve_problems,82,1,en,Loss of feeling may mean you do not feel a sore or blister.,59,0,46
SENT_0001165,DIAB_012,Diabetes and Nerve Damage,diabetic_nerve_problems,83,1,en,Circulation problems may add to the risk of infection and slow healing in the feet.,83,0,68
SENT_0001166,DIAB_012,Diabetes and Nerve Damage,diabetic_nerve_problems,84,1,en,Managing Your Diabetes You also need to manage your diabetes as ordered by your doctor to keep your blood sugar levels in a normal range and prevent further nerve damage:,170,0,140
SENT_0001167,DIAB_012,Diabetes and Nerve Damage,diabetic_nerve_problems,85,1,en,• Check your blood sugar often.,31,0,24
SENT_0001168,DIAB_012,Diabetes and Nerve Damage,diabetic_nerve_problems,86,1,en,• Take your diabetes medicines as directed.,43,0,35
SENT_0001169,DIAB_012,Diabetes and Nerve Damage,diabetic_nerve_problems,87,1,en,• Follow your meal plan.,24,0,18
SENT_0001170,DIAB_012,Diabetes and Nerve Damage,diabetic_nerve_problems,88,1,en,• Exercise each day.,20,0,15
SENT_0001171,DIAB_012,Diabetes and Nerve Damage,diabetic_nerve_problems,89,1,en,• Do daily foot care to protect your feet.,42,0,32
SENT_0001172,DIAB_012,Diabetes and Nerve Damage,diabetic_nerve_problems,90,1,en,Talk to your doctor or nurse if you have any questions or concerns.,67,0,54
SENT_0001173,DIAB_012,Diabetes and Nerve Damage,diabetic_nerve_problems,91,1,ne,तपाईँको नसालाई क्षतिको उपचार तपाईँको नसामा भएको क्षतिको प्रकारमाथि उपचार निर्भर गर्दछछ र त्यसमा सामेल हुन सक्छन्:,113,96,0
SENT_0001174,DIAB_012,Diabetes and Nerve Damage,diabetic_nerve_problems,92,1,ne,"• औषधी, शारीरिक थेऱ्ापी वा अन्य उपचारहरूद्ारा पीडामाथि नियन्त्रण।",65,55,0
SENT_0001175,DIAB_012,Diabetes and Nerve Damage,diabetic_nerve_problems,93,1,ne,• पखाला वा कब्जियतको उपचारका लागि औषधी।,39,32,0
SENT_0001176,DIAB_012,Diabetes and Nerve Damage,diabetic_nerve_problems,94,1,ne,"• हरेक घण्टामा थोरै-थोरै मात्रामा खाने, र अपचका समस्ाहरूका लागि बोसो र फाइबरलाई सीमित गर्ने।",92,75,0
SENT_0001177,DIAB_012,Diabetes and Nerve Damage,diabetic_nerve_problems,95,1,ne,• समन्वयसम्बनधी मामिलाहरूमा मद्दतका लागि शारीरिक थेऱ्ापी।,57,50,0
SENT_0001178,DIAB_012,Diabetes and Nerve Damage,diabetic_nerve_problems,96,1,ne,• तपाईँका खुट्ामा समस्ा छछन् भने पोडियाट्रिस्ट भनिने खुट्ाको डक्टरलाई देखाउने बारेमा आफना डक्टरसित कुरा गर्नुहोस्।,114,98,0
SENT_0001179,DIAB_012,Diabetes and Nerve Damage,diabetic_nerve_problems,96,2,ne,खुट्ामा जाने नसाहरू प्रायः डाइबिटिक न्यूरोप्ाथीले प्रभावित हुन्छन्।,67,60,0
SENT_0001180,DIAB_012,Diabetes and Nerve Damage,diabetic_nerve_problems,97,1,ne,▸ अनुभूूति नहुनुको अर्थ हो तपाईँलाई घाउ वा फोकाफोकी भएको महसूूस हुँदैन।,71,59,0
SENT_0001181,DIAB_012,Diabetes and Nerve Damage,diabetic_nerve_problems,98,1,ne,▸ सञ्ारसम्बनधी समस्ाहरूले संक्रमणको जोखिम थप्छ र खुट्ामा निको हुने प्रक्रिया मन्द हुन सक्छ।,91,77,0
SENT_0001182,DIAB_012,Diabetes and Nerve Damage,diabetic_nerve_problems,99,1,ne,तपाईँको मधुमेहको प्रबनधन तपाईँको रगतमा चिनीको स्तरलाई सामान्य राख्न अनि नसालाई थप क्षतिबाट बचाउनका लागि तपाईँका डक्टरद्ारा निर्देेशन दिइएअनुसार तपाईँले आफनो मधुमेहको प्रबनधन गर्नु पनि जरूरी छछ:,193,166,0
SENT_0001183,DIAB_012,Diabetes and Nerve Damage,diabetic_nerve_problems,100,1,ne,• आफनो रगतमा चिनीको स्तरको निरन्तर जाँच गर्नुहोस्।,50,42,0
SENT_0001184,DIAB_012,Diabetes and Nerve Damage,diabetic_nerve_problems,101,1,ne,• मधुमेहको लागि तपाईँको औषधी निर्देेशानुसार खाइराख्ुहोस्।,57,50,0
SENT_0001185,DIAB_012,Diabetes and Nerve Damage,diabetic_nerve_problems,102,1,ne,• आफनो आहारको योजनाको पालना गर्नुहोस्।,38,32,0
SENT_0001186,DIAB_012,Diabetes and Nerve Damage,diabetic_nerve_problems,103,1,ne,• दिन्दिनै व्यायाम गर्नुहोस्।,29,25,0
SENT_0001187,DIAB_012,Diabetes and Nerve Damage,diabetic_nerve_problems,104,1,ne,• आफना खुट्ाको रक्षाका लागि दिन्दिनै खुट्ाको हेरचाह गर्नुहोस्।,62,53,0
SENT_0001188,DIAB_012,Diabetes and Nerve Damage,diabetic_nerve_problems,105,1,ne,तपाईँका कुनै प्रश्न वा चिन्ताहरू छछन् भने आफना डक्टर वा नर्सलाई सम्पर्क गर्नुहोस्।,82,70,0
SENT_0001189,ASTH_001,Asthma,asthma,2,1,en,Asthma is a disease that causes the airways that lead into your lungs to become narrow and produce mucus.,105,0,86
SENT_0001190,ASTH_001,Asthma,asthma,2,2,en,"When this happens, it may become hard to breathe.",49,0,39
SENT_0001191,ASTH_001,Asthma,asthma,3,1,en,Some people have a hard time breathing only at certain times.,61,0,50
SENT_0001192,ASTH_001,Asthma,asthma,3,2,en,"This may be during allergy season, when they get a cold, or when they exercise.",79,0,62
SENT_0001193,ASTH_001,Asthma,asthma,3,3,en,Others have breathing problems a lot of the time.,49,0,40
SENT_0001194,ASTH_001,Asthma,asthma,4,1,en,"When asthma symptoms suddenly get worse (or flare up), the airways tighten and become narrower.",95,0,77
SENT_0001195,ASTH_001,Asthma,asthma,4,2,en,"This makes it hard to breathe, and you may wheeze or cough.",59,0,46
SENT_0001196,ASTH_001,Asthma,asthma,4,3,en,These flare-ups are also called asthma attacks.,47,0,39
SENT_0001197,ASTH_001,Asthma,asthma,5,1,en,Treatment can help you feel and breathe better and help keep your lungs healthy.,80,0,66
SENT_0001198,ASTH_001,Asthma,asthma,7,1,en,• Breathing faster than normal or trouble breathing,51,0,43
SENT_0001199,ASTH_001,Asthma,asthma,8,1,en,"• Wheezing, making a loud or soft whistling noise when you breath, or noisy breathing",85,0,68
SENT_0001200,ASTH_001,Asthma,asthma,9,1,en,• Coughing that may be worse at night or early in the morning,61,0,48
SENT_0001201,ASTH_001,Asthma,asthma,10,1,en,• Feeling tight in the chest,28,0,22
SENT_0001202,ASTH_001,Asthma,asthma,11,1,en,• Having a faster than normal heartbeat,39,0,32
SENT_0001203,ASTH_001,Asthma,asthma,12,1,en,• Having head congestion,24,0,20
SENT_0001204,ASTH_001,Asthma,asthma,13,1,en,"• Having an itchy, scratchy, or sore throat",43,0,33
SENT_0001205,ASTH_001,Asthma,asthma,14,1,en,• Being tired or getting tired quickly during exercise,54,0,45
SENT_0001206,ASTH_001,Asthma,asthma,15,1,en,• If your doctor ordered a peak flow meter and your meter shows a drop in peak flow meter readings,98,0,78
SENT_0001207,ASTH_001,Asthma,asthma,16,1,ne,दम एक रोग हो जसले तपाईंको फोकसोमा जाने वायुमार्गहरू साँघुरो बनाउँछ र कफ उतपादन गर्दछ।,85,71,0
SENT_0001208,ASTH_001,Asthma,asthma,16,2,ne,"यो हँदा, सास फेर्न गाह्ो हुन सकछ।",33,26,0
SENT_0001209,ASTH_001,Asthma,asthma,17,1,ne,कतिपय मानिसहरूलाई निश्चित समयमा मात्र सास फेर्न गाह्ो हुनछ।,59,51,0
SENT_0001210,ASTH_001,Asthma,asthma,17,2,ne,"यो एलर्जीको मौसममा हुन सकछ, जब उनीहरूलाई चिसो हुनछ, वा उनीहरूले व्ायाम गर्छन्।",78,64,0
SENT_0001211,ASTH_001,Asthma,asthma,18,1,ne,अरूलाई धेरै समय सास फेर्नमा समसया हुनछ।,39,33,0
SENT_0001212,ASTH_001,Asthma,asthma,19,1,ne,"जब दमका लक्षणहरू अचानक खराब हुनछन् (वा एकाएक तीब्र हुनछ), वायुमार्गहरू कडा र साँघुरो हुनछन्।",92,75,0
SENT_0001213,ASTH_001,Asthma,asthma,20,1,ne,"यसले सास फेर्न गाह्ो बनाउँछ, र तपाईंलाई सवाँ-सवाँ हुने वा खोकी लागन सकछ।",72,58,0
SENT_0001214,ASTH_001,Asthma,asthma,20,2,ne,यी एकाएक तीब्र हुने अवस्ाहरूलाई दमको आक्रमण पनि भनिनछ।,54,46,0
SENT_0001215,ASTH_001,Asthma,asthma,21,1,ne,उपचारले तपाईंलाई सजिलो महसुस गराउन र सास फेर्न र तपाईंको फोकसोलाई स्वस्थ राखन मद्दत गर्न सकछ।,93,78,0
SENT_0001216,ASTH_001,Asthma,asthma,23,1,ne,• सामानयभनदा छिटो सास फेर्नु वा सास फेर्न गाह्ो हुनु,52,42,0
SENT_0001217,ASTH_001,Asthma,asthma,24,1,ne,"• सवाँ-सवाँ हुनु, सास फेर्दा चर्कोसँग वा बिसतारै सिट्टी फुकेको जसतो आवाज आउनु, वा घयारघयार हुनु",95,76,0
SENT_0001218,ASTH_001,Asthma,asthma,25,1,ne,• खोकी लागनु जुन राती वा बिहान सबेरै धेरै लागन सकछ,50,39,0
SENT_0001219,ASTH_001,Asthma,asthma,26,1,ne,• छाती कस्सिएको जसतो महसुस हुनु,31,25,0
SENT_0001220,ASTH_001,Asthma,asthma,27,1,ne,• मुटुको धड्कन सामानयभनदा छिटो हुनु,35,29,0
SENT_0001221,ASTH_001,Asthma,asthma,28,1,ne,• टाउको टनटन दुखनु,18,14,0
SENT_0001222,ASTH_001,Asthma,asthma,29,1,ne,"• घाँटीी दुखने, चिलाउने वा चिरिएको जसतो हुने",44,35,0
SENT_0001223,ASTH_001,Asthma,asthma,30,1,ne,• थाकनु वा व्ायाम गर्दा छिटो थाकनु,34,27,0
SENT_0001224,ASTH_001,Asthma,asthma,31,1,ne,• यदि तपाईंको चिकितसकले पिक फलो मिटर अर्डर गर्नुभयो र तपाईंको मिटरले पिक फलो मिटर रिडिङमा कम देखाउँछ भने,104,85,0
SENT_0001225,ASTH_001,Asthma,asthma,32,1,en,You may have more signs of asthma if you:,41,0,32
SENT_0001226,ASTH_001,Asthma,asthma,33,1,en,• Have allergies,16,0,13
SENT_0001227,ASTH_001,Asthma,asthma,34,1,en,• Have a family member with asthma,34,0,27
SENT_0001228,ASTH_001,Asthma,asthma,35,1,en,• Are sensitive to air pollution,32,0,26
SENT_0001229,ASTH_001,Asthma,asthma,36,1,en,• Are exposed to smoke,22,0,17
SENT_0001230,ASTH_001,Asthma,asthma,37,1,en,• Have stress Symptoms may start soon after you are around things (triggers) that cause your asthma attacks.,108,0,87
SENT_0001231,ASTH_001,Asthma,asthma,37,2,en,This is an early phase response.,32,0,26
SENT_0001232,ASTH_001,Asthma,asthma,37,3,en,Or they may start several hours after exposure (late phase response).,69,0,56
SENT_0001233,ASTH_001,Asthma,asthma,37,4,en,A late phase response can make it harder to figure out what triggers your symptoms.,83,0,68
SENT_0001234,ASTH_001,Asthma,asthma,38,1,en,Symptoms can be mild or severe.,31,0,25
SENT_0001235,ASTH_001,Asthma,asthma,38,2,en,You may have symptoms daily or now and then.,44,0,35
SENT_0001236,ASTH_001,Asthma,asthma,38,3,en,Or you may have something in between.,37,0,30
SENT_0001237,ASTH_001,Asthma,asthma,39,1,en,"Some people have symptoms that get worse at night, such as a cough and shortness of breath.",91,0,73
SENT_0001238,ASTH_001,Asthma,asthma,40,1,en,Your Care Your care may include:,32,0,26
SENT_0001239,ASTH_001,Asthma,asthma,41,1,en,• Taking different medicines to:,32,0,26
SENT_0001240,ASTH_001,Asthma,asthma,42,1,en,Open airways Decrease your body’s response to allergens Decrease the swelling of your airways Decrease congestion,113,0,97
SENT_0001241,ASTH_001,Asthma,asthma,43,1,en,• Finding out what causes your symptoms.,40,0,32
SENT_0001242,ASTH_001,Asthma,asthma,44,1,en,• Allergy testing.,18,0,14
SENT_0001243,ASTH_001,Asthma,asthma,45,1,en,• Using a peak flow meter to check and prevent asthma attacks.,62,0,49
SENT_0001244,ASTH_001,Asthma,asthma,46,1,en,• Drinking a large glass of liquid every 1 to 2 hours.,54,0,39
SENT_0001245,ASTH_001,Asthma,asthma,46,2,en,This helps keep your mucus thin.,32,0,26
SENT_0001246,ASTH_001,Asthma,asthma,46,3,en,Thin mucus is easier for you to cough up and decreases the swelling in your lungs.,82,0,66
SENT_0001247,ASTH_001,Asthma,asthma,46,4,en,"Clear liquids are best, such as water, fruit juice, tea, broth, and clear soups.",80,0,61
SENT_0001248,ASTH_001,Asthma,asthma,48,1,ne,• एलर्जी छ भने,14,10,0
SENT_0001249,ASTH_001,Asthma,asthma,49,1,ne,• परिवारको सदसयलाई दम छ भने,27,21,0
SENT_0001250,ASTH_001,Asthma,asthma,50,1,ne,• वायु प्रदूषणप्रति संवेदनशील हुनुहुनछ भने,42,36,0
SENT_0001251,ASTH_001,Asthma,asthma,51,1,ne,• धुवाँको संसर्गमा हुनुहुनछ भने,31,26,0
SENT_0001252,ASTH_001,Asthma,asthma,52,1,ne,• तनाव छ भने तपाईं आफूलाई दमको आक्रमण गराउने चीजहरू (ट्रिगरहरू) को वरिपरि हुनुहुनछ भने लक्षणहरू चाँडै सुरु हुन सकछ।,115,93,0
SENT_0001253,ASTH_001,Asthma,asthma,52,2,ne,यो प्रारम्भिक चरणको प्रतिक्रिया हो।,35,31,0
SENT_0001254,ASTH_001,Asthma,asthma,52,3,ne,वा तिनीहरू अनावरणपछिको धेरै घणटापछि सुरु हुन सकछन् (ढिलो चरणको प्रतिक्रिया)।,76,64,0
SENT_0001255,ASTH_001,Asthma,asthma,52,4,ne,ढिलो चरणको प्रतिक्रियाले तपाईंका लक्षणहरूलाई केले ट्रिगर गर्दछ भनेर पत्ा लगाउन गाह्ो बनाउन सकछ।,95,82,0
SENT_0001256,ASTH_001,Asthma,asthma,53,1,ne,लक्षणहरू सामानय वा गम्भीर हुन सकछन्।,36,31,0
SENT_0001257,ASTH_001,Asthma,asthma,53,2,ne,तपाईंलाई दिनहँ वा समय समयमा लक्षणहरू देखिन सकछ।,47,40,0
SENT_0001258,ASTH_001,Asthma,asthma,53,3,ne,वा तपाईंलाई बिचमा केही हुन सकछ।,31,26,0
SENT_0001259,ASTH_001,Asthma,asthma,54,1,ne,केही व्यक्तिहरूमा रातमा खराब हुने खोकी र सास फेर्न गार्होो हुने जसता लक्षणहरू हुनछन्।,85,72,0
SENT_0001260,ASTH_001,Asthma,asthma,55,1,ne,तपाईंको हेरचाह तपाईंको हेरचाहमा निमन समावेश हुन सकनेछ:,54,46,0
SENT_0001261,ASTH_001,Asthma,asthma,56,1,ne,• देहायका लागि विभिन्न औषधिहरू खानेः तपाईंको वायुमार्गको सूजन कम गर्न टाउको दुखाई घटाउन,87,73,0
SENT_0001262,ASTH_001,Asthma,asthma,57,1,ne,• तपाईंको लक्षणहरूको कारण पत्ा लगाउनका लागि।,44,37,0
SENT_0001263,ASTH_001,Asthma,asthma,58,1,ne,• एलर्जी परीक्षण।,17,14,0
SENT_0001264,ASTH_001,Asthma,asthma,59,1,ne,• दमको आक्रमण जाँच गर्न र रोकनको लागि पिक फलो मिटरको प्रयोग गर्ने।,66,53,0
SENT_0001265,ASTH_001,Asthma,asthma,60,1,ne,• हरेक 1 देखि 2 घणटामा ठूलो गिलासको एक गिलास तरल पदार्थ पिउने।,62,47,0
SENT_0001266,ASTH_001,Asthma,asthma,60,2,ne,यसले तपाईंको कफ पातलो बनाउन मद्दत गर्दछ।,40,34,0
SENT_0001267,ASTH_001,Asthma,asthma,60,3,ne,पातलो कफले तपाईंलाई खोकन सजिलो हुनछ र तपाईंको फोकसोमा भएको सुजनलाई कम गर्छ।,75,63,0
SENT_0001268,ASTH_001,Asthma,asthma,60,4,ne,"पानी, फलफूलको रस, चिया, ब्रोथ, र सङ्लो सूप जसता सङ्ला तरल पदार्थहरू उत्तम हुनछन्।",81,64,0
SENT_0001269,ASTH_001,Asthma,asthma,61,1,en,• Avoiding milk products when wheezing because they can thicken your mucus.,75,0,62
SENT_0001270,ASTH_001,Asthma,asthma,62,1,en,To Prevent Asthma Attacks There’s no certain way to prevent asthma.,67,0,55
SENT_0001271,ASTH_001,Asthma,asthma,63,1,en,"But you can reduce your risk of asthma attacks by avoiding things that cause them, called triggers.",99,0,81
SENT_0001272,ASTH_001,Asthma,asthma,64,1,en,"The goal is to reduce how many attacks you have, how long they last, and how bad they get.",90,0,69
SENT_0001273,ASTH_001,Asthma,asthma,65,1,en,Start by avoiding your asthma triggers.,39,0,33
SENT_0001274,ASTH_001,Asthma,asthma,65,2,en,For example:,12,0,10
SENT_0001275,ASTH_001,Asthma,asthma,66,1,en,• Keep asthma medicine with you at all times.,45,0,35
SENT_0001276,ASTH_001,Asthma,asthma,66,2,en,Take your scheduled medicines even if your symptoms go away.,60,0,50
SENT_0001277,ASTH_001,Asthma,asthma,67,1,en,• Don’t smoke and avoid being around others when they smoke.,60,0,47
SENT_0001278,ASTH_001,Asthma,asthma,68,1,en,"• Stay away from foods, medicines, or things that cause you to have signs of",76,0,59
SENT_0001279,ASTH_001,Asthma,asthma,69,1,en,"• Stay inside when air pollution, pollen, or dust levels are high.",66,0,51
SENT_0001280,ASTH_001,Asthma,asthma,70,1,en,• Avoid contact with people who have a cold or flu.,51,0,39
SENT_0001281,ASTH_001,Asthma,asthma,71,1,en,• Rest and drink plenty of liquids at the first sign of a cold.,63,0,48
SENT_0001282,ASTH_001,Asthma,asthma,72,1,en,• Breathe through a scarf or other covering in cold weather.,60,0,48
SENT_0001283,ASTH_001,Asthma,asthma,73,1,en,• Talk to your doctor about an exercise to strengthen your lungs.,65,0,52
SENT_0001284,ASTH_001,Asthma,asthma,74,1,en,• Reduce stress.,16,0,12
SENT_0001285,ASTH_001,Asthma,asthma,75,1,en,"Also, be sure to:",17,0,12
SENT_0001286,ASTH_001,Asthma,asthma,76,1,en,• Ask your doctor about getting the flu and pneumococcal vaccines.,66,0,54
SENT_0001287,ASTH_001,Asthma,asthma,76,2,en,"Illnesses like colds, flu, or pneumonia can make symptoms worse.",64,0,52
SENT_0001288,ASTH_001,Asthma,asthma,77,1,en,"• Avoid taking aspirin, ibuprofen, or similar medicines if they make symptoms worse.",84,0,68
SENT_0001289,ASTH_001,Asthma,asthma,78,1,ne,• सवाँ-सवाँ हँदा दूगध उतपादनहरू नखानुहोस् किनभने तिनीहरूले तपाईंको कफ बाकलो बनाउन सकछन्।,88,74,0
SENT_0001290,ASTH_001,Asthma,asthma,79,1,ne,दमको आक्रमण रोक्न दमबाट बचने कुनै निश्चित उपाय छैन।,51,43,0
SENT_0001291,ASTH_001,Asthma,asthma,79,2,ne,तर तपाईंले ट्रिगरहरू भनिने चीजहरूबाट टाढा रहेर दमको आक्रमणको जोखिम कम गर्न सक्नुहुनछ।,85,73,0
SENT_0001292,ASTH_001,Asthma,asthma,80,1,ne,"तपाईंलाई कति आक्रमणहरू आए, तिनीहरू कति लामो समयसमम रहनछन्, र तिनीहरू कति नराम्ो हुनछन् ती सबलाई कम गर्ने लक्य हो।",113,92,0
SENT_0001293,ASTH_001,Asthma,asthma,81,1,ne,आफनो दम ट्रिगरहरूबाट टाढा गरेर सुरू गर्नुहोस्।,46,40,0
SENT_0001294,ASTH_001,Asthma,asthma,83,1,ne,• दमको औषधि सधैँ आफूसँगै राखनुहोस्।,35,29,0
SENT_0001295,ASTH_001,Asthma,asthma,83,2,ne,लक्षणहरू नभएता पनि आफनो निर्धारित औषधिहरू खानुहोस्।,51,45,0
SENT_0001296,ASTH_001,Asthma,asthma,84,1,ne,• धुम्रपान नगर्नुहोस् र अरूहरूले धुम्रपान गर्दा तयसको वरिपरि नबसनुहोस्।,71,61,0
SENT_0001297,ASTH_001,Asthma,asthma,85,1,ne,"• खाना, औषधि वा ती चीजहरूबाट टाढा रहनुहोस् जसको कारणबाट तपाईंलाई दमको लक्षणहरू देखिनछ।",86,71,0
SENT_0001298,ASTH_001,Asthma,asthma,86,1,ne,"• वायु प्रदूषण, परागकण, वा धुलोको सतर उच्च हँदा भित्रैत्रै बसनुहोस्।",68,55,0
SENT_0001299,ASTH_001,Asthma,asthma,87,1,ne,• रुघाखोकी वा चिसो लागेका व्यक्तिहरूसँगको सम्पर्कबाट टाढा रहनुहोस्।,67,58,0
SENT_0001300,ASTH_001,Asthma,asthma,88,1,ne,• चिसोको सुरूवाती संकेत देखिएमा आराम गर्नुहोस् र प्रशसत तरल पदार्थ पिउनुहोस्।,77,65,0
SENT_0001301,ASTH_001,Asthma,asthma,89,1,ne,• चिसो मौसममा फेटा वा अनय चिजले छोपेर सास लिनुहोस्।,51,41,0
SENT_0001302,ASTH_001,Asthma,asthma,90,1,ne,• आफनो फोकसो बलियो बनाउने कसरतको बारेमा आफनो चिकितसकसँग कुरा गर्नुहोस्।,71,60,0
SENT_0001303,ASTH_001,Asthma,asthma,91,1,ne,• तनाव नलिनुहोस्।,17,14,0
SENT_0001304,ASTH_001,Asthma,asthma,93,1,ne,• रूघाखोकी र नयूमोकोकल खोपहरू लगाउनेबारे आफनो चिकितसकलाई सोधनुहोस्।,67,58,0
SENT_0001305,ASTH_001,Asthma,asthma,93,2,ne,"चिसो, रुघाखोकी, वा निमोनियाजसता रोगहरूले लक्षणहरूलाई अझ खराब बनाउन सकछ।",71,60,0
SENT_0001306,ASTH_001,Asthma,asthma,94,1,ne,"• एस््पिरिन, आइबुप्रोफेन, वा तयसतै खालका औषधिहरूले लक्षणहरू अझ खराब बनाउँछन् भने तयसता औषधिहरू नखानुहोस्।",105,88,0
SENT_0001307,ASTH_001,Asthma,asthma,96,1,en,a result of your stopping medical treatment or your failure to obtain treatment.,80,0,67
SENT_0001308,ASTH_001,Asthma,asthma,97,1,en,Follow-up Care Follow-up care is a key part of your treatment and safety.,73,0,58
SENT_0001309,ASTH_001,Asthma,asthma,97,2,en,Make and go to all appointments and call your doctor if you have problems.,74,0,60
SENT_0001310,ASTH_001,Asthma,asthma,97,3,en,Knowing your test results and keeping a list of the medicines you take is also a good idea.,91,0,73
SENT_0001311,ASTH_001,Asthma,asthma,98,1,en,Call your doctor right away if you:,35,0,28
SENT_0001312,ASTH_001,Asthma,asthma,99,1,en,"• Have a cough, are wheezing or are having trouble breathing.",61,0,48
SENT_0001313,ASTH_001,Asthma,asthma,100,1,en,• Feel you need to take more medicine than your doctor has ordered.,67,0,53
SENT_0001314,ASTH_001,Asthma,asthma,101,1,en,• Have a temperature over 100.,30,0,20
SENT_0001315,ASTH_001,Asthma,asthma,101,2,en,5 degrees F or 38 degrees C.,28,0,18
SENT_0001316,ASTH_001,Asthma,asthma,102,1,en,"• Have mucus that is not white or clear, or mucus that is too thick to cough up.",80,0,60
SENT_0001317,ASTH_001,Asthma,asthma,103,1,en,"• Have problems caused by your medicine such as shakiness, confusion, nervousness, upset stomach, or a bad taste.",113,0,90
SENT_0001318,ASTH_001,Asthma,asthma,104,1,en,• Are not able to do your normal activities or exercise.,56,0,44
SENT_0001319,ASTH_001,Asthma,asthma,105,1,en,Call 911 right away if you have:,32,0,22
SENT_0001320,ASTH_001,Asthma,asthma,106,1,en,"• Severe wheezing, trouble breathing, or coughing.",50,0,40
SENT_0001321,ASTH_001,Asthma,asthma,107,1,en,• Chest pain.,13,0,9
SENT_0001322,ASTH_001,Asthma,asthma,108,1,en,• Lips or fingernails that are gray or blue.,44,0,34
SENT_0001323,ASTH_001,Asthma,asthma,109,1,en,Talk to your doctor or nurse if you have any questions or concerns.,67,0,54
SENT_0001324,ASTH_001,Asthma,asthma,110,1,ne,फलो अप हेरचाह फलो-अप हेरचाह तपाईंको उपचार र सुरक्षाको मुखय भाग हो।,66,54,0
SENT_0001325,ASTH_001,Asthma,asthma,110,2,ne,सबै भेटघाटहरू तय गर्नुहोस् र जानुहोस् र यदि तपाईंलाई समसया छ भने आफनो चिकितसकलाई फोन गर्नुहोस्।,95,80,0
SENT_0001326,ASTH_001,Asthma,asthma,110,3,ne,आफनो परीक्षण नतिजाहरू थाहा पाउनु र आफूले खाने औषधिहरूको सूची राखनु पनि राम्ो उपाय हो।,85,71,0
SENT_0001327,ASTH_001,Asthma,asthma,111,1,ne,तुरुनतै आफनो चिकितसकलाई बोलाउनुहोस् यदि तपाईंलाई:,49,43,0
SENT_0001328,ASTH_001,Asthma,asthma,112,1,ne,• खोकी लागेर सवाँ-सवाँ भएको छ वा सास फेर्न समसया भएको छ भने।,60,46,0
SENT_0001329,ASTH_001,Asthma,asthma,113,1,ne,• तपाईंले आफनो चिकितसकले आदेश दिएको भनदा बढीी औषधि लिन आवशयक महसुस गर्नुभएमा।,77,64,0
SENT_0001330,ASTH_001,Asthma,asthma,114,1,unknown,• 100.,6,0,0
SENT_0001331,ASTH_001,Asthma,asthma,115,1,ne,"• सेतो वा सङ्लो नभएको कफ, वा खकार्नको लागि धेरै नै बाकलो कफ भएमा।",65,50,0
SENT_0001332,ASTH_001,Asthma,asthma,116,1,ne,"• तपाईंको औषधिको कारणले गर्दा भएका समसयाहरू जसतै कामने, भ्रम, घबराहट, पेटमा खराबी, वा नमिठो सवाद भएमा।",102,81,0
SENT_0001333,ASTH_001,Asthma,asthma,117,1,ne,• आफनो सामानय गतिविधि वा व्ायाम गर्न सक्षम नभएमा।,49,40,0
SENT_0001334,ASTH_001,Asthma,asthma,118,1,ne,तपाईंलाई निम्न कुनन ै समस्ा छ भनने तुरूनतै 911 मा फोनन गर्नुहोस्:,65,50,0
SENT_0001335,ASTH_001,Asthma,asthma,119,1,ne,"• गहिरो सवाँ-सवाँ, सास फेर्नमा समसया, वा खोकी।",46,35,0
SENT_0001336,ASTH_001,Asthma,asthma,120,1,ne,• छाती दुखेमा,13,10,0
SENT_0001337,ASTH_001,Asthma,asthma,121,1,ne,• ओठ वा हातका नङहरू खैरो वा नीलो भएमा।,38,29,0
SENT_0001338,ASTH_001,Asthma,asthma,122,1,ne,यदि तपाईंका कुनै प्रश्नहरू वा सरोकारहरू छन् भने आफनो चिकितसक वा नर्सँग कुरा गर्नुहोस्।,86,73,0
SENT_0001339,ASTH_002,Nebulizer Treatments,asthma,2,1,en,Some medicines need to be given through a nebulizer treatment.,62,0,52
SENT_0001340,ASTH_002,Nebulizer Treatments,asthma,2,2,en,"Nebulizer treatments are also called breathing treatments, aerosol treatments or med nebs.",90,0,77
SENT_0001341,ASTH_002,Nebulizer Treatments,asthma,2,3,en,A nebulizer changes liquid medicine into a fine mist that you breathe into the airways of your lungs.,101,0,83
SENT_0001342,ASTH_002,Nebulizer Treatments,asthma,3,1,en,Sometimes it is used for people who have a hard time using inhalers.,68,0,55
SENT_0001343,ASTH_002,Nebulizer Treatments,asthma,4,1,en,How often you have the nebulizer treatments will depend on:,59,0,49
SENT_0001344,ASTH_002,Nebulizer Treatments,asthma,5,1,en,• The type of medicine you are to take,38,0,29
SENT_0001345,ASTH_002,Nebulizer Treatments,asthma,6,1,en,• How short of breath you are or the amount of wheezing you have Taking a Treatment,83,0,66
SENT_0001346,ASTH_002,Nebulizer Treatments,asthma,7,1,en,• The treatment can be done with a mask or mouthpiece based on which works best for you.,88,0,69
SENT_0001347,ASTH_002,Nebulizer Treatments,asthma,8,1,en,"If using a mouthpiece, place the mouthpiece in your mouth past your teeth.",74,0,60
SENT_0001348,ASTH_002,Nebulizer Treatments,asthma,8,2,en,Make a seal around the mouthpiece with your lips.,49,0,40
SENT_0001349,ASTH_002,Nebulizer Treatments,asthma,9,1,en,"When using a mask, place it over your mouth and nose.",53,0,41
SENT_0001350,ASTH_002,Nebulizer Treatments,asthma,10,1,en,• Check your pulse before your treatment and write it down.,59,0,47
SENT_0001351,ASTH_002,Nebulizer Treatments,asthma,11,1,en,• You will see a fine mist when the treatment is started.,57,0,44
SENT_0001352,ASTH_002,Nebulizer Treatments,asthma,11,2,en,"Sit down, relax and take normal, regular breaths in through your mouth.",71,0,57
SENT_0001353,ASTH_002,Nebulizer Treatments,asthma,12,1,ne,केही औषधी नेबुलाइजर उपचारमार्फत दिनु पर्ने हुन्छ।,49,43,0
SENT_0001354,ASTH_002,Nebulizer Treatments,asthma,12,2,ne,"नेबुलाइजर उपचारलाई श्ास उपचार, एरोसोल उपचार वा मेड नेब्स पनि भनिन्छ।",68,57,0
SENT_0001355,ASTH_002,Nebulizer Treatments,asthma,12,3,ne,नेबुलाइजरले तरल औषधीलाई मसिनो बाफमा परिवर्ति गर्दछछ जसलाई तपाईं आफनो फोक्ोको श्ासमार्गमा तान्ुहुन्छ।,100,88,0
SENT_0001356,ASTH_002,Nebulizer Treatments,asthma,13,1,ne,कहिलेकाहिँ यसको प्रयोग यस्ा मानिसहरू निम्ति गरिन्छ जसलाई इनहेलरको प्रयोग गर्न कठिनाइ हुन्छ।,91,79,0
SENT_0001357,ASTH_002,Nebulizer Treatments,asthma,15,1,ne,• तपाईंद्ारा लिइने औषधीको प्रकार,32,27,0
SENT_0001358,ASTH_002,Nebulizer Treatments,asthma,16,1,ne,• तपाईंको लागि उपयुक्त हुनेगरी मास्क वा माउथपिसद्ारा उपचार गर्न सकिन्छ।,71,60,0
SENT_0001359,ASTH_002,Nebulizer Treatments,asthma,17,1,ne,गर्नुहोस्।,10,10,0
SENT_0001360,ASTH_002,Nebulizer Treatments,asthma,18,1,ne,"4 मास्कको प्रयोग गर्दा, यसलाई आफनो मुख र नाक छछोप्ेगरी लगाउनुहोस्।",66,54,0
SENT_0001361,ASTH_002,Nebulizer Treatments,asthma,19,1,ne,• उपचार सुरु गर्नुअघि आफनो नाडीको गति जाँच्ुहोस् र लेखेर राख्नुहोस्।,68,57,0
SENT_0001362,ASTH_002,Nebulizer Treatments,asthma,20,1,ne,• उपचार सुरुभएपछि तपाईंले मसिनो बाफजस्ो देख्नुहुनेछछ ।,54,46,0
SENT_0001363,ASTH_002,Nebulizer Treatments,asthma,20,2,ne,"बस्ुहोस्, आराम गर्नुहोस् र आफनो मुखमार्फत् सामान्य, नियमित सास फेर्नुहोस्।",74,63,0
SENT_0001364,ASTH_002,Nebulizer Treatments,asthma,21,1,en,"• When all the medicine is used up, turn off the pump.",54,0,40
SENT_0001365,ASTH_002,Nebulizer Treatments,asthma,21,2,en,The treatment will last about 10 to 15 minutes.,47,0,34
SENT_0001366,ASTH_002,Nebulizer Treatments,asthma,22,1,en,• Take a couple deep breaths and cough at the end of your treatment to bring up any loose mucus.,96,0,75
SENT_0001367,ASTH_002,Nebulizer Treatments,asthma,22,2,en,Spit the mucus into a tissue and throw the tissue into the trash.,65,0,52
SENT_0001368,ASTH_002,Nebulizer Treatments,asthma,23,1,en,Wash your hands.,16,0,13
SENT_0001369,ASTH_002,Nebulizer Treatments,asthma,24,1,en,Stop the treatment if:,22,0,18
SENT_0001370,ASTH_002,Nebulizer Treatments,asthma,25,1,en,"• You feel light headed, dizzy or shaky.",40,0,30
SENT_0001371,ASTH_002,Nebulizer Treatments,asthma,26,1,en,• Your pulse rate gets much faster.,35,0,27
SENT_0001372,ASTH_002,Nebulizer Treatments,asthma,27,1,en,"Wait a few minutes and if the symptoms go away, restart the treatment.",70,0,56
SENT_0001373,ASTH_002,Nebulizer Treatments,asthma,27,2,en,"If the symptoms do not go away, or if they come back when you restart the treatment, call your doctor.",102,0,80
SENT_0001374,ASTH_002,Nebulizer Treatments,asthma,28,1,en,You may need to change your medicine or dose.,45,0,36
SENT_0001375,ASTH_002,Nebulizer Treatments,asthma,29,1,en,How to Prepare Your Medicine Follow these steps to get your medicine ready to do the nebulizer treatment:,105,0,87
SENT_0001376,ASTH_002,Nebulizer Treatments,asthma,30,1,en,Wash your hands with soap and warm water.,41,0,33
SENT_0001377,ASTH_002,Nebulizer Treatments,asthma,30,2,en,Rinse and dry your hands.,25,0,20
SENT_0001378,ASTH_002,Nebulizer Treatments,asthma,31,1,en,Gather your medicine and the nebulizer cup.,43,0,36
SENT_0001379,ASTH_002,Nebulizer Treatments,asthma,32,1,en,Check your medicine label to be sure it is the right medicine.,62,0,50
SENT_0001380,ASTH_002,Nebulizer Treatments,asthma,32,2,en,Also check that you have the correct dose or strength of medicine your doctor ordered.,86,0,71
SENT_0001381,ASTH_002,Nebulizer Treatments,asthma,33,1,en,Look at the expiration date on the label and be sure that your medicine is not out of date.,91,0,72
SENT_0001382,ASTH_002,Nebulizer Treatments,asthma,33,2,en,"If the date is past, you need to get new medicine.",50,0,38
SENT_0001383,ASTH_002,Nebulizer Treatments,asthma,34,1,ne,"• औषधी सकिएपछि, पम्पलाई बन्द गर्नुहोस्।",39,32,0
SENT_0001384,ASTH_002,Nebulizer Treatments,asthma,35,1,ne,उपचार करिब 10 देखि 15 मिनेटसम्म चल्नेछछ।,40,30,0
SENT_0001385,ASTH_002,Nebulizer Treatments,asthma,36,1,ne,• दुईपटक गहिरो सास फेर्नुहोस् र उपचारको अन्त्यमा खकार आएको छछ भने निकालनुहोस्।,78,65,0
SENT_0001386,ASTH_002,Nebulizer Treatments,asthma,36,2,ne,खकारलाई टिश्ु पेपरमा थुक्ुहोस् र त्ो टिश्ु पेपरलाई फोहोरको ढ्वाङ्गमा फाँक्ुहोस्।,80,70,0
SENT_0001387,ASTH_002,Nebulizer Treatments,asthma,36,3,ne,आफना हातहरू धुनुहोस्।,21,19,0
SENT_0001388,ASTH_002,Nebulizer Treatments,asthma,38,1,ne,"• तपाईंको शिर हुत्तिएको जस्ो, रिंगटा चलेको जस्ो वा अस्िर हुन्छ।",63,51,0
SENT_0001389,ASTH_002,Nebulizer Treatments,asthma,39,1,ne,• तपाईंको नाडीको गति धेरै तीव्र हुन्छ।,38,31,0
SENT_0001390,ASTH_002,Nebulizer Treatments,asthma,40,1,ne,"केही क्षण प्रतीक्षा गर्नुहोस् अनि ती लक्षण हराउँछछ न् भने, उपचार फेरि सुरु गर्नुहोस्।",85,71,0
SENT_0001391,ASTH_002,Nebulizer Treatments,asthma,40,2,ne,यदि लक्षण हराउँदैनन् भने वा उपचार फेरि सुरु गर्दा त्यस्ै हुन्छ भने आफना डक्टरलाई कल गर्नुहोस्।,94,79,0
SENT_0001392,ASTH_002,Nebulizer Treatments,asthma,40,3,ne,तपाईंले आफनो औषधी वा खुराक बदलिनु पर्ने हुन सक्छ।,49,41,0
SENT_0001393,ASTH_002,Nebulizer Treatments,asthma,41,1,ne,औषधी कसरी तयार गर्ने नेबुलाइजर उपचारका लागि तपाईंको औषधी तयार गर्न निम्न पाइलाहरूको अनुगमन गर्नुहोस्:,101,86,0
SENT_0001394,ASTH_002,Nebulizer Treatments,asthma,42,1,ne,आफना हातहरू साबुन र मनतातो पानीले धुनुहोस्।,43,37,0
SENT_0001395,ASTH_002,Nebulizer Treatments,asthma,43,1,ne,हात पखालेर सुकाउनुहोस्।,23,21,0
SENT_0001396,ASTH_002,Nebulizer Treatments,asthma,44,1,ne,तपाईंको औषधी र नेबुलाइजर कप एक ठाउँमा राख्नुहोस्।,49,42,0
SENT_0001397,ASTH_002,Nebulizer Treatments,asthma,45,1,ne,तपाईंको औषधी सही हो भनी सुनिश्चित गर्न औषधीको लेबल जाँच गर्नुहोस्।,66,56,0
SENT_0001398,ASTH_002,Nebulizer Treatments,asthma,45,2,ne,औषधीको सही खुराक छछ वा तपाईंका डक्टरको निर्देेशनमोजिमको मात्ा छछ भनी पनि जाँच्ुहोस्।,84,72,0
SENT_0001399,ASTH_002,Nebulizer Treatments,asthma,46,1,ne,औषधीको लेबलमा प्रयोगको अन््तिम मिति हेर्नुहोस् र तपाईंको औषधीको मिति सकिइसकेको छछैन भनी सुनिश्चित गर्नुहोस्।,108,94,0
SENT_0001400,ASTH_002,Nebulizer Treatments,asthma,46,2,ne,मिति सकिइसकेको छछ भने तपाईंले नयाँ औषधी लिनु पर्छ।,50,42,0
SENT_0001401,ASTH_002,Nebulizer Treatments,asthma,47,1,en,Open the nebulizer cup.,23,0,19
SENT_0001402,ASTH_002,Nebulizer Treatments,asthma,48,1,en,Measure your medicine and put it into the nebulizer cup.,56,0,46
SENT_0001403,ASTH_002,Nebulizer Treatments,asthma,48,2,en,Use only the amount of medicine your doctor ordered.,52,0,43
SENT_0001404,ASTH_002,Nebulizer Treatments,asthma,49,1,en,Close the cup.,14,0,11
SENT_0001405,ASTH_002,Nebulizer Treatments,asthma,50,1,en,Keep the cup upright and attach it to the tubing and the mouthpiece or mask.,76,0,61
SENT_0001406,ASTH_002,Nebulizer Treatments,asthma,51,1,en,Check that the tubing is attached to the pump and turn the nebulizer pump on.,77,0,62
SENT_0001407,ASTH_002,Nebulizer Treatments,asthma,52,1,en,Relax and breathe in the medicine.,34,0,28
SENT_0001408,ASTH_002,Nebulizer Treatments,asthma,53,1,en,Continue until there is no more mist.,37,0,30
SENT_0001409,ASTH_002,Nebulizer Treatments,asthma,54,1,en,"Clean Your Equipment to Prevent Infections Clean the outside of the nebulizer pump and tubing each week with a disinfectant wipe or damp cloth, or as directed by the manufacturer.",179,0,148
SENT_0001410,ASTH_002,Nebulizer Treatments,asthma,55,1,en,Never put the pump or tubing in water.,38,0,30
SENT_0001411,ASTH_002,Nebulizer Treatments,asthma,56,1,en,Clean the nebulizer cup and the mouthpiece or mask after each use and as directed to prevent infections.,104,0,86
SENT_0001412,ASTH_002,Nebulizer Treatments,asthma,57,1,ne,नेबुलाइजर कप खोलनुहोस्।,23,21,0
SENT_0001413,ASTH_002,Nebulizer Treatments,asthma,58,1,ne,तपाईंको औषधी नापेर नेबुलाइजर कपमा हालनुहोस्।,44,39,0
SENT_0001414,ASTH_002,Nebulizer Treatments,asthma,58,2,ne,तपाईंका डक्टरको निर्देेशनबमोजिम औषधीको मात्ाको प्रयोग गर्नुहोस्।,64,58,0
SENT_0001415,ASTH_002,Nebulizer Treatments,asthma,59,1,ne,कपलाई बन्द गर्नुहोस्।,21,19,0
SENT_0001416,ASTH_002,Nebulizer Treatments,asthma,60,1,ne,कपलाई ठाडो राखेर त्यसलाई ट्युबिङ र माउथपिस वा मास्कमा जोड्नुहोस्।,65,56,0
SENT_0001417,ASTH_002,Nebulizer Treatments,asthma,61,1,ne,ट्युबिङ पम्पसँग जोडिएको छछ भनी जाँच गर्नुहोस् र नेबुलाइजर पम्प चालु गर्नुहोस्।,78,67,0
SENT_0001418,ASTH_002,Nebulizer Treatments,asthma,62,1,ne,आराम गर्नुहोस् र औषधी सासमार्फत तान्ुहोस्।,42,37,0
SENT_0001419,ASTH_002,Nebulizer Treatments,asthma,63,1,ne,औषधीको बाफ निस्किरहँदासम्म जारी राख्नुहोस्।,43,39,0
SENT_0001420,ASTH_002,Nebulizer Treatments,asthma,64,1,ne,संक्रमण रोकथाम निम्ति आफनो उपकरण सफ्ा गर्नुहोस्।,48,42,0
SENT_0001421,ASTH_002,Nebulizer Treatments,asthma,65,1,ne,नेबुलाइजर पम्प र ट्युबिङको बाहिरी भागलाई हरेक साता निःसंक्रमण वाइप वा गिलो लुगाले वा औषधी निर्माताको निर्देेशनअनुसार सफ्ा गर्नुहोस्।,132,114,0
SENT_0001422,ASTH_002,Nebulizer Treatments,asthma,66,1,ne,पम्प वा ट्युबिङलाई कहिल्यै पानीमा नहालनुहोस्।,45,40,0
SENT_0001423,ASTH_002,Nebulizer Treatments,asthma,67,1,ne,संक्रमण रोकथामका लागि निर्देेशनअनुसार प्रत्ेक प्रयोगपछि नेबुलाइजर कप र माउथपिस वा मास्कलाई सफ्ा गर्नुहोस्।,106,93,0
SENT_0001424,ASTH_002,Nebulizer Treatments,asthma,68,1,en,After each treatment 1.,23,0,18
SENT_0001425,ASTH_002,Nebulizer Treatments,asthma,68,2,en,Disconnect the cup from the tubing and from the mouthpiece or mask.,67,0,55
SENT_0001426,ASTH_002,Nebulizer Treatments,asthma,68,3,en,Set the tubing aside until the next treatment.,46,0,38
SENT_0001427,ASTH_002,Nebulizer Treatments,asthma,69,1,en,Open the nebulizer cup and rinse the cup parts and the mouthpiece or mask under warm running water.,99,0,81
SENT_0001428,ASTH_002,Nebulizer Treatments,asthma,70,1,en,Shake off the excess water and place parts on clean paper towels to air dry.,76,0,61
SENT_0001429,ASTH_002,Nebulizer Treatments,asthma,71,1,en,Cover the parts with another clean paper towel until your next treatment.,73,0,61
SENT_0001430,ASTH_002,Nebulizer Treatments,asthma,72,1,en,Wash your hands with soap and warm water.,41,0,33
SENT_0001431,ASTH_002,Nebulizer Treatments,asthma,72,2,en,Rinse and dry your hands.,25,0,20
SENT_0001432,ASTH_002,Nebulizer Treatments,asthma,73,1,en,At the end of each day 1.,25,0,17
SENT_0001433,ASTH_002,Nebulizer Treatments,asthma,73,2,en,"Wash the cup parts, mouthpiece or mask with liquid dishwashing detergent and warm water.",88,0,73
SENT_0001434,ASTH_002,Nebulizer Treatments,asthma,74,1,en,Rinse parts well with warm running water.,41,0,34
SENT_0001435,ASTH_002,Nebulizer Treatments,asthma,75,1,en,Place parts on paper towels to air dry.,39,0,31
SENT_0001436,ASTH_002,Nebulizer Treatments,asthma,76,1,en,Cover with a clean paper towel until your next treatment.,57,0,47
SENT_0001437,ASTH_002,Nebulizer Treatments,asthma,77,1,en,One time each week or as directed 1.,36,0,27
SENT_0001438,ASTH_002,Nebulizer Treatments,asthma,77,2,en,Soak the pre-washed parts in white vinegar solution for 30 minutes.,67,0,53
SENT_0001439,ASTH_002,Nebulizer Treatments,asthma,77,3,en,All parts should be completely covered by the solution while soaking.,69,0,58
SENT_0001440,ASTH_002,Nebulizer Treatments,asthma,78,1,en,"• To make the solution, mix 1 part white vinegar and 3 parts water.",67,0,49
SENT_0001441,ASTH_002,Nebulizer Treatments,asthma,79,1,en,"For example, mix 1 cup of white vinegar with 3 cups of water in a container.",76,0,57
SENT_0001442,ASTH_002,Nebulizer Treatments,asthma,80,1,en,Rinse the parts well with warm running water.,45,0,37
SENT_0001443,ASTH_002,Nebulizer Treatments,asthma,81,1,en,Place the parts on clean paper towels to air dry.,49,0,39
SENT_0001444,ASTH_002,Nebulizer Treatments,asthma,81,2,en,Cover with a second clean paper towel until your next treatment.,64,0,53
SENT_0001445,ASTH_002,Nebulizer Treatments,asthma,82,1,ne,प्रत्ेक उपचारपछि 1.,19,15,0
SENT_0001446,ASTH_002,Nebulizer Treatments,asthma,82,2,ne,कपलाई ट्युबिङ र माउथपिस वा मास्कबाट अलग गर्नुहोस्।,50,43,0
SENT_0001447,ASTH_002,Nebulizer Treatments,asthma,82,3,ne,फेरि उपचार नगर्दासम्म ट्युबिङलाई अलग्ै राख्नुहोस्।,50,45,0
SENT_0001448,ASTH_002,Nebulizer Treatments,asthma,83,1,ne,नेबुलाइजर कपलाई खोलनुहोस् र कपका हिस्ाहरू तथा माउथपिस वा मास्कलाई कलको मनतातो पानीमुनि पखालनुहोस्।,98,85,0
SENT_0001449,ASTH_002,Nebulizer Treatments,asthma,84,1,ne,अतिरिक्त पानी झार्नुहोस् र कपका हिस्ाहरूलाई सफ्ा पेपर तौलियामाथि राखेर हावाले सुक्न दिनुहोस्।,93,81,0
SENT_0001450,ASTH_002,Nebulizer Treatments,asthma,85,1,ne,तपाईंको अर्को उपचार सम्मका लागि कपका हिस्ाहरूलाई अर्को सफ्ा पेपर तौलियाले ढाकेर राख्नुहोस्।,91,79,0
SENT_0001451,ASTH_002,Nebulizer Treatments,asthma,86,1,ne,आफना हातहरू साबुन र मनतातो पानीले धुनुहोस्।,43,37,0
SENT_0001452,ASTH_002,Nebulizer Treatments,asthma,87,1,ne,हात पखालेर सुकाउनुहोस्।,23,21,0
SENT_0001453,ASTH_002,Nebulizer Treatments,asthma,88,1,ne,हरेक दिनको समापनमा 1.,21,16,0
SENT_0001454,ASTH_002,Nebulizer Treatments,asthma,88,2,ne,"कपका हिस्ाहरू, माउथपिस वा मास्कलाई भाँडा माझ्े तरल साबुन र मनतातो पानीले धुनुहोस्।",82,69,0
SENT_0001455,ASTH_002,Nebulizer Treatments,asthma,89,1,ne,कपका हिस्ाहरूलाई कलको मनतातो पानीमुनि राम्ररी पखालनुहोस्।,57,51,0
SENT_0001456,ASTH_002,Nebulizer Treatments,asthma,90,1,ne,कपका हिस्ाहरूलाई पेपर तौलियामाथि राखेर हावाले सुक्न दिनुहोस्।,61,54,0
SENT_0001457,ASTH_002,Nebulizer Treatments,asthma,90,2,ne,तपाईंको अर्को उपचार सम्मका लागि सफ्ा पेपर तौलियाले ढाकेर राख्नुहोस्।,68,59,0
SENT_0001458,ASTH_002,Nebulizer Treatments,asthma,91,1,ne,हरेक साता एकपटक अथवा निर्देेशĚनअनुसार 1.,40,32,0
SENT_0001459,ASTH_002,Nebulizer Treatments,asthma,91,2,ne,पहिलेनै धोइएका हिस्ाहरूलाई सेतो भिनेगरको घोलमा 30 मिनेटसम्म भिजाउनुहोस्।,72,62,0
SENT_0001460,ASTH_002,Nebulizer Treatments,asthma,91,3,ne,घोलमा सबै हिस्ाहरूलाई भिजाउँदा राम्ररी पूरा डुबेको हुनु पर्दछछ ।,64,55,0
SENT_0001461,ASTH_002,Nebulizer Treatments,asthma,92,1,ne,"• घोल तयार गर्नका लागि, 1 भाग भिनेगर र तीन भाग पानी मिसाउनुहोस्।",64,49,0
SENT_0001462,ASTH_002,Nebulizer Treatments,asthma,93,1,ne,"उदाहरणका लागि, एउटा भाँडामा 1 कप सेतो भिनेगरमा 3 कप भिनेगर मिसाउनुहोस्।",71,57,0
SENT_0001463,ASTH_002,Nebulizer Treatments,asthma,94,1,ne,सबै हिस्ाहरूलाई कलको मनतातो पानीमुनि राम्ररी पखालनुहोस्।,56,50,0
SENT_0001464,ASTH_002,Nebulizer Treatments,asthma,95,1,ne,हिस्ाहरूलाई सफ्ा पेपर तौलियामा राखेर हावाले सुक्न दिनुहोस्।,59,52,0
SENT_0001465,ASTH_002,Nebulizer Treatments,asthma,95,2,ne,तपाईंको अर्को उपचार सम्मका लागि दोस्ो सफ्ा पेपर तौलियाले ढाकेर राख्नुहोस्।,74,64,0
SENT_0001466,ASTH_002,Nebulizer Treatments,asthma,96,1,en,"© 2012 - August 20, 2020, Health Information Translations.",58,0,35
SENT_0001467,ASTH_002,Nebulizer Treatments,asthma,97,1,en,a result of your stopping medical treatment or your failure to obtain treatment.,80,0,67
SENT_0001468,ASTH_002,Nebulizer Treatments,asthma,99,1,en,"• If you have questions about your nebulizer pump or you need new equipment parts, ask your equipment provider.",111,0,90
SENT_0001469,ASTH_002,Nebulizer Treatments,asthma,100,1,en,"• If you have any questions about your medicine or the treatment, ask your therapist, nurse or doctor.",102,0,81
SENT_0001470,ASTH_002,Nebulizer Treatments,asthma,102,1,ne,• तपाईंको नेबुलाइजर पम्पबारे तपाईंका प्रश्नहरू छछ न् वा तपाईंलाई उपकरणका नयाँ हिस्ाहरूको आवश्यकता छछ भने तपाईंका उपकरण प्रदातालाई भन्ुहोस्।,139,119,0
SENT_0001471,ASTH_002,Nebulizer Treatments,asthma,103,1,ne,• तपाईंको औषधी वा उपचारको बारेमा कुनै प्रश्न छछ,47,38,0
SENT_0001472,ASTH_002,Nebulizer Treatments,asthma,104,1,ne,"भने आफना थेरापिस्ट, नर्स वा डक्टरलाई सोध्नुहोस्।",48,41,0
SENT_0001473,ASTH_003,Peak Flow Meter,asthma,2,1,en,A peak flow meter measures how fast air moves out of the lungs.,63,0,50
SENT_0001474,ASTH_003,Peak Flow Meter,asthma,2,2,en,This is a good way to check changes in your airways from asthma before you may feel them.,89,0,71
SENT_0001475,ASTH_003,Peak Flow Meter,asthma,2,3,en,Then you can take your medicines early to stop these changes and avoid a severe asthma attack.,94,0,77
SENT_0001476,ASTH_003,Peak Flow Meter,asthma,3,1,en,Use a peak flow meter as directed by your doctor.,49,0,39
SENT_0001477,ASTH_003,Peak Flow Meter,asthma,4,1,en,How to use your peak flow meter 1.,34,0,25
SENT_0001478,ASTH_003,Peak Flow Meter,asthma,4,2,en,Remove any gum or food you may have in your mouth.,50,0,39
SENT_0001479,ASTH_003,Peak Flow Meter,asthma,5,1,en,Connect the mouthpiece to the peak flow meter.,46,0,38
SENT_0001480,ASTH_003,Peak Flow Meter,asthma,6,1,en,Move the mark to 0 (zero).,26,0,17
SENT_0001481,ASTH_003,Peak Flow Meter,asthma,7,1,en,Hold the meter with 1 hand.,27,0,20
SENT_0001482,ASTH_003,Peak Flow Meter,asthma,8,1,en,Stand up or sit up straight.,28,0,22
SENT_0001483,ASTH_003,Peak Flow Meter,asthma,9,1,en,Take in a deep breath.,22,0,17
SENT_0001484,ASTH_003,Peak Flow Meter,asthma,10,1,en,Close your lips tightly around the mouthpiece.,46,0,39
SENT_0001485,ASTH_003,Peak Flow Meter,asthma,11,1,en,Blow out as hard and fast as you can for 1 to 2 seconds into the mouthpiece with 1 blow.,88,0,65
SENT_0001486,ASTH_003,Peak Flow Meter,asthma,12,1,en,Write down the number on the gauge.,35,0,28
SENT_0001487,ASTH_003,Peak Flow Meter,asthma,12,2,en,"If you cough or make a mistake, reset the mark to 0 (zero) and do it again.",75,0,54
SENT_0001488,ASTH_003,Peak Flow Meter,asthma,13,1,ne,शिखर प्रवाह मीटरले फोक्ोबाट हावा कति छिटो बाहिर जान््छ भन्े मापन गर््छ।,71,60,0
SENT_0001489,ASTH_003,Peak Flow Meter,asthma,13,2,ne,तपाईंले महसुस गर्ननु अघि दमबाट तपाईंको वायुमार््गमा परिवर््तनहरू जाँच गर्ने यो राम्ो तरिका हो।,94,81,0
SENT_0001490,ASTH_003,Peak Flow Meter,asthma,13,3,ne,त्यसपछि यी परिवर््तनहरू रोक्न र दमको गम्ीर आक्रमणबाट बच्न तपाईंले आफ्नो औषधि चाँडै लिन सक्नुहुन््छ।,99,85,0
SENT_0001491,ASTH_003,Peak Flow Meter,asthma,13,4,ne,तपाईंको डाक्टरले निर्देशन गरे अनुसार शिखर प्रवाह मीटर प्रयोग गर्ननुहोस्।,72,63,0
SENT_0001492,ASTH_003,Peak Flow Meter,asthma,14,1,ne,आफ््ननो पीक फ्लोो मीटर कसरी प्रयोोग गर्ने 1.,44,35,0
SENT_0001493,ASTH_003,Peak Flow Meter,asthma,14,2,ne,तपाईको मुखमा भएको कुनै पनि गम वा खाना हटाउनुहोस्।,49,41,0
SENT_0001494,ASTH_003,Peak Flow Meter,asthma,15,1,ne,मुखपत्रलाई शिखर प्रवाह मीटरमा जडान गर्ननुहोस्।,46,41,0
SENT_0001495,ASTH_003,Peak Flow Meter,asthma,16,1,ne,चिन्हलाई ० (शून्य) मा सार्ननुहोस्।,34,28,0
SENT_0001496,ASTH_003,Peak Flow Meter,asthma,17,1,ne,१ हातले मिटर समात्ुहोस्।,24,21,0
SENT_0001497,ASTH_003,Peak Flow Meter,asthma,18,1,ne,सीधा उठ्नुहोस् वा बस्ुहोस्।,27,24,0
SENT_0001498,ASTH_003,Peak Flow Meter,asthma,19,1,ne,गहिरो सास लिनुहोस्।,19,17,0
SENT_0001499,ASTH_003,Peak Flow Meter,asthma,20,1,ne,मुखपत्र को वरिपरि आफ्नो ओठ बलियो बन्द गर्ननुहोस्।,49,42,0
SENT_0001500,ASTH_003,Peak Flow Meter,asthma,21,1,ne,1 देखि 2 सेकेन्डको लागि माउथपिसमा 1 झटकाले सकेसम्म कडा र छिटो फुक्नुहोस्।,73,58,0
SENT_0001501,ASTH_003,Peak Flow Meter,asthma,22,1,ne,गेजमा नम्बर लेख्नुहोस्।,23,21,0
SENT_0001502,ASTH_003,Peak Flow Meter,asthma,22,2,ne,"यदि तपाइँले खोक्नु हुन््छ वा गल्ी गर्ननुहुन््छ भने, मार््कलाई ० (शून्य) मा रिसेट गर्ननुहोस् र फेरि गर्ननुहोस्।",110,91,0
SENT_0001503,ASTH_003,Peak Flow Meter,asthma,23,1,unknown,10.,3,0,0
SENT_0001504,ASTH_003,Peak Flow Meter,asthma,23,2,en,Repeat these steps 2 more times.,32,0,25
SENT_0001505,ASTH_003,Peak Flow Meter,asthma,23,3,en,Write down the highest of your 3 readings.,42,0,33
SENT_0001506,ASTH_003,Peak Flow Meter,asthma,24,1,unknown,11.,3,0,0
SENT_0001507,ASTH_003,Peak Flow Meter,asthma,24,2,en,Clean the mouthpiece with soap and water.,41,0,34
SENT_0001508,ASTH_003,Peak Flow Meter,asthma,25,1,en,"What the Reading Means Your action plan is based on zones of how bad your asthma is, called asthma severity.",108,0,87
SENT_0001509,ASTH_003,Peak Flow Meter,asthma,26,1,en,Your peak flow can help you find out what zone you are in.,58,0,45
SENT_0001510,ASTH_003,Peak Flow Meter,asthma,26,2,en,You do this by comparing your current peak flow to your personal best peak flow.,80,0,65
SENT_0001511,ASTH_003,Peak Flow Meter,asthma,27,1,en,Your personal best is your highest peak flow recorded over a 2 to 3 week period when your asthma is under control.,114,0,90
SENT_0001512,ASTH_003,Peak Flow Meter,asthma,28,1,en,• Green Zone.,13,0,9
SENT_0001513,ASTH_003,Peak Flow Meter,asthma,28,2,en,Green means good: You want to be in the green zone every day.,61,0,47
SENT_0001514,ASTH_003,Peak Flow Meter,asthma,29,1,en,Green means your peak flow shows your lungs are working well.,61,0,50
SENT_0001515,ASTH_003,Peak Flow Meter,asthma,29,2,en,"Your medicine is working, and you can go ahead with your daily activities.",74,0,60
SENT_0001516,ASTH_003,Peak Flow Meter,asthma,30,1,en,Your green zone is readings above _______.,42,0,28
SENT_0001517,ASTH_003,Peak Flow Meter,asthma,31,1,en,• Yellow Zone.,14,0,10
SENT_0001518,ASTH_003,Peak Flow Meter,asthma,31,2,en,Yellow means caution:,21,0,18
SENT_0001519,ASTH_003,Peak Flow Meter,asthma,32,1,en,Yellow means your lungs are working harder.,43,0,36
SENT_0001520,ASTH_003,Peak Flow Meter,asthma,32,2,en,Your medicine may need to be changed.,37,0,30
SENT_0001521,ASTH_003,Peak Flow Meter,asthma,32,3,en,Take the action your doctor has ordered for you or call your doctor.,68,0,55
SENT_0001522,ASTH_003,Peak Flow Meter,asthma,32,4,en,Use caution in your daily activities.,37,0,31
SENT_0001523,ASTH_003,Peak Flow Meter,asthma,33,1,en,Your yellow zone is readings between _______ and _______.,57,0,34
SENT_0001524,ASTH_003,Peak Flow Meter,asthma,34,1,en,• Red Zone.,11,0,7
SENT_0001525,ASTH_003,Peak Flow Meter,asthma,34,2,en,"Red means STOP: Red means you are having breathing problems, and your asthma is not under control.",98,0,79
SENT_0001526,ASTH_003,Peak Flow Meter,asthma,34,3,en,Go to the doctor or call 911.,29,0,19
SENT_0001527,ASTH_003,Peak Flow Meter,asthma,35,1,en,You need treatment right away.,30,0,25
SENT_0001528,ASTH_003,Peak Flow Meter,asthma,36,1,en,Your red zone is readings below _______.,40,0,26
SENT_0001529,ASTH_003,Peak Flow Meter,asthma,37,1,unknown,10.,3,0,0
SENT_0001530,ASTH_003,Peak Flow Meter,asthma,37,2,ne,यी चरणहरू थप २ पटक दोहोर््ययाउनुहोस्।,37,32,0
SENT_0001531,ASTH_003,Peak Flow Meter,asthma,38,1,ne,तपाईंको 3 रिडिंगहरु मध्े उच्चतम लेख्नुहोस्।,43,37,0
SENT_0001532,ASTH_003,Peak Flow Meter,asthma,39,1,unknown,11.,3,0,0
SENT_0001533,ASTH_003,Peak Flow Meter,asthma,39,2,ne,साबुन र पानीले मुखपत्र सफा गर्ननुहोस्।,38,33,0
SENT_0001534,ASTH_003,Peak Flow Meter,asthma,40,1,ne,"रिडिंगकोो अर््थ के होो तपाईंको कार््य योजना तपाईंको दम कत्तिको खराब छ भन्े क्ेत्रहरूमा आधारित हुन््छ, जसलाई दमको गम्ीरता भनिन््छ।",129,109,0
SENT_0001535,ASTH_003,Peak Flow Meter,asthma,40,2,ne,तपाइँको शिखर प्रवाहले तपाइँ कुन क्ेत्रमा हुनुहुन््छ भनेर पत्ता लगाउन मद्दत गर््न सक््छ।,87,75,0
SENT_0001536,ASTH_003,Peak Flow Meter,asthma,41,1,ne,तपाइँ तपाइँको वर््तमान शिखर प्रवाह तपाइँको व्यक्तिगत उत्कृष्ट शिखर प्रवाह संग तुलना गरेर यो गर्ननुहुन््छ।,105,91,0
SENT_0001537,ASTH_003,Peak Flow Meter,asthma,42,1,ne,तपाईको व्यक्तिगत उत्तम भनेको तपाईको दम नियन्त्रणमा रहेको 2 देखि 3 हप्ाको अवधिमा रेकर््ड गरिएको तपाईको उच्चतम शिखर प्रवाह हो।,124,103,0
SENT_0001538,ASTH_003,Peak Flow Meter,asthma,43,1,ne,• हरियोो क्ेत्र।,16,13,0
SENT_0001539,ASTH_003,Peak Flow Meter,asthma,43,2,ne,हरियोोकोो अर््थ राम्रोो: तपाईं हरेक दिन ग्ीन जोनमा हुन चाहनुहुन््छ।,67,57,0
SENT_0001540,ASTH_003,Peak Flow Meter,asthma,43,3,ne,हरियो भनेको तपाईंको शिखर प्रवाहले तपाईंको फोक्ो राम्ोसँग काम गरिरहेको देखाउँछ।,78,68,0
SENT_0001541,ASTH_003,Peak Flow Meter,asthma,43,4,ne,"तपाईंको औषधिले काम गरिरहेको छ, र तपाईं आफ्नो दैनिक गतिविधिहरूमा चालु राख्न सक्नुहुन््छ।",87,74,0
SENT_0001542,ASTH_003,Peak Flow Meter,asthma,44,1,ne,तपाईकोो हरियोो क्ेत्र ______ माथिकोो रिडिंग होो।,48,36,0
SENT_0001543,ASTH_003,Peak Flow Meter,asthma,45,1,ne,• पहेँलोो क्ेत्र।,17,14,0
SENT_0001544,ASTH_003,Peak Flow Meter,asthma,45,2,ne,पहेंलोोकोो अर््थ सावधाननी होो:,30,26,0
SENT_0001545,ASTH_003,Peak Flow Meter,asthma,46,1,ne,पहेँलोको अर््थ तपाईको फोक्ोले गाह्ो काम गरिरहेको छ।,51,44,0
SENT_0001546,ASTH_003,Peak Flow Meter,asthma,46,2,ne,तपाईंको औषधि परिवर््तन गर््न आवश्यक हुन सक््छ।,46,40,0
SENT_0001547,ASTH_003,Peak Flow Meter,asthma,46,3,ne,तपाईंको डाक्टरले तपाईंको लागि आदेश दिएको कार््य गर्ननुहोस् वा तपाईंको डाक्टरलाई कल गर्ननुहोस्।,94,82,0
SENT_0001548,ASTH_003,Peak Flow Meter,asthma,46,4,ne,आफ्नो दैनिक क्रियाकलापमा सावधानी अपनाउनुहोस्।,45,41,0
SENT_0001549,ASTH_003,Peak Flow Meter,asthma,47,1,ne,तपाईंकोो पहेंलोो क्ेत्र ______ र _______ कोो बीचकोो रिडिंग होो।,63,41,0
SENT_0001550,ASTH_003,Peak Flow Meter,asthma,48,1,ne,• रातोो क्ेत्र।,15,12,0
SENT_0001551,ASTH_003,Peak Flow Meter,asthma,48,2,ne,"रातोोकोो अर््थ रोोक्नु होो: रातो भनेको तपाईंलाई सास फेर््न समस्ा भइरहेको छ, र तपाईंको दम नियन्त्रणमा छैन।",105,87,0
SENT_0001552,ASTH_003,Peak Flow Meter,asthma,48,3,ne,डाक्टरकोोमा जानुनुहोोस् वा 911 मा कल गर््नुहोोस्।,49,40,0
SENT_0001553,ASTH_003,Peak Flow Meter,asthma,48,4,ne,तपाईलाई तुरुन्ै उपचार चाहिन््छ।,31,28,0
SENT_0001554,ASTH_003,Peak Flow Meter,asthma,49,1,ne,तपाईंकोो रातोो क्ेत्र _______ तलकोो रिडिंग होो।,47,34,0
SENT_0001555,ASTH_003,Peak Flow Meter,asthma,51,1,en,a result of your stopping medical treatment or your failure to obtain treatment.,80,0,67
SENT_0001556,ASTH_003,Peak Flow Meter,asthma,52,1,en,Some meters have color markers that can be set to show your target zones.,73,0,59
SENT_0001557,ASTH_003,Peak Flow Meter,asthma,53,1,en,Your doctor or nurse can help you figure out your target zones based on your readings when your asthma is controlled.,117,0,96
SENT_0001558,ASTH_003,Peak Flow Meter,asthma,53,2,en,You may need to check your readings for several days and bring them with you to the doctor’s office or clinic.,110,0,88
SENT_0001559,ASTH_003,Peak Flow Meter,asthma,53,3,en,"Your target zone may be different than another person’s because of your size, age, and lung function.",101,0,81
SENT_0001560,ASTH_003,Peak Flow Meter,asthma,54,1,en,Each meter is a little different.,33,0,27
SENT_0001561,ASTH_003,Peak Flow Meter,asthma,54,2,en,"If you change meters, you will need to find your asthma zones using the new meter.",82,0,65
SENT_0001562,ASTH_003,Peak Flow Meter,asthma,55,1,en,Follow-up care is a key part of your treatment and safety.,58,0,46
SENT_0001563,ASTH_003,Peak Flow Meter,asthma,55,2,en,"Make and go to all appointments and call your doctor if you have problems, questions, or concerns.",98,0,79
SENT_0001564,ASTH_003,Peak Flow Meter,asthma,56,1,en,Knowing your test results and keeping a list of the medicines you take is also a good idea.,91,0,73
SENT_0001565,ASTH_003,Peak Flow Meter,asthma,57,1,ne,केहि मिटरहरूमा रङ मार््करहरू हुन््छन् जुन तपाइँको लक्षित क्ेत्रहरू देखाउन सेट गर््न सकिन््छ।,92,80,0
SENT_0001566,ASTH_003,Peak Flow Meter,asthma,58,1,ne,तपाईंको डाक्टर वा नर््सले तपाईंको दम नियन्त्रण हुँदा तपाईंको रिडिंगको आधारमा तपाईंको लक्षित क्ेत्रहरू पत्ता लगाउन मद्दत गर््न सक््छ।,132,114,0
SENT_0001567,ASTH_003,Peak Flow Meter,asthma,58,2,ne,तपाईंले धेरै दिनसम्म आफ्नो रिडिंगको जाँच गर््न र तिनीहरूलाई डाक्टरको कार््ययालय वा क्लिनिकमा ल्ाउन आवश्यक हुन सक््छ।,116,100,0
SENT_0001568,ASTH_003,Peak Flow Meter,asthma,59,1,ne,"तपाईंको आकार, उमेर, र फोक्ोको प्रकार््यको कारणले तपाईंको लक्षित क्ेत्र अर्को व्यक्तिको भन्दा फरक हुन सक््छ।",107,90,0
SENT_0001569,ASTH_003,Peak Flow Meter,asthma,60,1,ne,प्रत्येक मिटर अलि फरक हुन््छ।,29,25,0
SENT_0001570,ASTH_003,Peak Flow Meter,asthma,60,2,ne,"यदि तपाईंले मिटरहरू परिवर््तन गर्ननुभयो भने, तपाईंले नयाँ मिटर प्रयोग गरेर आफ्नो दम क्ेत्रहरू फेला पार््न आवश्यक हुन््छ।",120,102,0
SENT_0001571,ASTH_003,Peak Flow Meter,asthma,61,1,ne,फलोो-अप हेरचाह तपाईंकोो उपचार र सुुरक्ाकोो मुुख्य भाग होो।,58,49,0
SENT_0001572,ASTH_003,Peak Flow Meter,asthma,61,2,ne,"भेटघाटको समय तय गर्ननुहोस् र सबै भेटघाटहरूमा जानुहोस् र यदि तपाइँसँग समस्ा, प्रश्न, वा चिन्ा छ भने आफ्नो डाक्टरलाई कल गर्ननुहोस्।",129,107,0
SENT_0001573,ASTH_003,Peak Flow Meter,asthma,62,1,ne,आफ्नो परीक्षण नतिजाहरू थाहा पाउनु र आफूले खाने औषधिहरूको सूची राख्नु पनि राम्ो उपाय हो।,87,73,0
SENT_0001574,BF_001,Breastfeeding Basics,breastfeeding,1,1,en,LruikulEcUèkh vkèkkjHkwr dqjkg:,31,0,26
SENT_0001575,BF_001,Breastfeeding Basics,breastfeeding,2,1,en,Here are some breastfeeding basics that you may find helpful.,61,0,51
SENT_0001576,BF_001,Breastfeeding Basics,breastfeeding,2,2,en,"Talk to your baby’s doctor, nurse or your lactation specialist if you have other questions.",91,0,74
SENT_0001577,BF_001,Breastfeeding Basics,breastfeeding,3,1,en,Mother’s Diet No special foods or diets are needed for breastfeeding.,69,0,57
SENT_0001578,BF_001,Breastfeeding Basics,breastfeeding,3,2,en,Some helpful tips:,18,0,15
SENT_0001579,BF_001,Breastfeeding Basics,breastfeeding,4,1,en,• Choose a variety of healthy foods for your meals and snacks each day.,71,0,56
SENT_0001580,BF_001,Breastfeeding Basics,breastfeeding,4,2,en,Eating healthy will help you and your baby feel well.,53,0,43
SENT_0001581,BF_001,Breastfeeding Basics,breastfeeding,5,1,en,• Eat 4 to 5 servings of dairy products each day.,49,0,35
SENT_0001582,BF_001,Breastfeeding Basics,breastfeeding,5,2,en,A calcium supplement can help you get enough calcium.,53,0,44
SENT_0001583,BF_001,Breastfeeding Basics,breastfeeding,6,1,en,• Drink water or fruit juices when you are thirsty.,51,0,40
SENT_0001584,BF_001,Breastfeeding Basics,breastfeeding,7,1,en,• Take your prenatal vitamins as directed by your doctor.,57,0,46
SENT_0001585,BF_001,Breastfeeding Basics,breastfeeding,8,1,en,• Limit caffeine and artificial sweeteners in your diet.,56,0,46
SENT_0001586,BF_001,Breastfeeding Basics,breastfeeding,8,2,en,"Caffeine is in chocolate, coffee and tea.",41,0,33
SENT_0001587,BF_001,Breastfeeding Basics,breastfeeding,8,3,en,Artificial sweeteners are in diet soft drinks and in some low calorie or diet foods.,84,0,69
SENT_0001588,BF_001,Breastfeeding Basics,breastfeeding,9,1,en,• Avoid drinking alcohol.,25,0,20
SENT_0001589,BF_001,Breastfeeding Basics,breastfeeding,9,2,en,Alcohol takes about 2 to 3 hours per serving to leave breast milk.,66,0,51
SENT_0001590,BF_001,Breastfeeding Basics,breastfeeding,10,1,en,• It takes about 4 to 6 hours for the foods you eat to show up in your breast milk.,83,0,60
SENT_0001591,BF_001,Breastfeeding Basics,breastfeeding,11,1,en,"If you have a family history of an allergy or your baby seems fussy after you eat a certain food, avoid that food and see if your baby feels better.",148,0,117
SENT_0001592,BF_001,Breastfeeding Basics,breastfeeding,12,1,en,";gk¡ rikb±dks ykfx mi;ksxh gqulDus dsgh LruikulEcUèkh vkèkkjHkwr dqjkg: Nu~A rikb±l¡x vU; ç’ug: Nu~ Hkus rikb±dks cPpkdks fpfdRld] ifjpkfjdk ok rikb±dks Lruiku fo’ks""kKl¡x dqjk xuqZgksl~A vkekdks vkgkj Lruikudks ykfx dquS fo’ks""k [kkuk ok vkgkjdks vko’;drk inSZuA dsgh mi;ksxh mik;g: ;lçdkj Nu~%",295,0,221
SENT_0001593,BF_001,Breastfeeding Basics,breastfeeding,13,1,en,• çR;sd fnu rikb±dks [kkuk rFkk LU;kdg:dks ykfx fofoèk çdkjdk LoLFkdj [kkusdqjkg: NkUuqgksl~A LoLFkdj [kkusdqjk [kkukys rikb± j rikb±dks cPpkykÃ LoLFk eglql xuZ eír gqusNA,171,0,129
SENT_0001594,BF_001,Breastfeeding Basics,breastfeeding,14,1,en,• çR;sd fnu 4 nsf[k 5 lfHkZ³ nqXèk mRiknug: [kkuqgksl~A D;kfYl;e iwjdys rikb±ykÃ i;kZIr ek=kek D;kfYl;e çkIr xuZ eír xuZlDNA,124,0,84
SENT_0001595,BF_001,Breastfeeding Basics,breastfeeding,15,1,en,• fr[kkZ ykxsdks csyk ikuh ok QyQwydks tql fimuqgksl~A,54,0,43
SENT_0001596,BF_001,Breastfeeding Basics,breastfeeding,16,1,en,• rikb±dks fpfdRlddks funsZ'ku vuqlkj vk¶uks çloiwoZdk fHkVkfeug:dks lsou xuqZgksl~A,84,0,68
SENT_0001597,BF_001,Breastfeeding Basics,breastfeeding,17,1,en,• rikb±dks vkgkjek D;kfQu j —f=e LohVujg:ykÃ lhfer xuqZgksl~A D;kfQu pdysV] dQh j fp;kek gqUNA —f=e LohVujg: vkgkj l¶V is;inkFkZg:,130,0,94
SENT_0001598,BF_001,Breastfeeding Basics,breastfeeding,19,1,en,• efnjkiku R;kXuqgksl~A efnjkdks çR;sd lfHkZ³ys Lrudks nwèkykÃ NksM~u 2 nsf[k 3 ?,81,0,56
SENT_0001599,BF_001,Breastfeeding Basics,breastfeeding,20,1,en,• rikb±ys [kkus [kkusdqjkg: Lrudks nwèkek iqXu 4 nsf[k 6 ?,58,0,38
SENT_0001600,BF_001,Breastfeeding Basics,breastfeeding,20,2,en,"Vk ykXNA rikb±ek ,ytÊdks ikfjokfjd bfrgkl N ok rikb±ys fuf’pr [kkuk [kk,ifN cPpk fnDd Hk,dks nsf[kuqgqUN Hkus] R;ks [kkukykÃ R;kXuqgksl~ j cPpkys jkezks eglql xuqZgqUN ok xuqZgq¡nSu Hkuh gsuqZgksl~A",198,0,152
SENT_0001601,BF_001,Breastfeeding Basics,breastfeeding,21,1,en,"• Some babies have a hard time when a mother eats dairy products or vegetables such as broccoli, beans, onions or peppers.",122,0,97
SENT_0001602,BF_001,Breastfeeding Basics,breastfeeding,21,2,en,"If the problem persists, talk to your doctor.",45,0,36
SENT_0001603,BF_001,Breastfeeding Basics,breastfeeding,22,1,en,• Avoid weight loss diets.,26,0,20
SENT_0001604,BF_001,Breastfeeding Basics,breastfeeding,22,2,en,"To lose weight, walk more and limit high calorie foods.",55,0,44
SENT_0001605,BF_001,Breastfeeding Basics,breastfeeding,23,1,en,"Getting Started Colostrum, the first milk your body makes, is very good for your baby.",86,0,69
SENT_0001606,BF_001,Breastfeeding Basics,breastfeeding,23,2,en,"Over the next few days, your breasts will feel fuller, and you will have more milk.",83,0,65
SENT_0001607,BF_001,Breastfeeding Basics,breastfeeding,23,3,en,Your milk supply will depend on how much milk and how often your baby takes from the breast.,92,0,74
SENT_0001608,BF_001,Breastfeeding Basics,breastfeeding,23,4,en,"The more milk your baby takes, the more milk your breasts will make.",68,0,54
SENT_0001609,BF_001,Breastfeeding Basics,breastfeeding,24,1,en,The nurses will help you and your baby learn how to breastfeed.,63,0,51
SENT_0001610,BF_001,Breastfeeding Basics,breastfeeding,24,2,en,Relax and\ give yourself time to learn.,39,0,31
SENT_0001611,BF_001,Breastfeeding Basics,breastfeeding,25,1,en,Your baby may be very sleepy the first few days.,48,0,38
SENT_0001612,BF_001,Breastfeeding Basics,breastfeeding,25,2,en,Your baby’s stomach is small so your baby will need to feed often.,66,0,52
SENT_0001613,BF_001,Breastfeeding Basics,breastfeeding,25,3,en,"You may feel increased thirst while nursing, drowsiness during breastfeeding and mild uterine contractions while breastfeeding the first few days.",146,0,125
SENT_0001614,BF_001,Breastfeeding Basics,breastfeeding,26,1,en,"Avoid feeding your baby from a bottle, either breastmilk or formula, for the first 3 to 4 weeks or until you baby learns to feed well.",134,0,104
SENT_0001615,BF_001,Breastfeeding Basics,breastfeeding,27,1,en,Sucking from a bottle is a different mouth action.,50,0,41
SENT_0001616,BF_001,Breastfeeding Basics,breastfeeding,27,2,en,Bottle sucking may interfere with the baby’s nursing at the breast.,67,0,55
SENT_0001617,BF_001,Breastfeeding Basics,breastfeeding,28,1,en,"After the first 3 to 4 weeks, you can try to feed your baby breast milk through a bottle if you would like.",107,0,81
SENT_0001618,BF_001,Breastfeeding Basics,breastfeeding,28,2,en,"If your baby is not able to breastfeed, you can pump your breast milk, feed your baby the breast milk through the bottle or freeze the breast milk in a closed container for later use.",183,0,146
SENT_0001619,BF_001,Breastfeeding Basics,breastfeeding,29,1,en,• dsgh cPpkg:ykÃ vkekys nqXèk mRiknug: ok czksdkmyh] fleh] I;kt ok [kqlkZuh tLrk rjdkjhg: [kk¡nk vIBîkjks eglql gqUNA leL;k Hkbjgsek] vk¶uks fpfdRldl¡x dqjk xuqZgksl~A,167,0,126
SENT_0001620,BF_001,Breastfeeding Basics,breastfeeding,30,1,en,• rkSy ?,8,0,4
SENT_0001621,BF_001,Breastfeeding Basics,breastfeeding,30,2,en,kVkmus vkgkjg:ykÃ R;kXuqgksl~A rkSy ?,37,0,28
SENT_0001622,BF_001,Breastfeeding Basics,breastfeeding,30,3,en,"kVkmudks ykfx èksjS fg¡M~uqgksl~ j mPp D;kyksjh Hk,dk [kkusdqjkg:",65,0,49
SENT_0001623,BF_001,Breastfeeding Basics,breastfeeding,31,1,en,"lhfer xuqZgksl~A lq#vkr xusZ rfjdk dksyksLVªe] rikb±dks 'kjhjys cukmus ifgyks nwèk] rikb±dks cPpkdks ykfx ,dneS jkezks gqUNA vkxkeh dsgh fnug:ek] rikb±dk Lrug: Hkfj,dks eglql gqusN j rikb±ys èksjS nwèk mRiknu xuqZgqusNA rikb±dks nwèkdks vkiwÆr rikb±dks cPpkys dfr nwèk dfr le;dks vUrjkyek fimuqgqUN HkUus dqjkek fuHkZj gqusNA rikb±dks cPpkys tfr èksjS nwèk [kkuqgqUN R;fr uS èksjS nwèk rikb±dk Lrug:ys mRiknu xusZNu~A ifjpkfjdkg:ys rikb± j rikb±dks cPpkykÃ dljh Lruiku xjkmus Hkuh tkUu eír xusZNu~A vkjke xuqZgksl~ j@vkQwykÃ flDus le; fnuqgksl~A rikb±dks cPpkys ifgyks dsgh fnuek ,dneS fuUækyq eglql xuZ lDuqgqUNA rikb±dks cPpkdks isV ,dneS lkuks N tldkj.",655,0,510
SENT_0001624,BF_001,Breastfeeding Basics,breastfeeding,31,2,en,"k rikb±dks cPpkykÃ çk;% Lruiku xjkmu vko’;d iusZNA rikb±ykÃ uÆl³dks le;ek vR;fèkd fr[kkZ ykXus] Lruikudks vofèkek yB~B gqus j ifgyks dsgh fnuek Lruiku xjkm¡nk xHkkZ’k;ek eè;e ladqpug:dks eglql gqulDNA ifgyks 3 nsf[k 4 gIrklEe ok rikbZadks cPpkys jkezjh [kku uflDnklEe Lruiku ok QeqZyk dquS ifu cksryckV Lruiku uxjkmuqgksl~A cksryckV pqLus dk;Z eq[kdks dk;ZHkUnk fHkUu gqUNA cksryckV pqLukys Lruek cPpkdks uflZ³l¡x gLr{ksi gqulDNA ifgyks 3 nsf[k 4 gIrkifN] rikbZays pkguqgqUN Hkus rikbZays vk¶uks cPpkykbZ cksryckV Lrudks nw/k [kqokmus ç;kl xuZ lDuqgqUNA rikbZadks cPpk Lruiku xuZ l{ke gquqgqUu Hkus] rikbZays vk¶uks Lrudks nw/kykbZ iEi xuZ] vk¶uks cPpkykbZ cksryckV Lrudks nw/k [kqokmu ok ifNdks ç;ksxdks ykfx cUn xfj,dks Hkk¡Mksek Lrudks nw/kykbZ jk[u lDuqgqUNA",762,0,595
SENT_0001625,BF_001,Breastfeeding Basics,breastfeeding,32,1,en,Feeding Cues Your baby will give you signs of hunger called feeding cues.,73,0,60
SENT_0001626,BF_001,Breastfeeding Basics,breastfeeding,32,2,en,Your baby’s feeding cues may include:,37,0,30
SENT_0001627,BF_001,Breastfeeding Basics,breastfeeding,33,1,en,• Clenched fists,16,0,13
SENT_0001628,BF_001,Breastfeeding Basics,breastfeeding,34,1,en,• Hands to mouth,16,0,12
SENT_0001629,BF_001,Breastfeeding Basics,breastfeeding,35,1,en,• Licking of lips,17,0,13
SENT_0001630,BF_001,Breastfeeding Basics,breastfeeding,36,1,en,• Moving of arms and legs,25,0,19
SENT_0001631,BF_001,Breastfeeding Basics,breastfeeding,37,1,en,• Turning the head towards your body,36,0,29
SENT_0001632,BF_001,Breastfeeding Basics,breastfeeding,38,1,en,• Sounds,8,0,6
SENT_0001633,BF_001,Breastfeeding Basics,breastfeeding,39,1,en,• Crying Try to begin feeding your baby before he or she becomes too upset.,75,0,59
SENT_0001634,BF_001,Breastfeeding Basics,breastfeeding,40,1,en,How is my baby doing with breastfeeding?,40,0,33
SENT_0001635,BF_001,Breastfeeding Basics,breastfeeding,41,1,en,Watch for signs that your baby is latched on to your nipple well and getting milk.,82,0,66
SENT_0001636,BF_001,Breastfeeding Basics,breastfeeding,41,2,en,Signs may include:,18,0,15
SENT_0001637,BF_001,Breastfeeding Basics,breastfeeding,42,1,en,"• A fast, shallow motion in the cheeks as your baby first latches on that changes to a deep, slow, rhythmic motion.",115,0,89
SENT_0001638,BF_001,Breastfeeding Basics,breastfeeding,43,1,en,• Motion near your baby’s ear and temple as your baby’s lower jaw moves up and down.,84,0,64
SENT_0001639,BF_001,Breastfeeding Basics,breastfeeding,44,1,en,"• Seeing, hearing, or feeling your baby swallowing.",51,0,40
SENT_0001640,BF_001,Breastfeeding Basics,breastfeeding,45,1,en,• Feeling a tingling sensation in the breast.,45,0,36
SENT_0001641,BF_001,Breastfeeding Basics,breastfeeding,46,1,en,Lruiku xjkmus ladsrg:,21,0,18
SENT_0001642,BF_001,Breastfeeding Basics,breastfeeding,47,1,en,rikbZadks cPpkys Hkksddk ladsrg: fnuqgqusN tlykbZ Lruiku xjkmus ladsrg: HkfuUNA rikbZadks cPpkdk Lruiku xjkmus ladsrg:ek fuEu dqjk lekos’k gqUNu~%,146,0,122
SENT_0001643,BF_001,Breastfeeding Basics,breastfeeding,48,1,en,• eqëh ck¡/us,13,0,7
SENT_0001644,BF_001,Breastfeeding Basics,breastfeeding,49,1,en,• eq[kek gkrg: yStkus,21,0,15
SENT_0001645,BF_001,Breastfeeding Basics,breastfeeding,50,1,en,• vksBg: pkV~us,15,0,10
SENT_0001646,BF_001,Breastfeeding Basics,breastfeeding,51,1,en,• gkr j [kqêkg:ykbZ pykmus,26,0,18
SENT_0001647,BF_001,Breastfeeding Basics,breastfeeding,52,1,en,• rikbZadks 'kjhjrQZ VkmdksykbZ ?,33,0,26
SENT_0001648,BF_001,Breastfeeding Basics,breastfeeding,53,1,en,• vkoktg: fudkYus,17,0,13
SENT_0001649,BF_001,Breastfeeding Basics,breastfeeding,54,1,en,"• :us rikbZadks cPpk ,dneS fujk’k gquqHkUnk vf?",47,0,35
SENT_0001650,BF_001,Breastfeeding Basics,breastfeeding,54,2,en,"k vk¶uks cPpkykbZ [kqokmu lq# xusZ ç;kl xuqZgksl~A esjks cPpk Lruiku dljh xfjjgsdks N\ rikbZadks cPpk rikbZadks fuIiyek jkezjh Y;kp Hk,dks j nw/k çkIr xfjjgsdk ladsrg: gsuqZgksl~A ladsrg:ek fuEu dqjk lekos’k gqUNu~%",215,0,167
SENT_0001651,BF_001,Breastfeeding Basics,breastfeeding,55,1,en,"• rikbZadks cPpkys xfgjks] lqLr] rkyc) xfrek mä ifjorZug:ek ifgys Y;kp xusZ Hk,dksys xkykg:ek æqr] y;c) xfrA",108,0,79
SENT_0001652,BF_001,Breastfeeding Basics,breastfeeding,56,1,en,"• rikbZadks cPpkdks rYyks c³~xkjk ekfFk j ry gqus Hk,dksys rikbZadks cPpkdks dku j VsEiydks uftdSdks xfrA",105,0,85
SENT_0001653,BF_001,Breastfeeding Basics,breastfeeding,57,1,en,• rikbZadks cPpkys fuysdks gsusZ] lqUus ok eglql xusZA,54,0,44
SENT_0001654,BF_001,Breastfeeding Basics,breastfeeding,58,1,en,• Lruek >u>ukmus Hkkoukdks eglql xusZA,38,0,30
SENT_0001655,BF_001,Breastfeeding Basics,breastfeeding,59,1,en,Is my baby getting enough milk?,31,0,25
SENT_0001656,BF_001,Breastfeeding Basics,breastfeeding,60,1,en,"If your baby is getting enough milk, your breasts will be full with milk, soft after feedings and refill between feedings.",122,0,99
SENT_0001657,BF_001,Breastfeeding Basics,breastfeeding,60,2,en,Your baby will:,15,0,12
SENT_0001658,BF_001,Breastfeeding Basics,breastfeeding,61,1,en,• Have 6 or more wet diapers in a 24 hour period,48,0,33
SENT_0001659,BF_001,Breastfeeding Basics,breastfeeding,62,1,en,• Sleep between feedings,24,0,20
SENT_0001660,BF_001,Breastfeeding Basics,breastfeeding,63,1,en,• Have more than 2 bowel movements each day,43,0,33
SENT_0001661,BF_001,Breastfeeding Basics,breastfeeding,64,1,en,"• Gain weight A healthy, full term baby who is nursing well does not need extra water or formula.",97,0,76
SENT_0001662,BF_001,Breastfeeding Basics,breastfeeding,64,2,en,Do not feed your baby extra water or formula unless ordered to do so by your baby’s doctor.,91,0,72
SENT_0001663,BF_001,Breastfeeding Basics,breastfeeding,64,3,en,"Talk to your baby’s doctor, nurse or your lactation specialist if you do not think that your baby is getting enough milk.",121,0,97
SENT_0001664,BF_001,Breastfeeding Basics,breastfeeding,65,1,en,How often will my baby feed?,28,0,22
SENT_0001665,BF_001,Breastfeeding Basics,breastfeeding,66,1,en,Feedings are timed from the start of one feeding to the start of the next.,74,0,59
SENT_0001666,BF_001,Breastfeeding Basics,breastfeeding,66,2,en,"At first, try to feed your baby every 2 to 3 hours during the day and evening, and at least every 4 hours during the night.",123,0,92
SENT_0001667,BF_001,Breastfeeding Basics,breastfeeding,66,3,en,"If your baby gives feeding cues, feed your baby.",48,0,38
SENT_0001668,BF_001,Breastfeeding Basics,breastfeeding,66,4,en,Your baby may want several feedings very close together.,56,0,47
SENT_0001669,BF_001,Breastfeeding Basics,breastfeeding,67,1,en,"By the end of the first week, your baby will be nursing 8 to 12 times in 24 hours.",82,0,57
SENT_0001670,BF_001,Breastfeeding Basics,breastfeeding,67,2,en,"As your baby and your milk supply grow, your baby may begin feeding less often.",79,0,63
SENT_0001671,BF_001,Breastfeeding Basics,breastfeeding,68,1,en,"Even after babies are able to sleep for longer periods, their sleep is sometimes disturbed by dreams, hunger or a busy day.",123,0,99
SENT_0001672,BF_001,Breastfeeding Basics,breastfeeding,69,1,en,Expect that your baby will wake at night and may need to be fed.,64,0,50
SENT_0001673,BF_001,Breastfeeding Basics,breastfeeding,70,1,en,"esjks cPpkys i;kZIr nw/k çkIr xfjjgsdks N\ rikbZadks cPpkys i;kZIr nw/k çkIr xfjjguqHk,dks N Hkus Lruiku xjkbldsifN rikbZadk Lrug: nw/kys HkfjusNu~ uje gqusNu~ j Lruikug:dks chpek iqu% HkfjusNu~A rikbZadks cPpkys fuEu dqjkg: xuqZgqusN%",235,0,186
SENT_0001674,BF_001,Breastfeeding Basics,breastfeeding,71,1,unknown,• 24 ?,6,0,0
SENT_0001675,BF_001,Breastfeeding Basics,breastfeeding,71,2,en,Vkdks vof/kek 6 ok Fki fplks Mkbijg:,36,0,27
SENT_0001676,BF_001,Breastfeeding Basics,breastfeeding,72,1,en,• Lruikug:dks chpek lqRuqgqusN,30,0,25
SENT_0001677,BF_001,Breastfeeding Basics,breastfeeding,73,1,en,• çR;sd fnu 2 HkUnk /ksjS cksosy xfrfof/kg:,43,0,29
SENT_0001678,BF_001,Breastfeeding Basics,breastfeeding,75,1,en,"• rkSy c<~usN jkezksl¡x uflZ³ Hk,dks LoLFkdj] Qqy VeZ cPpkykbZ vfrfjä ikuh ok QeqZyk vko';d inSZuA rikbZadks cPpkdks fpfdRldys rikbZadks cPpkykbZ vfrfjä ikuh ok QeqZyk [kqokmu vkns'k ufn¡nklEe u[kqokmuqgksl~A rikbZaykbZ vk¶uks cPpkys i;kZIr nw/k ikbjgsdks N HkUus ykXnSu Hkus vk¶uks cPpkdks fpfdRld] ifjpkfjdk ok vk¶uks Lruiku fo'ks""kKl¡x dqjkdkuh xuqZgksl~A esjks cPpkykbZ dfrdks vUrjkyek Lruiku xjkmus\ Lruikug:ykbZ ,mVk Lruikudks lq#okrckV vdksZ Lruikudks lq#okrlEe rkfydk cukb,dks NA ifgys] vk¶uks cPpkykbZ fnu j lk¡>dks vof/kek çR;sd 2 nsf[k 3 ?",550,0,431
SENT_0001679,BF_001,Breastfeeding Basics,breastfeeding,75,2,en,Vkek j jkrdks le;ek dErhek ifu çR;sd 4 ?,40,0,27
SENT_0001680,BF_001,Breastfeeding Basics,breastfeeding,75,3,en,Vkek Lruiku xjkmus ç;kl xuqZgksl~A rikbZadks cPpkys Lruiku xjkmus ladsrg: fnuqgqUN Hkus] vk¶uks cPpkykbZ [kqokmuqgksl~A rikbZadks cPpkys fNVks&fNVks /ksjS Lruikug: xuZ pkgu lDuqgqUNA ifgyks gIrkdks vUR;ek] rikbZadks cPpkykbZ 24 ?,229,0,184
SENT_0001681,BF_001,Breastfeeding Basics,breastfeeding,75,4,en,"Vkek 8 nsf[k 12 iVd uflZ³ xfjUNA rikbZadks cPpk j rikbZadks nw/kdks vkiwfrZ c<~nk] rikbZadks cPpkys çk;% FkksjS Lruiku xuZ lq# xuZ lDuqgqUNA cPpkg: ykeks le;kof/klEe lqRu l{ke Hk,ifN ifu] dfgysdkgh¡ mgk¡g:dks fuækykbZ liukg:] Hkksd ok O;Lr fnuys vojks/k xuZ lDNu~A vk¶uks cPpk jkfrek mB~us j rikbZays Lruiku xjkmu vko';d iuZlDus vis{kk xuqZgksl~A",346,0,260
SENT_0001682,BF_001,Breastfeeding Basics,breastfeeding,76,1,en,"© 2007 - November 1, 2018, Health Information Translations.",59,0,37
SENT_0001683,BF_001,Breastfeeding Basics,breastfeeding,77,1,en,a result of your stopping medical treatment or your failure to obtain treatment.,80,0,67
SENT_0001684,BF_001,Breastfeeding Basics,breastfeeding,78,1,en,Babies have growth spurts in their first 6 months and will nurse more often during them.,88,0,71
SENT_0001685,BF_001,Breastfeeding Basics,breastfeeding,78,2,en,"By feeding more often, your body will make more milk to get through the growth spurts.",86,0,69
SENT_0001686,BF_001,Breastfeeding Basics,breastfeeding,78,3,en,These spurts often last 3 to 5 days.,36,0,26
SENT_0001687,BF_001,Breastfeeding Basics,breastfeeding,79,1,en,"Waking the Sleeping Baby If your baby is in a deep sleep, do not wake your baby for a feeding.",94,0,73
SENT_0001688,BF_001,Breastfeeding Basics,breastfeeding,79,2,en,"If your baby is asleep but has some body motions such as eye motion under the lid, active mouth and tongue motion, or sucking in sleep, this is the best time to wake your baby for a feeding.",190,0,149
SENT_0001689,BF_001,Breastfeeding Basics,breastfeeding,80,1,en,"At night, dim the lights and keep the room quiet.",49,0,38
SENT_0001690,BF_001,Breastfeeding Basics,breastfeeding,80,2,en,"Avoid startling mov""ements.",27,0,23
SENT_0001691,BF_001,Breastfeeding Basics,breastfeeding,80,3,en,Wake the baby gently by moving your baby or you can change your baby’s diaper.,78,0,62
SENT_0001692,BF_001,Breastfeeding Basics,breastfeeding,80,4,en,"If after 15 minutes your baby shows poor interest in breastfeeding, try an hour later.",86,0,68
SENT_0001693,BF_001,Breastfeeding Basics,breastfeeding,81,1,en,"Talk to a doctor, nurse or lactation specialist if you have any questions or concerns.",86,0,70
SENT_0001694,BF_001,Breastfeeding Basics,breastfeeding,82,1,en,"cPpkg:dks fodkldks ifgyks 6 efgukek rhoz o`f) dk vofèkg: vkm¡Nu~ j R;ks vofèkek c<h èksjS Lruiku xnZNu~A c<h Lruiku xjkm¡nk rikb±dks 'kjhjys c<h nwèk mRiknu xnZN tlckV fodkldks R;ks vofèkek pkfgus nwèkdks c<h ek=k gkfly gqu ldksl~A ;Lrk rhoz o`f)dk vofèkg: çk;% 3 nsf[k 5 fnudk gqUNu~A lqfrjgsdks cPpkykbZ mBkmus rikbZadks cPpk xfgjks fuækek gquqgqUN Hkus] rikbZadks cPpkykbZ Lruikudks ykfx umBkmuqgksl~A rikbZadks cPpk funkmuqHk,dks N rj ijsykdks eqfu vk¡[kkdks xfr] lfØ; eq[k rFkk ftczksdks xfr tLrk dsgh 'kkjhfjd xfrg: Nu~ ok fuækek pqfljguqHk,dks N Hkus] ;ks Lruikudks ykfx rikb±dks cPpkykÃ mBkmus mR—""V le; gksA jkrek] cÙkhg:ykÃ fMe xuqZgksl~ j dksBkykÃ 'kkUr jk[uqgksl~A rÆlus fdfledk xfrfofèkg:ykÃ jksDuqgksl~A vk¶uks cPpkykÃ pyk,j foLrkjS cPpkykÃ mBkmuqgksl~ ok rikb±ys cPpkdks Mk;ij ifjorZu xuZ lDuqgqUNA 15 feusVifN rikb±dks cPpkys Lruikuek de :fp ns[kkmuqgqUN Hkus] dsgh ?",883,0,667
SENT_0001695,BF_001,Breastfeeding Basics,breastfeeding,82,2,en,"VkifN ç;kl xuqZgksl~A rikb±l¡x dquS ç'u ok ftKklkg: Nu~ Hkus fpfdRld] ifjpkfjdk ok Lruiku fo'ks""kKl¡x dqjkdkuh xuqZgksl~A",121,0,91
SENT_0001696,BF_002,Breastfeeding Problems,breastfeeding,1,1,en,Lruiku xjkmus leL;kg:,21,0,17
SENT_0001697,BF_002,Breastfeeding Problems,breastfeeding,2,1,en,"Breastfeeding problems are common, but they last a short time.",62,0,51
SENT_0001698,BF_002,Breastfeeding Problems,breastfeeding,2,2,en,These tips may help.,20,0,16
SENT_0001699,BF_002,Breastfeeding Problems,breastfeeding,2,3,en,"If you find that the problems persist, call your doctor, nurse or lactation specialist.",87,0,71
SENT_0001700,BF_002,Breastfeeding Problems,breastfeeding,3,1,en,"Engorgement Engorgement is when the breasts become full, firm, tender and sometimes painful as your breast starts to produce milk.",130,0,108
SENT_0001701,BF_002,Breastfeeding Problems,breastfeeding,3,2,en,This often occurs 3 to 5 days after delivery.,45,0,34
SENT_0001702,BF_002,Breastfeeding Problems,breastfeeding,4,1,en,Signs of engorgement often last 24 to 48 hours.,47,0,34
SENT_0001703,BF_002,Breastfeeding Problems,breastfeeding,4,2,en,Signs include:,14,0,12
SENT_0001704,BF_002,Breastfeeding Problems,breastfeeding,5,1,en,"• Larger, heavier and tender breasts",36,0,29
SENT_0001705,BF_002,Breastfeeding Problems,breastfeeding,6,1,en,"• Breasts that are hard, painful and warm to the touch",54,0,42
SENT_0001706,BF_002,Breastfeeding Problems,breastfeeding,7,1,en,• Swelling of the breasts,25,0,20
SENT_0001707,BF_002,Breastfeeding Problems,breastfeeding,8,1,en,• Firm nipples and areola Ways to Prevent Engorgement,53,0,44
SENT_0001708,BF_002,Breastfeeding Problems,breastfeeding,9,1,en,• Feed your baby at least 8 to 12 times each day.,49,0,33
SENT_0001709,BF_002,Breastfeeding Problems,breastfeeding,9,2,en,Watch and listen for drinking and swallowing.,45,0,38
SENT_0001710,BF_002,Breastfeeding Problems,breastfeeding,10,1,en,• Wear a support bra 24 hours a day while your breasts are heavy.,65,0,48
SENT_0001711,BF_002,Breastfeeding Problems,breastfeeding,10,2,en,Use a comfort style bra without under wires.,44,0,36
SENT_0001712,BF_002,Breastfeeding Problems,breastfeeding,10,3,en,Some mothers find more comfort without a bra.,45,0,37
SENT_0001713,BF_002,Breastfeeding Problems,breastfeeding,11,1,en,"Lruiku xjkmus leL;kg: lkekU; gqu~ rj fruhg: NksVks le;lEe jgUNu~A ;h mik;g:ys eír xuZ lDNu~A rikbZays leL;kg: dk;e jfgjgsdks Qsyk ikuqZgqUN Hkus] vk¶uks fpfdRld] ifjpkfjdk ok Lruiku fo’ks""kKykbZ Qksu xuqZgksl~A bUxkstZesUV bUxkstZesUV Hkusdks rikbZadks Lruys nw/k mRiUu xuZ lq# xnkZ Lrug: iw.",292,0,226
SENT_0001714,BF_002,Breastfeeding Problems,breastfeeding,11,2,en,kZ] dMk] VsUMj j dfgysdkgh¡ nq[kkbiw.,37,0,27
SENT_0001715,BF_002,Breastfeeding Problems,breastfeeding,11,3,en,kZ gq¡nk gqus leL;k gksA ;ks çk;% MsfyHkjh ifNdks 3 nsf[k 5 fnuek ns[kkiNZA bUxkstZesUVdk y{k.,94,0,67
SENT_0001716,BF_002,Breastfeeding Problems,breastfeeding,11,4,en,kg: çk;% 24 nsf[k 48 ?,22,0,7
SENT_0001717,BF_002,Breastfeeding Problems,breastfeeding,11,5,en,VklEe jgUNu~A y{k.,18,0,13
SENT_0001718,BF_002,Breastfeeding Problems,breastfeeding,12,1,en,• Bwyk] xºzq³~xks j uje Lrug:,29,0,18
SENT_0001719,BF_002,Breastfeeding Problems,breastfeeding,13,1,en,• Nqu xkºzks] nq[kkbiw.,23,0,15
SENT_0001720,BF_002,Breastfeeding Problems,breastfeeding,13,2,en,kZ j rkrks gqus Lrug:,21,0,16
SENT_0001721,BF_002,Breastfeeding Problems,breastfeeding,14,1,en,• Lrug: lqfUuus,15,0,11
SENT_0001722,BF_002,Breastfeeding Problems,breastfeeding,15,1,en,"• fuIiyg: j ,jksyk dMk gqus bUxkstZesUV jksdFkke xusZ rfjdkg:",61,0,48
SENT_0001723,BF_002,Breastfeeding Problems,breastfeeding,16,1,en,• çR;sd fnu vk¶uks cPpkykbZ dErhek ifu 8 nsf[k 12 iVdlEe Lruiku xjkmuqgksl~A fimu rFkk fuYus dk;Zdks ykfx gsuqZgksl~ j lqUuqgksl~A,130,0,98
SENT_0001724,BF_002,Breastfeeding Problems,breastfeeding,17,1,en,• rikbZadk Lrug: xºzq³~xks gq¡nk fnudks 24 ?,44,0,28
SENT_0001725,BF_002,Breastfeeding Problems,breastfeeding,17,2,en,"Vk liksVZ czk yxkmuqgksl~A rkjg: uHk,dks lgt 'kSyhdks czkdks ç;ksx xuqZgksl~A dsgh vkekg:ys czk fcuk lgt Hk,dks eglql xuqZgqUNA",127,0,100
SENT_0001726,BF_002,Breastfeeding Problems,breastfeeding,18,1,en,• If your breasts become engorged:,34,0,27
SENT_0001727,BF_002,Breastfeeding Problems,breastfeeding,19,1,en,"Place a clean, warm, damp cloth over each breast for 3 to 5 minutes before nursing or get into a warm shower and let warm water flow over your shoulders.",153,0,119
SENT_0001728,BF_002,Breastfeeding Problems,breastfeeding,19,2,en,Heating the breasts will help your milk flow easily to your baby.,65,0,53
SENT_0001729,BF_002,Breastfeeding Problems,breastfeeding,20,1,en,"After heating the breasts, massage them in a circular motion towards the areola and the nipple.",95,0,78
SENT_0001730,BF_002,Breastfeeding Problems,breastfeeding,20,2,en,Massaging will move the milk down.,34,0,28
SENT_0001731,BF_002,Breastfeeding Problems,breastfeeding,20,3,en,Massage under the arms and the collarbone area if this area is firm and uncomfortable.,86,0,71
SENT_0001732,BF_002,Breastfeeding Problems,breastfeeding,21,1,en,Soften the breast using hand expression or a breast pump.,57,0,47
SENT_0001733,BF_002,Breastfeeding Problems,breastfeeding,21,2,en,Express enough breast milk to soften the areola so that baby can easily attach.,79,0,65
SENT_0001734,BF_002,Breastfeeding Problems,breastfeeding,22,1,en,Breastfeed right away.,22,0,19
SENT_0001735,BF_002,Breastfeeding Problems,breastfeeding,22,2,en,Gently massage your breasts while nursing.,42,0,36
SENT_0001736,BF_002,Breastfeeding Problems,breastfeeding,23,1,en,"If the breasts are still painful, full and swollen after a breastfeeding, or refill within a half hour after feeding, you may pump to soften the breasts.",153,0,123
SENT_0001737,BF_002,Breastfeeding Problems,breastfeeding,23,2,en,Only pump if your breasts are overly full and don’t pump until they are empty.,78,0,62
SENT_0001738,BF_002,Breastfeeding Problems,breastfeeding,24,1,en,Apply cold packs to the breasts for 20 minutes after nursing Nipple Soreness Nipple soreness often occurs when the baby is not attached well to the breast or positioned correctly.,179,0,147
SENT_0001739,BF_002,Breastfeeding Problems,breastfeeding,24,2,en,Make sure your baby’s jaws are deeply over your areola and about ½ inch behind the base of your nipple.,103,0,81
SENT_0001740,BF_002,Breastfeeding Problems,breastfeeding,24,3,en,Your nipple should be rounded and erect after the baby detaches.,64,0,53
SENT_0001741,BF_002,Breastfeeding Problems,breastfeeding,25,1,en,"• rikbZadks Lrug: bUxkstZ Hk, Hkus% uflZ³ xuqZiwoZ 3 nsf[k 5 feusVlEedks ykfx çR;sd Lru ekfFk U;kuks] fHktsdks diMk jk[uqgksl~ ok U;kuks lkojek tkuqgksl~ j rkrksikuhykbZ vk¶uk dk¡/kg: ekfFk cXu fnuqgksl~A Lrug: rrkmukys lftySl¡x vk¶uks cPpkykbZ nw/k çokg xuZ eír gqusNA Lrug:",275,0,206
SENT_0001742,BF_002,Breastfeeding Problems,breastfeeding,26,1,en,"rrk,ifN] ,jksyk j fuIiyfrj o`Ùkkdkj xfrek fruhg:ykbZ ekfyl xuqZgksl~A gkrek ok dyjcksu {ks=ek ekfyl djk ;fn ;ks {ks= QeZ j vlqfoèkktud N HkusA LruykbZ gkrdks O;ogkj ok Lru iEidks ç;ksx xjsj uje cukmuqgksl~A ,jksykykbZ uje cukmu i;kZIr Lrudks nw/k fupuqZgksl~ tldkj.",265,0,202
SENT_0001743,BF_002,Breastfeeding Problems,breastfeeding,26,2,en,k cPpk lftySl¡x layXu gqu lDuqgqUNA rRdky Lruiku xjkmuqgksl~A Lruiku xjkm¡nk vk¶uks Lrug:ykbZ gyqdkl¡x ekfyl xuqZgksl~A LruikuifN Lrug: v>S ifu nq[kkbiw.,153,0,122
SENT_0001744,BF_002,Breastfeeding Problems,breastfeeding,26,3,en,kZ] iw.,7,0,4
SENT_0001745,BF_002,Breastfeeding Problems,breastfeeding,26,4,en,kZ gqus j lqfUuus gqUNu~ ok LruikuifNdks vk/kk ?,48,0,37
SENT_0001746,BF_002,Breastfeeding Problems,breastfeeding,26,5,en,Vk fHk= iqu% Hkfjus gqUNu~ Hkus] rikbZays Lrug:ykbZ uje cukmu iEi xuZ lDuqgqUNA rikbZadk Lrug: iw.,98,0,76
SENT_0001747,BF_002,Breastfeeding Problems,breastfeeding,26,6,en,kZ :iek iwjk HkfjUNu~ Hkus ek=S iEi xuqZgksl~ j fruhg: [kkyh ugq¡nklEe iEi uxuqZgksl~A Lruiku ifN 20 feusVdks ykfx Lrug:ek dksYM I;kdg: jk[uqgksl~ fuIiyek ?,156,0,116
SENT_0001748,BF_002,Breastfeeding Problems,breastfeeding,26,7,en,kkm gqus fuIiyek ?,18,0,14
SENT_0001749,BF_002,Breastfeeding Problems,breastfeeding,26,8,en,"kkm çk;% tlks cPpk Lruek jkezksl¡x layXu ugq¡nk ok lgh rfjdkys ujk[nk gqUNA rikbZadks cPpkdk c³~xkjkg: vk¶uks ,jksyk ekfFk j rikbZadks fuIiydks csl iNkfM yxHkx ½ bUp Nu~ Hkuh lqfuf'pr xuqZgksl~A rikbZadks fuIiy cPpk Nqfê,ifN xksykdkj j fl/kk gquqiNZA",250,0,194
SENT_0001750,BF_002,Breastfeeding Problems,breastfeeding,28,1,en,"• If you feel pinching, rubbing or biting pain during the feeding, check the baby’s position and attachment.",108,0,86
SENT_0001751,BF_002,Breastfeeding Problems,breastfeeding,29,1,en,• Air-dry your nipples by leaving your bra flaps down for a couple of minutes after a feeding.,94,0,74
SENT_0001752,BF_002,Breastfeeding Problems,breastfeeding,30,1,en,• Express a small amount of colostrum or milk and spread it around the nipple and areola after air-drying.,106,0,85
SENT_0001753,BF_002,Breastfeeding Problems,breastfeeding,31,1,en,"• Avoid the use of soap, alcohol and extra water on the breast.",63,0,48
SENT_0001754,BF_002,Breastfeeding Problems,breastfeeding,31,2,en,Clean your breasts by allowing water to flow over them when showering.,70,0,58
SENT_0001755,BF_002,Breastfeeding Problems,breastfeeding,32,1,en,If You Have Nipple Soreness:,28,0,23
SENT_0001756,BF_002,Breastfeeding Problems,breastfeeding,33,1,en,• Feed your baby more often for shorter periods of time.,56,0,44
SENT_0001757,BF_002,Breastfeeding Problems,breastfeeding,34,1,en,• Do not allow your baby to become too hungry.,46,0,35
SENT_0001758,BF_002,Breastfeeding Problems,breastfeeding,35,1,en,"• Using an artificial nipple shield over the breast for feeding may help with soreness, but can damage your nipple and get in the way of milk flow.",147,0,117
SENT_0001759,BF_002,Breastfeeding Problems,breastfeeding,35,2,en,Only use them with the help of a lactation specialist.,54,0,44
SENT_0001760,BF_002,Breastfeeding Problems,breastfeeding,36,1,en,• Use a purified lanolin product or gel pad to heal cracked or open areas.,74,0,58
SENT_0001761,BF_002,Breastfeeding Problems,breastfeeding,36,2,en,Do not use lanolin and gel pads together.,41,0,33
SENT_0001762,BF_002,Breastfeeding Problems,breastfeeding,37,1,en,• Begin feeding on the least sore nipple.,41,0,32
SENT_0001763,BF_002,Breastfeeding Problems,breastfeeding,38,1,en,Be sure to break suction carefully by sliding your finger inside your baby’s mouth.,83,0,68
SENT_0001764,BF_002,Breastfeeding Problems,breastfeeding,39,1,en,"• If it remains painful when your baby first latches on, remove your baby and try again.",88,0,69
SENT_0001765,BF_002,Breastfeeding Problems,breastfeeding,40,1,en,fuIiyek ?,9,0,7
SENT_0001766,BF_002,Breastfeeding Problems,breastfeeding,40,2,en,kkm gqusckV jksDus rfjdkg:,26,0,22
SENT_0001767,BF_002,Breastfeeding Problems,breastfeeding,41,1,en,• rikbZays Lruiku xjkmus le;ek fpeksV~us] jxMus ok VksDus nq[kkb eglql xuqZgqUN Hkus] cPpkykbZ jk[ksdks rfjdk j la;kstuykbZ tk¡p xuqZgksl~A,139,0,110
SENT_0001768,BF_002,Breastfeeding Problems,breastfeeding,42,1,en,"• Lruiku xjk,ifN dsgh le;dks ykfx vk¶uks czkdk ¶Y;kig:ykbZ ry NksMsj vk¶uks fuIiyykbZ gkokek lqdkmuqgksl~A",106,0,83
SENT_0001769,BF_002,Breastfeeding Problems,breastfeeding,43,1,en,"• dksyksLVªe ok nw/kdks lkuks ek=k fupuqZgksl~ j gkokek lqdk,ifN fuIiy j ,jksykdks ojij QSykmuqgksl~A",101,0,79
SENT_0001770,BF_002,Breastfeeding Problems,breastfeeding,44,1,en,• Lruek lkcqu] efnjk j vfrfjä ikuhdks ç;ksx uxuqZgksl~A lkoj xnkZ Lrug: ekfFkckV ikuhg:,87,0,66
SENT_0001771,BF_002,Breastfeeding Problems,breastfeeding,45,1,en,cXus xjh lQk xuqZgksl~A rikbZaykbZ fuIiyek ?,44,0,36
SENT_0001772,BF_002,Breastfeeding Problems,breastfeeding,46,1,en,• vk¶uks cPpkykÃ NksVk vUrjkyek NksVks&NksVks vofèkdks ykfx Lruiku xjkmuqgksl~A,79,0,64
SENT_0001773,BF_002,Breastfeeding Problems,breastfeeding,47,1,en,"• vk¶uks cPpkykbZ ,dneS Hkksdks ujk[uqgksl~A",44,0,34
SENT_0001774,BF_002,Breastfeeding Problems,breastfeeding,48,1,en,• Lruiku xjkmudk ykfx Lruek —f=e fuIiy f'kYMdks ç;ksx xukZys ?,62,0,45
SENT_0001775,BF_002,Breastfeeding Problems,breastfeeding,48,2,en,"kkm Hk,dksek eír xuZlDN rj rikbZadks fuIiyykbZ [kjkc xuZlDN j nwèkdks çokgykÃ jksDulDNA fruhg:ykbZ Lruiku fo'ks""kKdks eír}kjk ek= ç;ksx xuqZgksl~A",146,0,112
SENT_0001776,BF_002,Breastfeeding Problems,breastfeeding,49,1,en,"• Dz;kd Hk,dk ok [kqyk {ks=g: fudks xjkmu 'kq) ikfj,dks ykuksfyu mRiknu ok tsy I;kMdks ç;ksx xuqZgksl~A ykuksfyu j tsy I;kMg:ykbZ ,dlkFk ç;ksx uxuqZgksl~A",154,0,111
SENT_0001777,BF_002,Breastfeeding Problems,breastfeeding,50,1,en,"kkm Hk,dks fuIiyckV Lruiku xjkmu lq# xuqZgksl~A vk¶uks cPpkdks eq[kek vk¶uks vkSaykykbZ fHk= LykbM xjsj lko/kkuhiwoZd pqLu NqVkmu lqfuf'pr xuqZgksl~A",149,0,120
SENT_0001778,BF_002,Breastfeeding Problems,breastfeeding,51,1,en,• rikbZadks cPpkys lq#ek Lruiku xnkZ nq[kkbiw.,46,0,36
SENT_0001779,BF_002,Breastfeeding Problems,breastfeeding,52,1,en,• A fast deep latch will put your baby’s jaws behind the nipple and tender areas.,81,0,63
SENT_0001780,BF_002,Breastfeeding Problems,breastfeeding,53,1,en,"If latching on still painful, talk to a lactation specialist.",61,0,50
SENT_0001781,BF_002,Breastfeeding Problems,breastfeeding,54,1,en,Plugged Duct A plugged duct is a tender or painful lump in the breast.,70,0,56
SENT_0001782,BF_002,Breastfeeding Problems,breastfeeding,54,2,en,"If left untreated, it may lead to an infection.",47,0,37
SENT_0001783,BF_002,Breastfeeding Problems,breastfeeding,54,3,en,Plugs often occur from changes in the baby’s feeding pattern or pressure on the breast.,87,0,71
SENT_0001784,BF_002,Breastfeeding Problems,breastfeeding,54,4,en,Check your breast for pressure points that occur from a bra that is too tight or from bunched clothing on the breast.,117,0,95
SENT_0001785,BF_002,Breastfeeding Problems,breastfeeding,55,1,en,If You Have a Plugged Duct:,27,0,21
SENT_0001786,BF_002,Breastfeeding Problems,breastfeeding,56,1,en,• Apply moist heat to the breast 15 to 20 minutes before each feeding.,70,0,51
SENT_0001787,BF_002,Breastfeeding Problems,breastfeeding,57,1,en,• Massage the breast from the area behind the discomfort toward the nipple.,75,0,61
SENT_0001788,BF_002,Breastfeeding Problems,breastfeeding,58,1,en,• Change positions lining-up the baby’s chin and jaw toward the plug.,69,0,54
SENT_0001789,BF_002,Breastfeeding Problems,breastfeeding,59,1,en,• Let the baby nurse first on the affected breast.,50,0,39
SENT_0001790,BF_002,Breastfeeding Problems,breastfeeding,59,2,en,The stronger suck will help relieve the plug.,45,0,37
SENT_0001791,BF_002,Breastfeeding Problems,breastfeeding,60,1,en,"Breast Infection A breast infection occurs from a blocked duct or from bacteria that has entered the breast, often through a cracked nipple.",140,0,116
SENT_0001792,BF_002,Breastfeeding Problems,breastfeeding,60,2,en,"Even though the breast tissue is inflamed, the baby will not become ill from feeding on the infected breast.",108,0,88
SENT_0001793,BF_002,Breastfeeding Problems,breastfeeding,61,1,en,Signs of breast infection may include:,38,0,32
SENT_0001794,BF_002,Breastfeeding Problems,breastfeeding,62,1,en,"• A headache, aching joints, fever or chills",44,0,34
SENT_0001795,BF_002,Breastfeeding Problems,breastfeeding,63,1,en,"• A hard, red and painful breast",32,0,24
SENT_0001796,BF_002,Breastfeeding Problems,breastfeeding,64,1,en,• A fussy or unwilling to nurse baby when using the infected breast,67,0,54
SENT_0001797,BF_002,Breastfeeding Problems,breastfeeding,65,1,en,"• æqr xfgjks Lruikuys rikbZadks cPpkdks c³~xkjkykbZ fuIiy j VsUMj {ks=g:dks iNkfM jk[NA Lruiku xjkm¡nk v>Sifu ,dneS nq[N Hkus] Lruiku fo’ks""kKl¡x dqjkdkuh xuqZgksl~A cUn Hk,dks uyh Lruek gqus tfVy ok nq[kkbiw.",209,0,159
SENT_0001798,BF_002,Breastfeeding Problems,breastfeeding,65,2,en,"kZ yEi gksA mipkj xfj,u Hkus] ;lys laØe.",40,0,28
SENT_0001799,BF_002,Breastfeeding Problems,breastfeeding,65,3,en,k fuER;kmu lDNA Iyxg:,21,0,16
SENT_0001800,BF_002,Breastfeeding Problems,breastfeeding,66,1,en,"çk;% cPpkdks [kqokmus I;kVªuek gqus ifjorZug: ok Lruek gqus pkickV gqUNu~A ,dneS dflyks Hk,dks czkckV gqus ok Lruek Hk,dks /ksjS diMkckV gqus pkidk iksbUVg:dks ykfx vk¶uks Lrudks tk¡p xuqZgksl~A rikbZaek cUn Hk,dks uyh N Hkus%",226,0,174
SENT_0001801,BF_002,Breastfeeding Problems,breastfeeding,67,1,en,• çR;sd iVd Lruiku xjkmuqHkUnk vxkfM LruykbZ 15 nsf[k 20 feusVlEe rkrks cukmuqgksl~A,84,0,63
SENT_0001802,BF_002,Breastfeeding Problems,breastfeeding,68,1,en,• vlgt gqus {ks=dks iNkfMckV fuIiyrQZ Lrudks ekfyl xuqZgksl~A,61,0,49
SENT_0001803,BF_002,Breastfeeding Problems,breastfeeding,69,1,en,• cPpkdks P;kiw j nk¡rykÃ Lrudks cUn uyhfrj jk[nS fLFkfrek ifjorZu xuqZgksl~A,77,0,60
SENT_0001804,BF_002,Breastfeeding Problems,breastfeeding,70,1,en,• cPpkykbZ lq#ek çHkkfor LruykbZ pqLu fnuqgksl~A cfy;ks pqlkbZys Iyxek vkjke fnu eír xusZNA Lrudks l³~Øe.,105,0,80
SENT_0001805,BF_002,Breastfeeding Problems,breastfeeding,70,2,en,"k cUn Hk,dks uyh ok çk;% Dz;kd Hk,dks Lrudks fuIiyckV Lruek ços'k Hk,dks C;kDVsfj;kckV gqUNA Lrudks rUrqek tyu Hk, rkifu] cPpkykbZ l³~Øfer LruckV Lruiku xjkm¡nk cPpk fcjkeh gqusNSuu~A Lrudks l³~Øe.",197,0,146
SENT_0001806,BF_002,Breastfeeding Problems,breastfeeding,70,3,en,kdk y{k.,8,0,5
SENT_0001807,BF_002,Breastfeeding Problems,breastfeeding,71,1,en,• Vkmdks nq[us] tksuhZg: nq[us] Tojks vkmus ok fplks ykXus,58,0,43
SENT_0001808,BF_002,Breastfeeding Problems,breastfeeding,72,1,en,• Bksl] jkrks j nq[kkbiw.,25,0,17
SENT_0001809,BF_002,Breastfeeding Problems,breastfeeding,73,1,en,• l³~Øfer Lrudks ç;ksx xjsj cPpkykÃ Lruiku xjkm¡nk mlys fnô ekUus ok vfuPNqd gqus,81,0,59
SENT_0001810,BF_002,Breastfeeding Problems,breastfeeding,74,1,en,"© 2007 - November 1, 2018, Health Information Translations.",59,0,37
SENT_0001811,BF_002,Breastfeeding Problems,breastfeeding,75,1,en,a result of your stopping medical treatment or your failure to obtain treatment.,80,0,67
SENT_0001812,BF_002,Breastfeeding Problems,breastfeeding,76,1,en,Call your doctor right away if you think you may have a breast infection.,73,0,59
SENT_0001813,BF_002,Breastfeeding Problems,breastfeeding,77,1,en,• Your doctor may order medicine to treat the infection.,56,0,45
SENT_0001814,BF_002,Breastfeeding Problems,breastfeeding,77,2,en,Take the medicine for the full time ordered.,44,0,36
SENT_0001815,BF_002,Breastfeeding Problems,breastfeeding,77,3,en,"Do not stop taking your medicine, even if you feel better, without first talking to your doctor.",96,0,77
SENT_0001816,BF_002,Breastfeeding Problems,breastfeeding,78,1,en,• Continue to breastfeed your baby often to drain the infected breast.,70,0,57
SENT_0001817,BF_002,Breastfeeding Problems,breastfeeding,78,2,en,"If your breast is too painful to breastfeed, you may need to use a breast pump until you are able to breastfeed your baby again.",128,0,102
SENT_0001818,BF_002,Breastfeeding Problems,breastfeeding,79,1,en,• Rest often and drink a lot of fluids.,39,0,29
SENT_0001819,BF_002,Breastfeeding Problems,breastfeeding,80,1,en,"Talk to a doctor, nurse or lactation specialist if you have any questions or concerns.",86,0,70
SENT_0001820,BF_002,Breastfeeding Problems,breastfeeding,81,1,en,rikbZaykbZ Lrudks l³~Øe.,24,0,18
SENT_0001821,BF_002,Breastfeeding Problems,breastfeeding,82,1,en,• rikbZadks fpfdRldys l³~Øe.,28,0,20
SENT_0001822,BF_002,Breastfeeding Problems,breastfeeding,82,2,en,"kdks mipkj xuZ vkS""kf/kdks vkns'k fnu lDuqgqUNA vkns'k fnb,dks iwjk le;lEe vkS""kf/k fyuqgksl~A rikbZaykbZ jkezks eglql Hk, rkifu vk¶uks fpfdRldl¡x dqjkdkuh uxfjdu vk¶uks vkS""kf/k fyu ujksDuqgksl~A",196,0,155
SENT_0001823,BF_002,Breastfeeding Problems,breastfeeding,83,1,en,"• l³~Øfer LruckV nw/k fudkYudks ykfx çk;% vk¶uks cPpkykbZ Lruiku xjkmu tkjh jk[uqgksl~ A rikbZadks Lru Lruiku xjkm¡nk ,dneS nq[N Hkus] rikbZays vk¶uks cPpkykbZ Qsfj Lruiku xjkmu l{ke ugq¡nklEe rikbZaykbZ Lru iEidks ç;ksx xuZ vko';d iNZA",236,0,179
SENT_0001824,BF_002,Breastfeeding Problems,breastfeeding,84,1,en,"• çk;% foJke xuqZgksl~ j /ksjS is; inkFkZg: fimuqgksl~A rikbZal¡x dquS ç'u ok ftKklkg: Nu~ Hkus vk¶uks fpfdRld] ifjpkfjdk ok Lruiku fo'ks""kKl¡x dqjk xuqZgksl~A",159,0,116
SENT_0001825,BF_003,Getting Started Breastfeeding Your Baby,breastfeeding,1,1,en,rikbZadks cPpkykbZ Lruiku xjkmu lq# xusZ Breastmilk is the perfect food for your baby.,86,0,71
SENT_0001826,BF_003,Getting Started Breastfeeding Your Baby,breastfeeding,1,2,en,It is all your baby needs for the first 6 months of life.,57,0,43
SENT_0001827,BF_003,Getting Started Breastfeeding Your Baby,breastfeeding,1,3,en,It can take time to learn how to breastfeed.,44,0,35
SENT_0001828,BF_003,Getting Started Breastfeeding Your Baby,breastfeeding,1,4,en,Be patient.,11,0,9
SENT_0001829,BF_003,Getting Started Breastfeeding Your Baby,breastfeeding,1,5,en,You and your baby are both learning something new.,50,0,41
SENT_0001830,BF_003,Getting Started Breastfeeding Your Baby,breastfeeding,2,1,en,The first milk your body makes is called colostrum.,51,0,42
SENT_0001831,BF_003,Getting Started Breastfeeding Your Baby,breastfeeding,2,2,en,"It is often a thick, creamy yellow.",35,0,27
SENT_0001832,BF_003,Getting Started Breastfeeding Your Baby,breastfeeding,3,1,en,Colostrum is rich in nutrients and antibodies that protect your baby from infections and diseases.,98,0,83
SENT_0001833,BF_003,Getting Started Breastfeeding Your Baby,breastfeeding,3,2,en,Breastmilk changes as your baby grows.,38,0,32
SENT_0001834,BF_003,Getting Started Breastfeeding Your Baby,breastfeeding,3,3,en,"It becomes a thin, white liquid that sometimes may even look bluish.",68,0,55
SENT_0001835,BF_003,Getting Started Breastfeeding Your Baby,breastfeeding,4,1,en,Babies do not need any extra water.,35,0,28
SENT_0001836,BF_003,Getting Started Breastfeeding Your Baby,breastfeeding,4,2,en,Your milk is all they need.,27,0,21
SENT_0001837,BF_003,Getting Started Breastfeeding Your Baby,breastfeeding,4,3,en,"Avoid giving your baby bottles, pacifiers or using nipple shields in the first few weeks of life unless directed to do so by a doctor.",134,0,108
SENT_0001838,BF_003,Getting Started Breastfeeding Your Baby,breastfeeding,4,4,en,"The more often you breastfeed, the more milk you make.",54,0,43
SENT_0001839,BF_003,Getting Started Breastfeeding Your Baby,breastfeeding,4,5,en,It is normal for babies to breastfeed every 1 to 3 hours in the beginning.,74,0,57
SENT_0001840,BF_003,Getting Started Breastfeeding Your Baby,breastfeeding,5,1,en,Getting Ready to Breastfeed Wash your hands and make yourself comfortable.,74,0,63
SENT_0001841,BF_003,Getting Started Breastfeeding Your Baby,breastfeeding,5,2,en,Use pillows to help you hold and support your baby.,51,0,41
SENT_0001842,BF_003,Getting Started Breastfeeding Your Baby,breastfeeding,5,3,en,Some mothers massage their breasts gently before breastfeeding.,63,0,55
SENT_0001843,BF_003,Getting Started Breastfeeding Your Baby,breastfeeding,6,1,en,Holding Your Baby to Breastfeed There are several positions you can use to breastfeed your baby.,96,0,80
SENT_0001844,BF_003,Getting Started Breastfeeding Your Baby,breastfeeding,6,2,en,Make sure you have your baby at breast height so that you are not leaning over your baby.,89,0,71
SENT_0001845,BF_003,Getting Started Breastfeeding Your Baby,breastfeeding,6,3,en,Always bring your baby to your breast instead of trying to put your breast into your baby’s mouth.,98,0,79
SENT_0001846,BF_003,Getting Started Breastfeeding Your Baby,breastfeeding,7,1,en,Football and cross cradle holds will provide the best head control for the newborn.,83,0,69
SENT_0001847,BF_003,Getting Started Breastfeeding Your Baby,breastfeeding,8,1,en,"vkekdks nq/k vk¶uks cPpkdks ykfx mÙke [kkuk gksA ;ks rikbZadks cPpk tUe ifNdks ifgyks 6 efgukdks ykfx vko’;d gqUNA Lruiku dljh xjkmus HkUusek le; ykXu lDNA /kS;Z xuqZgksl~A rikbZa j rikbZadks cPpkys dsgh u;k¡ dqjkg: flDuqgqUNA rikbZadks 'kjhjys cukmus ifgyks nw/kykbZ dksyksLVªkse ¼csxqrh½ HkfuUNA ;ks çk;% ckDyks] fØe;qä igs¡yks gqUNA dksyksLVªkse ikSf""Vdrk j jksx çfrj{kdg:ys Hkfjiw.",385,0,295
SENT_0001848,BF_003,Getting Started Breastfeeding Your Baby,breastfeeding,8,2,en,kZ gqUN tlys laØe.,18,0,13
SENT_0001849,BF_003,Getting Started Breastfeeding Your Baby,breastfeeding,8,3,en,"k j jksxg:ckV rikbZadks cPpkykbZ lqj{kk xNZA vkekdks nq/k rikbZadks cPpk o`f) Hk, vuqlkj ifjorZu gqUNA ;ks ikryks] lsrks rjy inkFkZgqUN tqu dfgysdkgh¡ fuyks nsf[kuifu lDNA cPpkg:ykbZ dquS vfrfjä ikuh vko’;d gq¡nSuA rikbZadks nw/k uS fruhg:dks lcS vko’;d dqjk gksA fpfdRld}kjk funsZ’ku ugq¡nklEe thoudks ifgyks dsgh gIrklEe vk¶uks cPpkykbZ cksry] isflQk;j ok Lrudks eqUVkdks lqj{kk ç;ksx xusZ uxuqZgksl~A rikbZays tfr /ksjSiVd Lruiku xjkmuqgqUN] R;fr /ksjS nq/k cukmuqgqUNA lq#okrek çR;sd 1 nsf[k 3 ?",499,0,386
SENT_0001850,BF_003,Getting Started Breastfeeding Your Baby,breastfeeding,8,4,en,Vkek Lruiku xjkmuq cPpkg:dks ykfx lkekU; gksA Lruiku xjkmu r;kj gqus vk¶uk gkrg: /kquqgksl~ j vkQwykbZ vkjkenk;d cukmuqgksl~A rikbZaykbZ cPpk lekmu eír xuZ j rikbZadks cPpkykbZ lgk;rk xuZ fljkuhg:dks ç;ksx xuqZgksl~A dsgh vkekg:ys Lruiku xjkmuqvf?,247,0,196
SENT_0001851,BF_003,Getting Started Breastfeeding Your Baby,breastfeeding,8,5,en,k vk¶uk Lrug: ekfyl xuqZgqUNA Lruiku xjkmu vk¶uks cPpkykbZ lekRus vk¶uks cPpk Lruiku xjkmu rikbZays ç;ksx xusZ /ksjS vklug:,123,0,97
SENT_0001852,BF_003,Getting Started Breastfeeding Your Baby,breastfeeding,9,1,en,Nu~A rikbZal¡x rikbZadks Lrudks mpkbek cPpk N Hkuh lqfuf’pr xuqZgksl~ tldkj.,76,0,61
SENT_0001853,BF_003,Getting Started Breastfeeding Your Baby,breastfeeding,9,2,en,"k rikbZays vk¶uks cPpk ekfFk >qDuqgqUuA vk¶uks Lru cPpkdks eq[kek jk[us ç;kl xuqZdks lêkek l/kS¡ vk¶uks cPpkykbZ vk¶uks Lruek Y;kmuqgksl~A QqVcy rFkk Øl ØsMy gksYMys uotkr f’k’kqdks ykfx mR—""V Vkmdksdks fu;U=.",209,0,156
SENT_0001854,BF_003,Getting Started Breastfeeding Your Baby,breastfeeding,10,1,en,Football or Under the Arm Hold 1.,33,0,25
SENT_0001855,BF_003,Getting Started Breastfeeding Your Baby,breastfeeding,10,2,en,Place your baby on a pillow at your side.,41,0,32
SENT_0001856,BF_003,Getting Started Breastfeeding Your Baby,breastfeeding,11,1,en,"Support your breast with 4 fingers below and your thumb above, forming a “C”.",77,0,59
SENT_0001857,BF_003,Getting Started Breastfeeding Your Baby,breastfeeding,12,1,en,"Make sure your fingers are behind the areola, the dark area around your nipple.",79,0,64
SENT_0001858,BF_003,Getting Started Breastfeeding Your Baby,breastfeeding,13,1,en,Hold your baby tucked under your arm.,37,0,30
SENT_0001859,BF_003,Getting Started Breastfeeding Your Baby,breastfeeding,13,2,en,"Place the palm of your hand on your baby’s upper back, between the shoulder blades.",83,0,66
SENT_0001860,BF_003,Getting Started Breastfeeding Your Baby,breastfeeding,13,3,en,"Control your baby’s head at the neck, below the ears.",53,0,41
SENT_0001861,BF_003,Getting Started Breastfeeding Your Baby,breastfeeding,14,1,en,Lift your baby up to your breast.,33,0,26
SENT_0001862,BF_003,Getting Started Breastfeeding Your Baby,breastfeeding,15,1,en,Tickle your baby’s lips with your nipple and wait until your baby’s mouth opens wide.,85,0,68
SENT_0001863,BF_003,Getting Started Breastfeeding Your Baby,breastfeeding,16,1,en,Bring your baby onto your breast.,33,0,27
SENT_0001864,BF_003,Getting Started Breastfeeding Your Baby,breastfeeding,17,1,en,Cross Cradle Hold 1.,20,0,15
SENT_0001865,BF_003,Getting Started Breastfeeding Your Baby,breastfeeding,17,2,en,Place your baby on a pillow across your lap so he or she faces you at breast level.,83,0,65
SENT_0001866,BF_003,Getting Started Breastfeeding Your Baby,breastfeeding,18,1,en,Support your breast with the hand on that side with your fingers and thumb below to form a “U” shape.,101,0,79
SENT_0001867,BF_003,Getting Started Breastfeeding Your Baby,breastfeeding,19,1,en,Place your baby’s legs under the arm opposite the breast from which he will be feeding.,87,0,70
SENT_0001868,BF_003,Getting Started Breastfeeding Your Baby,breastfeeding,20,1,en,Support your baby’s head and back with your arm and hand your baby’s legs are under.,84,0,66
SENT_0001869,BF_003,Getting Started Breastfeeding Your Baby,breastfeeding,21,1,en,QqVcy ok ik[kqjk eqfu lekRus 1.,31,0,23
SENT_0001870,BF_003,Getting Started Breastfeeding Your Baby,breastfeeding,21,2,en,vk¶uks lkbMek vk¶uks cPpkykbZ fljkuhek jk[uqgksl~A 2.,53,0,41
SENT_0001871,BF_003,Getting Started Breastfeeding Your Baby,breastfeeding,21,3,en,"4 oVk vkSaykg:ykbZ ry jk[ksj j vk¶uks cq<h vkSaykykbZ ekfFk jkf[k] ^^Cß vkdkj cuk,j LruykbZ lekmuqgksl~A rikbZadks vkSaykg: rikbZadks Lrudks eqUVk ojijdks dkyks {ks=ek ,jhvksykdks iNkfM Nu~ Hkuh lqfuf’pr xuqZgksl~A 3.",217,0,166
SENT_0001872,BF_003,Getting Started Breastfeeding Your Baby,breastfeeding,21,4,en,vk¶uks ik[kqjk eqfu P;kisj vk¶uks cPpkykbZ lekRuqgksl~A vk¶uks cPpkdks <kMdks dk¡/kdk CysMg: chpek vk¶uks gkrdks gRdsyk jk[uqgksl~A ?,133,0,102
SENT_0001873,BF_003,Getting Started Breastfeeding Your Baby,breastfeeding,21,5,en,kk¡Vhek] dkudks ry vk¶uks cPpkdks VkmdksykbZ fu;U=.,51,0,39
SENT_0001874,BF_003,Getting Started Breastfeeding Your Baby,breastfeeding,21,6,en,k xuqZgksl~A 4.,15,0,10
SENT_0001875,BF_003,Getting Started Breastfeeding Your Baby,breastfeeding,21,7,en,vk¶uks cPpkykbZ Lruek fy¶V xuqZgksl~A 5.,40,0,30
SENT_0001876,BF_003,Getting Started Breastfeeding Your Baby,breastfeeding,21,8,en,vk¶uks cPpkdk vksBg:ys vk¶uks Lrudks eqUVksek dkmdqrh yxkmuqgksl~ j vk¶uks cPpkys eq[k u[kksYnklEe i[kZuqgksl~A 6.,114,0,89
SENT_0001877,BF_003,Getting Started Breastfeeding Your Baby,breastfeeding,21,9,en,vk¶uks cPpkykbZ LrulEe Y;kmuqgksl~A Øl ØsMy gksYM 1.,52,0,38
SENT_0001878,BF_003,Getting Started Breastfeeding Your Baby,breastfeeding,21,10,en,vk¶uks dk[kdks chpek fljkuhek vk¶uks cPpkykbZ jk[uqgksl~ tldkj.,63,0,50
SENT_0001879,BF_003,Getting Started Breastfeeding Your Baby,breastfeeding,21,11,en,k cPpkys rikbZadks Lrudks LrjykbZ lftySl¡x lkeuk xNZA 2.,56,0,45
SENT_0001880,BF_003,Getting Started Breastfeeding Your Baby,breastfeeding,21,12,en,"^^U^^ vkdkj cukmu vk¶uks vkSaykg: j cq<h vkSaykys R;l lkbMek Hk,dks gkrys vk¶uks LruykbZ lgk;rk xuqZgksl~A 3.",109,0,79
SENT_0001881,BF_003,Getting Started Breastfeeding Your Baby,breastfeeding,21,13,en,vk¶uks cPpkys Lruiku xfjjgsdks Lrudks vdksZfrjdks ik[kqjkek vk¶uks cPpkdks [kqêkg:,82,0,67
SENT_0001882,BF_003,Getting Started Breastfeeding Your Baby,breastfeeding,22,1,en,jk[uqgksl~A 4.,14,0,9
SENT_0001883,BF_003,Getting Started Breastfeeding Your Baby,breastfeeding,24,1,en,Cradle Hold Many mothers find this hold hard at first.,54,0,44
SENT_0001884,BF_003,Getting Started Breastfeeding Your Baby,breastfeeding,24,2,en,It gets easier as your baby gets a little bigger and more skillful at nursing.,78,0,63
SENT_0001885,BF_003,Getting Started Breastfeeding Your Baby,breastfeeding,25,1,en,"Place your baby on her side with baby’s tummy facing you, using pillows so she is at breast level.",98,0,77
SENT_0001886,BF_003,Getting Started Breastfeeding Your Baby,breastfeeding,26,1,en,Rest your baby’s head on your forearm.,38,0,30
SENT_0001887,BF_003,Getting Started Breastfeeding Your Baby,breastfeeding,27,1,en,Support your baby’s back and hold her bottom with your hand.,60,0,48
SENT_0001888,BF_003,Getting Started Breastfeeding Your Baby,breastfeeding,28,1,en,Side-Lying Hold This hold is also hard at first unless you have help.,69,0,55
SENT_0001889,BF_003,Getting Started Breastfeeding Your Baby,breastfeeding,29,1,en,Make yourself comfortable by lying on the same side as the breast from which you will feed.,91,0,74
SENT_0001890,BF_003,Getting Started Breastfeeding Your Baby,breastfeeding,30,1,en,Use pillows for support.,24,0,20
SENT_0001891,BF_003,Getting Started Breastfeeding Your Baby,breastfeeding,31,1,en,Place your baby on his side facing your breast.,47,0,38
SENT_0001892,BF_003,Getting Started Breastfeeding Your Baby,breastfeeding,32,1,en,Cradle your baby with the base of his head in the bend of your arm.,67,0,52
SENT_0001893,BF_003,Getting Started Breastfeeding Your Baby,breastfeeding,33,1,en,"ØsMyek lekRuqgksl~ /ksjS vkekg:ys lq#ek lekmu xuZ dfBu Hk,dks eglql xuqZgqUNA rikbZadks cPpk vfyd Bwyks Hk,ifN j uflZ³ek Fki n{k Hk, vuqlkj v> lftyks gqUNA 1.",158,0,120
SENT_0001894,BF_003,Getting Started Breastfeeding Your Baby,breastfeeding,34,1,en,mudks lkbMek rikbZafrj isV QfdZusxjh jk[uqgksl~A 2.,51,0,41
SENT_0001895,BF_003,Getting Started Breastfeeding Your Baby,breastfeeding,34,2,en,vk¶uks cPpkdks VkmdksykbZ vk¶uks ik[kqjkek jk[uqgksl~A 3.,57,0,44
SENT_0001896,BF_003,Getting Started Breastfeeding Your Baby,breastfeeding,34,3,en,vk¶uks cPpkdks <kMykbZ lgk;rk lekmuqgksl~ j vk¶uks gkrys mgk¡dks rydks HkkxykbZ lekmuqgksl~A dksYVs QdsZj lekRuqgksl~ rikbZaykbZ eír ugq¡nklEe ;ks gksYM,152,0,122
SENT_0001897,BF_003,Getting Started Breastfeeding Your Baby,breastfeeding,35,1,en,ifu lq#ek dfBu gqUNA 1.,23,0,16
SENT_0001898,BF_003,Getting Started Breastfeeding Your Baby,breastfeeding,36,1,en,leku lkbMek dksYVs ijsj vkQwykbZ vkjkenk;h cukmuqgksl~A 2.,58,0,47
SENT_0001899,BF_003,Getting Started Breastfeeding Your Baby,breastfeeding,36,2,en,lgk;rkdks ykfx fljkuhg: ç;ksx xuqZgksl~A 3.,43,0,31
SENT_0001900,BF_003,Getting Started Breastfeeding Your Baby,breastfeeding,36,3,en,"vk¶uks cPpkykbZ vk¶uks Lrufrj QdkZ,j jk[uqgksl~A 4.",51,0,38
SENT_0001901,BF_003,Getting Started Breastfeeding Your Baby,breastfeeding,39,1,en,"Latching On When your baby is positioned and your breast is supported, you are ready for your baby to latch onto your nipple.",125,0,101
SENT_0001902,BF_003,Getting Started Breastfeeding Your Baby,breastfeeding,40,1,en,• Place your hand under your breast behind the dark area around the nipple called the areola.,93,0,75
SENT_0001903,BF_003,Getting Started Breastfeeding Your Baby,breastfeeding,40,2,en,Gently lift the breast.,23,0,19
SENT_0001904,BF_003,Getting Started Breastfeeding Your Baby,breastfeeding,41,1,en,Guide your nipple toward your baby’s mouth.,43,0,35
SENT_0001905,BF_003,Getting Started Breastfeeding Your Baby,breastfeeding,42,1,en,• Tickle your baby’s lips with your nipple.,43,0,33
SENT_0001906,BF_003,Getting Started Breastfeeding Your Baby,breastfeeding,42,2,en,Gently squeeze out some milk.,29,0,24
SENT_0001907,BF_003,Getting Started Breastfeeding Your Baby,breastfeeding,42,3,en,Your baby should open his or her mouth wide.,44,0,35
SENT_0001908,BF_003,Getting Started Breastfeeding Your Baby,breastfeeding,42,4,en,"Aim the nipple up and back, deep into your baby’s mouth.",56,0,43
SENT_0001909,BF_003,Getting Started Breastfeeding Your Baby,breastfeeding,43,1,en,"• When your baby opens her mouth wide like a yawn, pull your baby closer.",73,0,56
SENT_0001910,BF_003,Getting Started Breastfeeding Your Baby,breastfeeding,43,2,en,This allows you to help your baby get as much of the areola inside your baby’s mouth.,85,0,67
SENT_0001911,BF_003,Getting Started Breastfeeding Your Baby,breastfeeding,44,1,en,• Hold your baby’s body against your stomach with the tip of your baby’s nose and chin next to your breast.,107,0,83
SENT_0001912,BF_003,Getting Started Breastfeeding Your Baby,breastfeeding,45,1,en,Continue to hold your breast to support its weight and to prevent your nipple from falling out of your baby’s mouth.,116,0,94
SENT_0001913,BF_003,Getting Started Breastfeeding Your Baby,breastfeeding,46,1,en,• Burp your baby before switching to your other breast.,55,0,44
SENT_0001914,BF_003,Getting Started Breastfeeding Your Baby,breastfeeding,46,2,en,"For the next feeding, start on the side you ended with at the last feeding.",75,0,59
SENT_0001915,BF_003,Getting Started Breastfeeding Your Baby,breastfeeding,47,1,en,"Lruiku xjkmus rikbZadks cPpkykbZ jkf[k¡nk j rikbZadks LruykbZ lgkjk fnb,ifN] rikbZa vk¶uks cPpkykbZ vk¶uks Lrudks eqUVkek Lruiku xjkmu r;kj gquqgqUNA",149,0,123
SENT_0001916,BF_003,Getting Started Breastfeeding Your Baby,breastfeeding,48,1,en,"• vk¶uks gkrykbZ ,jksvksyk Hkfuus Lrudks eqUVkdks ofjifjdks dkyks {ks=dks iNkfM vk¶uks Lrudks eqfu jk[uqgksl~A foLrkjS LruykbZ mBkmuqgksl~A rikbZadks Lrudks eqUVkykbZ rikbZadks cPpkdks eq[krQZ yStkuqgksl~A",205,0,170
SENT_0001917,BF_003,Getting Started Breastfeeding Your Baby,breastfeeding,49,1,en,• vk¶uks Lrudks eqUVkys vk¶uks cPpkdks vksBg:ykbZ dkmdqrh yxkmuqgksl~A foLrkjS dsgh nq/k ckfgj fupuqZgksl~A rikbZadks cPpkys,124,0,102
SENT_0001918,BF_003,Getting Started Breastfeeding Your Baby,breastfeeding,52,1,en,• rikbZadks cPpkys gkbZ xjs tLrks eq[k [kksYnk,46,0,36
SENT_0001919,BF_003,Getting Started Breastfeeding Your Baby,breastfeeding,54,1,en,"rikbZadks cPpkdks eq[k fHk= ,sjhvksyk ?",39,0,30
SENT_0001920,BF_003,Getting Started Breastfeeding Your Baby,breastfeeding,56,1,en,• vk¶uks Lrudks ry vk¶uks cPpkdks ukd j fpm¡Mksdks fVil¡x vk¶uks isVek vk¶uks cPpkdks 'kjhj gksYM xuqZgksl~A ;ldks rkSyykbZ lgk;rk xuZ vk¶uks LruykbZ gksYM xuZ j,161,0,124
SENT_0001921,BF_003,Getting Started Breastfeeding Your Baby,breastfeeding,59,1,en,• vk¶uks vdksZ Lruek lkuZHkUnkvf?,33,0,26
SENT_0001922,BF_003,Getting Started Breastfeeding Your Baby,breastfeeding,59,2,en,"k vk¶uks cPpkykbZ MdkuZ fnuqgksl~A vdksZ Lruikudks ykfx] rikbZays ifNYyks Lruiku xjkmu lekIr xuqZHk,dks lkbMckV lq# xuqZgksl~A",126,0,104
SENT_0001923,BF_003,Getting Started Breastfeeding Your Baby,breastfeeding,60,1,en,How often should I breastfeed?,30,0,25
SENT_0001924,BF_003,Getting Started Breastfeeding Your Baby,breastfeeding,61,1,en,Breastfeed every 2 to 3 hours during the day so that your baby may not wake as often during the night for feedings.,115,0,90
SENT_0001925,BF_003,Getting Started Breastfeeding Your Baby,breastfeeding,61,2,en,Fewer day feedings mean that your baby will need more feedings at night.,72,0,59
SENT_0001926,BF_003,Getting Started Breastfeeding Your Baby,breastfeeding,61,3,en,"During the first 3 months, babies need to feed 8 to 10 times in a 24- hour period.",82,0,56
SENT_0001927,BF_003,Getting Started Breastfeeding Your Baby,breastfeeding,61,4,en,Breastfeeding often helps you make more milk and prevents your breasts from becoming overfull or engorged.,106,0,90
SENT_0001928,BF_003,Getting Started Breastfeeding Your Baby,breastfeeding,62,1,en,How soon should I breastfeed after my baby is born?,51,0,41
SENT_0001929,BF_003,Getting Started Breastfeeding Your Baby,breastfeeding,63,1,en,Breastfeed right after delivery if possible.,44,0,38
SENT_0001930,BF_003,Getting Started Breastfeeding Your Baby,breastfeeding,64,1,en,Continue to breastfeed your baby every 2 to 3 hours even if your milk has not come in or you do not have a lot of milk yet.,123,0,93
SENT_0001931,BF_003,Getting Started Breastfeeding Your Baby,breastfeeding,64,2,en,"In the early days of life, breastfeeding is very important.",59,0,48
SENT_0001932,BF_003,Getting Started Breastfeeding Your Baby,breastfeeding,65,1,en,Practice times together help you and your baby get to know one another.,71,0,58
SENT_0001933,BF_003,Getting Started Breastfeeding Your Baby,breastfeeding,65,2,en,Be patient with yourself and your baby.,39,0,32
SENT_0001934,BF_003,Getting Started Breastfeeding Your Baby,breastfeeding,66,1,en,How long should I breastfeed my baby?,37,0,30
SENT_0001935,BF_003,Getting Started Breastfeeding Your Baby,breastfeeding,67,1,en,Most babies will breastfeed for about 15 to 20 minutes the first 24 to 48 hours.,80,0,56
SENT_0001936,BF_003,Getting Started Breastfeeding Your Baby,breastfeeding,67,2,en,"After this time, the baby may want to breastfeed for 20 minutes on one breast and continue for up to 20 minutes on the second breast.",133,0,102
SENT_0001937,BF_003,Getting Started Breastfeeding Your Baby,breastfeeding,67,3,en,"Let your baby, rather than the clock, decide when he is finished.",65,0,51
SENT_0001938,BF_003,Getting Started Breastfeeding Your Baby,breastfeeding,68,1,en,eSys dfriVd Lruiku xjkmuqiNZ\ fnudks vof/kek çR;sd 2 nsf[k 3 ?,62,0,44
SENT_0001939,BF_003,Getting Started Breastfeeding Your Baby,breastfeeding,68,2,en,Vkek Lruiku xjkmuqgksl~ tldkj.,30,0,25
SENT_0001940,BF_003,Getting Started Breastfeeding Your Baby,breastfeeding,68,3,en,k rikbZadks cPpk Lruikudks ykfx çk;% jkrdks vof/kek mB~nSuA fnudks le;ek FkksjS Lruiku xjkmuqdks vFkZ rikbZadks cPpkykbZ jkrek Fki Lruiku xjkmu vko’;d iusZNA ifgyks 3 efgukdks vof/kek] cPpkg:ykbZ 24 ?,200,0,156
SENT_0001941,BF_003,Getting Started Breastfeeding Your Baby,breastfeeding,68,4,en,Vkdks le;ek 8 nsf[k 10 iVd Lruiku xjkmu vko’;d iNZA Lruikuys çk;% rikbZaykbZ Fki nq/k vkmus cukmu j rikbZadk Lrug:ykbZ ifjiw.,125,0,92
SENT_0001942,BF_003,Getting Started Breastfeeding Your Baby,breastfeeding,68,5,en,"kZ gqus ¼VfUdus½ ok bUxkstZ ¼/ksjS VfUd,j jxr vkmus tLrks½ gquckV jksDuek eír xNZA eSys esjks cPpk tfUe,ifN dfÙkdks fNVks Lruiku xjkmu iNZ\ lEHko gqUN Hkus MsfyHkjhifN rq:UrS Lruiku xjkmuqgksl~A rikbZadks nq/k v>SlEe vk,dks NSu ok rikbZal¡x v>S i;kZIr nq/k NSu Hkus ifu rikbZadks cPpkykbZ çR;sd 2 nsf[k 3 ?",306,0,232
SENT_0001943,BF_003,Getting Started Breastfeeding Your Baby,breastfeeding,68,6,en,"Vkek Lruiku xjkmu tkjh jk[uqgksl~A thoudks çkjfEHkd fnug:ek] Lruiku ,dneS egÙoiw.",81,0,63
SENT_0001944,BF_003,Getting Started Breastfeeding Your Baby,breastfeeding,68,7,en,"kZ gqUNA vH;kl le;ys ,dlkFk rikbZa j rikbZadks cPpkykbZ ,d vdkZykbZ fpUuek eír xNZA vkQw j vk¶uks cPpkl¡x /kS;Z j[uqgksl~A eSys esjks cPpkykbZ dfÙkdks ykeks le;lEe Lruiku xjkmu iNZ\ /ksjStlks cPpkg:ys ifgyks 24 nsf[k 48 ?",221,0,164
SENT_0001945,BF_003,Getting Started Breastfeeding Your Baby,breastfeeding,68,8,en,"VklEe yxHkx 15 nsf[k 20 feusVlEe Lruiku xusZNu~A ;ks le;ifN] cPpkys ,mVk Lruek 20 feusVlEe Lruiku xuZ pkgUNu~ j nkslzks Lruek 20 feusVlEe tkjh jk[Nu~A rikbZadks cPpkykbZ Lruikuys iqxsdks dqjk ?",193,0,145
SENT_0001946,BF_003,Getting Started Breastfeeding Your Baby,breastfeeding,68,9,en,kMhys HkUnk ifu vkQwykbZ fu.,28,0,23
SENT_0001947,BF_003,Getting Started Breastfeeding Your Baby,breastfeeding,69,1,en,Helpful tips:,13,0,11
SENT_0001948,BF_003,Getting Started Breastfeeding Your Baby,breastfeeding,70,1,en,• Breastfeed your baby on the first breast until he is done.,60,0,47
SENT_0001949,BF_003,Getting Started Breastfeeding Your Baby,breastfeeding,71,1,en,"The baby may slow down and comfort suck, release the nipple or start to fall asleep with the nipple resting in his mouth.",121,0,97
SENT_0001950,BF_003,Getting Started Breastfeeding Your Baby,breastfeeding,72,1,en,• Burp your baby and offer your other breast.,45,0,35
SENT_0001951,BF_003,Getting Started Breastfeeding Your Baby,breastfeeding,73,1,en,"• Some babies breastfeed on both breasts at each feeding, while others may breastfeed on only one.",98,0,79
SENT_0001952,BF_003,Getting Started Breastfeeding Your Baby,breastfeeding,73,2,en,"If your baby takes the second breast, let your baby breastfeed on the second breast until he is finished.",105,0,85
SENT_0001953,BF_003,Getting Started Breastfeeding Your Baby,breastfeeding,74,1,en,"• When finished, your baby will act full, relaxed and content.",62,0,48
SENT_0001954,BF_003,Getting Started Breastfeeding Your Baby,breastfeeding,75,1,en,How do I take my baby off my breast?,36,0,27
SENT_0001955,BF_003,Getting Started Breastfeeding Your Baby,breastfeeding,76,1,en,Taking your baby off your breast or breaking the suction of your baby’s tongue may be done in two ways:,103,0,82
SENT_0001956,BF_003,Getting Started Breastfeeding Your Baby,breastfeeding,77,1,en,"• Insert your finger in the corner of your baby’s mouth, between your baby’s gums.",82,0,63
SENT_0001957,BF_003,Getting Started Breastfeeding Your Baby,breastfeeding,78,1,en,• Curl your baby’s lower lip over his lower gum until you feel your baby’s tongue release your nipple.,102,0,80
SENT_0001958,BF_003,Getting Started Breastfeeding Your Baby,breastfeeding,78,2,en,Then remove your baby’s head away from your breast gently.,58,0,47
SENT_0001959,BF_003,Getting Started Breastfeeding Your Baby,breastfeeding,80,1,en,• rikbZadks cPpkykbZ uiqXnklEe ifgyks Lruek Lruiku xjkmuqgksl~A cPpkys foLrkjS j lgt rfjdkys pqLu lDN] Lrudks eqUVk NksM~u lDN ok vk¶uks nq/kek Lrudks eqUVk jk[ksj funkmu lq# xuZ lDNA,183,0,147
SENT_0001960,BF_003,Getting Started Breastfeeding Your Baby,breastfeeding,81,1,en,• rikbZadks cPpkykbZ Mdkj fyu fnuqgksl~ j vk¶uks vdksZ Lruek Lruiku xuZ fnuqgksl~A,82,0,66
SENT_0001961,BF_003,Getting Started Breastfeeding Your Baby,breastfeeding,82,1,en,"• dsgh cPpkg:ys çR;sd Lruikuek nqcS Lrug:ckV Lruiku xuZ lDNu~ Hkus vU;g:ys ,mVk ckV ek= Lruiku xuZlDNu~A rikbZadks cPpkys nkslzks Lruek Lruiku xNZ Hkus] rikbZadks cPpkykbZ ugq¡nklEe nkslzks LruckV Lruiku xuZ fnuqgksl~A",218,0,173
SENT_0001962,BF_003,Getting Started Breastfeeding Your Baby,breastfeeding,83,1,en,• vkQwykbZ iqxsifN] rikbZadks cPpkys v?,39,0,31
SENT_0001963,BF_003,Getting Started Breastfeeding Your Baby,breastfeeding,83,2,en,"kk,dks] vkjke fy,dks j lUrqf""V Hk,dks tLrks xusZNA eSys esjks cPpkykbZ LruckV dljh fudkYus\ rikbZadks cPpkykbZ LrucVk fudkYus ok rikbZadks cPpkdks ftczksykbZ pqLuckV NqVkmus nqbZ rfjdkg:",186,0,154
SENT_0001964,BF_003,Getting Started Breastfeeding Your Baby,breastfeeding,85,1,en,• rikbZadks cPpkdks fxtkg:dks chpek] rikbZadks cPpkdks eq[kdks dqukek vkSayk ?,78,0,63
SENT_0001965,BF_003,Getting Started Breastfeeding Your Baby,breastfeeding,86,1,en,• rikbZays vk¶uks cPpkdks ftczksys vk¶uks Lrudks eqUVkykbZ NksMsdks eglql uxnkZlEe cPpkdks rYyks vksBykb mldks rYyks fx¡tkek eksM~uqgksl~A R;lifN foLrkjS vk¶uks cPpkdks VkmdksykbZ vk¶uks LruckV gVkmuqgksl~A,206,0,171
SENT_0001966,BF_003,Getting Started Breastfeeding Your Baby,breastfeeding,87,1,en,"© 2008 - November 1, 2018, Health Information Translations.",59,0,37
SENT_0001967,BF_003,Getting Started Breastfeeding Your Baby,breastfeeding,88,1,en,a result of your stopping medical treatment or your failure to obtain treatment.,80,0,67
SENT_0001968,BF_003,Getting Started Breastfeeding Your Baby,breastfeeding,89,1,en,How do I know if my baby is getting enough to eat?,50,0,38
SENT_0001969,BF_003,Getting Started Breastfeeding Your Baby,breastfeeding,90,1,en,Your body makes as much milk as your baby needs.,48,0,38
SENT_0001970,BF_003,Getting Started Breastfeeding Your Baby,breastfeeding,90,2,en,"If you breastfeed every 2 to 3 hours for 20 minutes on each breast, your body will produce more than enough milk for your baby.",127,0,97
SENT_0001971,BF_003,Getting Started Breastfeeding Your Baby,breastfeeding,90,3,en,"If your baby is getting enough milk, your breasts will be full with milk, soft after feedings and refill between feedings.",122,0,99
SENT_0001972,BF_003,Getting Started Breastfeeding Your Baby,breastfeeding,90,4,en,Your baby will:,15,0,12
SENT_0001973,BF_003,Getting Started Breastfeeding Your Baby,breastfeeding,91,1,en,• Have 6 or more wet diapers in a 24 hour period,48,0,33
SENT_0001974,BF_003,Getting Started Breastfeeding Your Baby,breastfeeding,92,1,en,• Sleep between feedings,24,0,20
SENT_0001975,BF_003,Getting Started Breastfeeding Your Baby,breastfeeding,93,1,en,• Have more than 2 bowel movements each day,43,0,33
SENT_0001976,BF_003,Getting Started Breastfeeding Your Baby,breastfeeding,94,1,en,"• Gain weight Call your baby’s doctor, clinic or a Lactation Specialist for help if you think your baby is not getting enough to eat.",133,0,105
SENT_0001977,BF_003,Getting Started Breastfeeding Your Baby,breastfeeding,95,1,en,esjks cPpkys i;kZIr ek=kek [kku ikbjgsdks N fd NSu HkUus dqjk eSys dljh Fkkgk ikmu lDNq\ rikbZadks 'kjhjys rikbZadks cPpkykb vko’;d iusZ nq/k cukm¡NA rikbZays gjsd LruckV çR;sd 2 nsf[k 3 ?,188,0,142
SENT_0001978,BF_003,Getting Started Breastfeeding Your Baby,breastfeeding,95,2,en,Vkek 20 feusVlEe Lruiku xjkmuq gqUN Hkus] rikbZadks 'kjhjys rikbZadks cPpkdks ykfx i;kZIr HkUnk /ksjS nq/k mRiknu xusZNA rikbZadks cPpkys i;kZIr nq/k çkIr xfjjgsdks N Hkus] rikbZadk Lrug: Lruiku xjkbldsifN nq/k] ujel¡x HkfjusN j Lruikudks chpek iqu% HkfjusNA rikbZadks cPpkys fuEu dqjkg: xusZN%,294,0,234
SENT_0001979,BF_003,Getting Started Breastfeeding Your Baby,breastfeeding,96,1,unknown,• 24 ?,6,0,0
SENT_0001980,BF_003,Getting Started Breastfeeding Your Baby,breastfeeding,98,1,en,• Lruikudks chpek lqRusN,24,0,20
SENT_0001981,BF_003,Getting Started Breastfeeding Your Baby,breastfeeding,99,1,en,• çR;sd fnu 2 iVd HkUnk /ksjS fnlk xusZN,40,0,27
SENT_0001982,BF_003,Getting Started Breastfeeding Your Baby,breastfeeding,100,1,en,"• rkSy c<~usN rikbZadks cPpkys i;kZIr [kkuk ikbjgsdks NSu HkUus rikbZaykbZ ykXN Hkus eírdks ykfx vk¶uks cPpkdks fpfdRld] fDyfud ok Lruiku fo’ks""kKykbZ Qksu xuqZgksl~A",166,0,132
SENT_0001983,BF_004,Pumping and Storing Breast Milk,breastfeeding,1,1,en,Lrudks nw/kykbZ iEi xjh Hk.,27,0,21
SENT_0001984,BF_004,Pumping and Storing Breast Milk,breastfeeding,1,2,en,"Mkj xusZ You may need to express or pump breast milk to relieve engorgement, to increase your milk supply or to feed your baby breastmilk with a bottle.",152,0,123
SENT_0001985,BF_004,Pumping and Storing Breast Milk,breastfeeding,3,1,en,• To soften your breasts if your baby is having trouble latching on.,68,0,54
SENT_0001986,BF_004,Pumping and Storing Breast Milk,breastfeeding,4,1,en,Pump for a few minutes and try your baby at your breast again.,62,0,49
SENT_0001987,BF_004,Pumping and Storing Breast Milk,breastfeeding,5,1,en,• To have a milk supply when your baby is unable to breastfeed or to store breast milk.,87,0,68
SENT_0001988,BF_004,Pumping and Storing Breast Milk,breastfeeding,6,1,en,Pump every 2 to 4 hours through the day and one time at night.,62,0,46
SENT_0001989,BF_004,Pumping and Storing Breast Milk,breastfeeding,7,1,en,• To increase your milk supply.,31,0,24
SENT_0001990,BF_004,Pumping and Storing Breast Milk,breastfeeding,8,1,en,"Pump every 2 to 3 hours if you are not breastfeeding, or Pump between feedings as often as you can.",99,0,76
SENT_0001991,BF_004,Pumping and Storing Breast Milk,breastfeeding,9,1,en,Pump on the second breast if your baby only nurses on one side.,63,0,50
SENT_0001992,BF_004,Pumping and Storing Breast Milk,breastfeeding,10,1,en,• To prepare to return to work or school.,41,0,31
SENT_0001993,BF_004,Pumping and Storing Breast Milk,breastfeeding,11,1,en,"Pump one time each day, between feedings to store extra milk.",61,0,49
SENT_0001994,BF_004,Pumping and Storing Breast Milk,breastfeeding,11,2,en,Morning is a good time to pump.,31,0,24
SENT_0001995,BF_004,Pumping and Storing Breast Milk,breastfeeding,12,1,en,Pump extra milk and store it at least 2 weeks before your return date.,70,0,55
SENT_0001996,BF_004,Pumping and Storing Breast Milk,breastfeeding,13,1,en,Pump at least every 4 hours when away.,38,0,29
SENT_0001997,BF_004,Pumping and Storing Breast Milk,breastfeeding,14,1,en,rikbZays bUxkstZesUVckV vkjke çkIr xuZ] rikbZadks nw/kdks vkiwfrZykbZ c<kmu ok vk¶uks cPpkykbZ Lrudks nw/k cksryckV [kqokmudks ykfx Lrudks nw/kykbZ fupksM~u ok iEi xuZ vko’;d iuZ lDNA fdu j dfgys iEi xusZ,204,0,163
SENT_0001998,BF_004,Pumping and Storing Breast Milk,breastfeeding,15,1,en,• rikbZadks cPpkykbZ Lruiku xuZek leL;k Hkbjgsdks N Hkus rikbZadk Lrug:ykbZ uje cukmuA dsgh feuVlEe iEi xuqZgksl~ j rikbZadks cPpkykbZ Qsfj vk¶uks LruckV Lruiku xjkmus ç;kl xuqZgksl~A,183,0,149
SENT_0001999,BF_004,Pumping and Storing Breast Milk,breastfeeding,16,1,en,• rikbZadks cPpk Lruiku xuZ vl{ke gq¡nk ok Lrudks nw/k Hk.,58,0,43
SENT_0002000,BF_004,Pumping and Storing Breast Milk,breastfeeding,16,2,en,Mkj xuZdk ykfx nw/kdks vkiwfrZ xuZA fnuHkjek çR;sd 2 nsf[k 4 ?,62,0,44
SENT_0002001,BF_004,Pumping and Storing Breast Milk,breastfeeding,17,1,en,"• rikbZadks nw/kdks vkiwfrZykbZ c<kmuA rikbZays Lruiku xjkbjguqHk,dks NSu Hkus çR;sd 2 nsf[k 3 ?",96,0,72
SENT_0002002,BF_004,Pumping and Storing Breast Milk,breastfeeding,17,2,en,"Vkek iEi xuqZgksl~ ok rikbZays ldslEe çk;tlks Lruikug:dks chpek iEi xuqZgksl~A rikbZadks cPpkys ,drQZckV ek= Lruiku xuqZgqUN Hkus nkslzks Lruek iEi xuqZgksl~A",158,0,129
SENT_0002003,BF_004,Pumping and Storing Breast Milk,breastfeeding,18,1,en,• dke ok fo|ky;ek QdZudks ykfx r;kjh xuZA vfrfjä nw/k Hk.,57,0,40
SENT_0002004,BF_004,Pumping and Storing Breast Milk,breastfeeding,18,2,en,"Mkj xuZdks ykfx Lruikug:dks chpek çR;sd fnu ,d iVd iEi xuqZgksl~A iEi xuZdks ykfx fcgku jkezks le; gksA vfrfjä nw/k iEi xuqZgksl~ j rikbZadks QdZus fefr HkUnk dErhek ifu 2 gIrk vf?",180,0,138
SENT_0002005,BF_004,Pumping and Storing Breast Milk,breastfeeding,18,3,en,klEe Hk.,8,0,6
SENT_0002006,BF_004,Pumping and Storing Breast Milk,breastfeeding,18,4,en,Mkj xuqZgksl~A Vk<k gq¡nk dErhek çR;sd 4 ?,42,0,28
SENT_0002007,BF_004,Pumping and Storing Breast Milk,breastfeeding,20,1,en,• By hand Massage breast toward nipple to express milk.,55,0,44
SENT_0002008,BF_004,Pumping and Storing Breast Milk,breastfeeding,21,1,en,• With a pump There are manual and electric breast pumps.,57,0,45
SENT_0002009,BF_004,Pumping and Storing Breast Milk,breastfeeding,22,1,en,Pump for about 10 minutes on each breast any time you pump.,59,0,45
SENT_0002010,BF_004,Pumping and Storing Breast Milk,breastfeeding,24,1,en,• Wash your hands with soap and water.,38,0,29
SENT_0002011,BF_004,Pumping and Storing Breast Milk,breastfeeding,25,1,en,• Have a clean container ready for collecting the milk.,55,0,44
SENT_0002012,BF_004,Pumping and Storing Breast Milk,breastfeeding,26,1,en,• Find a relaxing position in a quiet spot and think about your baby.,69,0,54
SENT_0002013,BF_004,Pumping and Storing Breast Milk,breastfeeding,27,1,en,• Massage your breast and take slow easy breaths.,49,0,39
SENT_0002014,BF_004,Pumping and Storing Breast Milk,breastfeeding,28,1,en,"• For privacy while pumping, cover your breasts and pump container with a blanket or towel.",91,0,73
SENT_0002015,BF_004,Pumping and Storing Breast Milk,breastfeeding,30,1,en,"• Use sterile glass bottles, plastic bottles or milk storage bags made for breast milk.",87,0,70
SENT_0002016,BF_004,Pumping and Storing Breast Milk,breastfeeding,30,2,en,Do not use disposable bottle liners because they are too thin.,62,0,51
SENT_0002017,BF_004,Pumping and Storing Breast Milk,breastfeeding,31,1,en,• Store breast milk in 2 to 5 ounce portions to avoid wasting breast milk.,74,0,56
SENT_0002018,BF_004,Pumping and Storing Breast Milk,breastfeeding,32,1,en,• Breast milk from different pumpings can be added together if the milk is pumped during the same 24-hour day.,110,0,86
SENT_0002019,BF_004,Pumping and Storing Breast Milk,breastfeeding,34,1,en,• rfjdkg:,9,0,6
SENT_0002020,BF_004,Pumping and Storing Breast Milk,breastfeeding,36,1,en,• iEickV E;kuqvy j fo|qrh; Lru iEig:,36,0,25
SENT_0002021,BF_004,Pumping and Storing Breast Milk,breastfeeding,37,1,en,Nu~A rikbZays tqu dquS le;ek iEi xnkZ ifu çR;sd LruykbZ yxHkx 10 feusVlEe iEi xuqZgksl~ lq# xnSZ,96,0,72
SENT_0002022,BF_004,Pumping and Storing Breast Milk,breastfeeding,38,1,en,• lkcqu ikuhys vk¶uks gkr èkquqgksl~A,37,0,28
SENT_0002023,BF_004,Pumping and Storing Breast Milk,breastfeeding,39,1,en,• nwèk l³~dyu xuZdks ykfx lQk Hkk¡MksykÃ r;kj jk[uqgksl~A,57,0,40
SENT_0002024,BF_004,Pumping and Storing Breast Milk,breastfeeding,40,1,en,• 'kkUr {ks=ek vkjkenk;d LFkku Qsyk ikuqZgksl~ j vk¶uks cPpkdks ckjsek lksPuqgksl~A,83,0,64
SENT_0002025,BF_004,Pumping and Storing Breast Milk,breastfeeding,41,1,en,• vk¶uks Lrudks ekfyl xuqZgksl~ j gYdk lgt rfjdkys lkl QsuqZgksl~A,66,0,52
SENT_0002026,BF_004,Pumping and Storing Breast Milk,breastfeeding,42,1,en,• ifEi³ xnkZ xksiuh;rkdks ykfx] vk¶uk Lrug: j iEi xusZ Hkk¡MksykÃ CY;k³~dsV ok Vkosyys NksIuqgksl~A Lrudks nwèk l³~dyu j Hk.,124,0,89
SENT_0002027,BF_004,Pumping and Storing Breast Milk,breastfeeding,43,1,en,"• Lrudks nwèkdk ykfx cukb,dk LVsjkby fllkdk cksry] IykfLVd cksry ok nwèk Hk.",76,0,58
SENT_0002028,BF_004,Pumping and Storing Breast Milk,breastfeeding,43,2,en,Mkj.,4,0,3
SENT_0002029,BF_004,Pumping and Storing Breast Milk,breastfeeding,43,3,en,"kdk >ksykg:dks ç;ksx xuqZgksl~A u""V xuZ lfdus cksry ykbujg: ,dneS ikryks gqus Hk,dksys fruhg:dks ç;ksx uxuqZgksl~A",114,0,86
SENT_0002030,BF_004,Pumping and Storing Breast Milk,breastfeeding,44,1,en,• Lrudks nwèkykÃ [ksj tku ufnu Lrudks nwèkykÃ 2 nsf[k 5 vkmUl Hkkxg:ek Hk.,74,0,50
SENT_0002031,BF_004,Pumping and Storing Breast Milk,breastfeeding,45,1,en,• nwèkykÃ leku 24 ?,19,0,9
SENT_0002032,BF_004,Pumping and Storing Breast Milk,breastfeeding,45,2,en,"Vk fnudks vofèkek iEi xfjUN Hkus fofHkUu ifEi³g:dks Lrudks nwèkykÃ ,dlkFk jk[u lfdUNA",85,0,66
SENT_0002033,BF_004,Pumping and Storing Breast Milk,breastfeeding,46,1,en,• Breast milk should be chilled as soon as possible after it is pumped.,71,0,56
SENT_0002034,BF_004,Pumping and Storing Breast Milk,breastfeeding,47,1,en,• It is normal for pumped milk to vary in color and thickness.,62,0,48
SENT_0002035,BF_004,Pumping and Storing Breast Milk,breastfeeding,48,1,en,• Stored milk separates into layers.,36,0,29
SENT_0002036,BF_004,Pumping and Storing Breast Milk,breastfeeding,48,2,en,Cream will rise to the top as the milk warms.,45,0,35
SENT_0002037,BF_004,Pumping and Storing Breast Milk,breastfeeding,48,3,en,Mix the milk layers before feeding.,35,0,29
SENT_0002038,BF_004,Pumping and Storing Breast Milk,breastfeeding,49,1,en,"• If you are not going to use the breast milk within 48 hours after pumping, freeze the milk.",93,0,70
SENT_0002039,BF_004,Pumping and Storing Breast Milk,breastfeeding,50,1,en,• Always use freshly pumped milk first.,39,0,31
SENT_0002040,BF_004,Pumping and Storing Breast Milk,breastfeeding,51,1,en,Then use refrigerated or frozen milk by the oldest date first.,62,0,51
SENT_0002041,BF_004,Pumping and Storing Breast Milk,breastfeeding,52,1,en,"• If breast milk has a sour or strange smell, throw it away.",60,0,45
SENT_0002042,BF_004,Pumping and Storing Breast Milk,breastfeeding,52,2,en,"If there is any doubt, do not use the milk.",43,0,32
SENT_0002043,BF_004,Pumping and Storing Breast Milk,breastfeeding,54,1,en,"• If you washed your hands well before pumping, fresh milk may remain at room temperature (no warmer than 77°F or 25°C) for use in 4 to 8 hours.",144,0,103
SENT_0002044,BF_004,Pumping and Storing Breast Milk,breastfeeding,54,2,en,"If you are not going to use it, store it in the refrigerator as soon as possible.",81,0,63
SENT_0002045,BF_004,Pumping and Storing Breast Milk,breastfeeding,55,1,en,"• Refrigerate milk right away if the room, car or outside air temperature is above 77°F or 25°C.",96,0,70
SENT_0002046,BF_004,Pumping and Storing Breast Milk,breastfeeding,55,2,en,"When you are away from home, use a lunch box size cooler with an ice pack to keep milk cool.",92,0,71
SENT_0002047,BF_004,Pumping and Storing Breast Milk,breastfeeding,56,1,en,• Lrudks nwèkykÃ iEi xfjldsifN tfr lDnks fNVks fplks xjkmuqiNZA,63,0,51
SENT_0002048,BF_004,Pumping and Storing Breast Milk,breastfeeding,57,1,en,"• iEi xfj,dks nwèk j³ j ckDyksiukek fHkUu gquq lkekU; gksA",58,0,43
SENT_0002049,BF_004,Pumping and Storing Breast Milk,breastfeeding,58,1,en,"Mkj xfj,dks nwèk ys;jg:ek NqfêUNA nwèk rrkm¡nk fØe ekfFk vkm¡NA Lruiku xjkmuqvf?",80,0,59
SENT_0002050,BF_004,Pumping and Storing Breast Milk,breastfeeding,59,1,en,• rikb±ys Lrudks nwèkykÃ ifEi³ xjsdks 48 ?,42,0,27
SENT_0002051,BF_004,Pumping and Storing Breast Milk,breastfeeding,60,1,en,"• lèkSa ifgys rktk iEi xfj,dks nwèkdks ç;ksx xuqZgksl~A R;lifN iqjkuks fefrdks nwèkykÃ lq#ckV ç;ksx xusZ xjh fÝtek jkf[k,dks ok tekb,dks nwèkdks ç;ksx xuqZgksl~A",161,0,117
SENT_0002052,BF_004,Pumping and Storing Breast Milk,breastfeeding,61,1,en,• Lrudks nwèkdks vfeyks ok vk'p;Ztud xUèk N Hkus] R;lykÃ QkYuqgksl~A dquS ifu 'kadk ykXN Hkus] nwèkdks ç;ksx uxuqZgksl~A rktk Lrudks nwèkykÃ ák.,144,0,103
SENT_0002053,BF_004,Pumping and Storing Breast Milk,breastfeeding,62,1,en,• rikb±ys ifEi³ xuqZHkUnk vf?,29,0,21
SENT_0002054,BF_004,Pumping and Storing Breast Milk,breastfeeding,62,2,en,k vk¶uk gkrg: jkezksl¡x èkquqHk;ks Hkus] rktk nwèk 4 nsf[k 8 ?,62,0,40
SENT_0002055,BF_004,Pumping and Storing Breast Milk,breastfeeding,62,3,en,"Vkek ç;ksxdks ykfx dksBkdks rkiØe ¼77°F ok 25°C HkUnk rkrks uHk,dks½ ek jk[u lfdUNA rikb±ys R;ldks ç;ksx xuqZgq¡nSu Hkus] tfrlDnks fNVks R;lykÃ fÝtek jk[uqgksl~A",161,0,114
SENT_0002056,BF_004,Pumping and Storing Breast Milk,breastfeeding,63,1,en,• dksBk] dkj ok ckfgjdks gkokdks rkiØe 77°F ok 25°C HkUnk ekfFk N Hkus nw/kykbZ rq#UrS fÝtek jk[uqgksl~A rikbZa ?,113,0,79
SENT_0002057,BF_004,Pumping and Storing Breast Milk,breastfeeding,63,2,en,kjckV Vk<k gq¡nk] nw/kykbZ fplks cjQdks I;kd jk[ksj yUp ckdl vkdkjdks dqyjdks ç;ksx xuqZgksl~A,94,0,72
SENT_0002058,BF_004,Pumping and Storing Breast Milk,breastfeeding,64,1,en,"Breast Milk Storage These guidelines are for a full-term, healthy baby.",71,0,58
SENT_0002059,BF_004,Pumping and Storing Breast Milk,breastfeeding,64,2,en,You may be given different guidelines to follow.,48,0,40
SENT_0002060,BF_004,Pumping and Storing Breast Milk,breastfeeding,65,1,en,• Fresh Store at room temperature (no warmer than 77°F or 25°C) for 4 to 8 hours.,81,0,53
SENT_0002061,BF_004,Pumping and Storing Breast Milk,breastfeeding,65,2,en,"If the temperature is higher, cool the milk right away.",55,0,44
SENT_0002062,BF_004,Pumping and Storing Breast Milk,breastfeeding,66,1,en,The milk can be stored in the refrigerator (32 to 39°F or 0 to 3.,65,0,42
SENT_0002063,BF_004,Pumping and Storing Breast Milk,breastfeeding,66,2,en,9°C) for 5 to 7 days.,21,0,10
SENT_0002064,BF_004,Pumping and Storing Breast Milk,breastfeeding,67,1,en,• Frozen Frozen milk can be stored for 3 months in the refrigerator freezer and 6 months in a deep freezer (0°F or –17.,119,0,86
SENT_0002065,BF_004,Pumping and Storing Breast Milk,breastfeeding,67,2,unknown,8°C).,5,0,1
SENT_0002066,BF_004,Pumping and Storing Breast Milk,breastfeeding,68,1,en,"Once thawed, frozen milk can be stored in the refrigerator for 24 hours.",72,0,56
SENT_0002067,BF_004,Pumping and Storing Breast Milk,breastfeeding,70,1,en,• Thaw frozen milk in a cup of warm water.,42,0,31
SENT_0002068,BF_004,Pumping and Storing Breast Milk,breastfeeding,71,1,en,This takes 5 to 10 minutes.,27,0,18
SENT_0002069,BF_004,Pumping and Storing Breast Milk,breastfeeding,72,1,en,• You can also thaw frozen milk 8 to 12 hours or overnight in the refrigerator.,79,0,59
SENT_0002070,BF_004,Pumping and Storing Breast Milk,breastfeeding,73,1,en,• Thawed milk can remain refrigerated but should be used within 24 hours.,73,0,57
SENT_0002071,BF_004,Pumping and Storing Breast Milk,breastfeeding,74,1,en,• Do not thaw breast milk by sitting it on the counter at room temperature.,75,0,59
SENT_0002072,BF_004,Pumping and Storing Breast Milk,breastfeeding,75,1,en,• Do not warm breast milk in a microwave oven.,46,0,35
SENT_0002073,BF_004,Pumping and Storing Breast Milk,breastfeeding,75,2,en,It can change the breast milk and reduce the quality of the milk.,65,0,52
SENT_0002074,BF_004,Pumping and Storing Breast Milk,breastfeeding,75,3,en,Microwave ovens heat the milk unevenly to cause a chance of burning your baby’s mouth.,86,0,70
SENT_0002075,BF_004,Pumping and Storing Breast Milk,breastfeeding,76,1,en,• Do not refreeze thawed milk.,30,0,23
SENT_0002076,BF_004,Pumping and Storing Breast Milk,breastfeeding,77,1,en,;gka Lrudks nwèkdks Hk.,23,0,17
SENT_0002077,BF_004,Pumping and Storing Breast Milk,breastfeeding,77,2,en,Mkj.,4,0,3
SENT_0002078,BF_004,Pumping and Storing Breast Milk,breastfeeding,77,3,en,k ;h ekxZn'kZug: iw.,20,0,13
SENT_0002079,BF_004,Pumping and Storing Breast Milk,breastfeeding,77,4,en,kZdkyhu] LoLFkdj cPpkdks ykfx gksA rikb±ykÃ ikyuk xuZdks ykfx fHkUu ekxZfunsZ'kug: fnbu lDNA,92,0,75
SENT_0002080,BF_004,Pumping and Storing Breast Milk,breastfeeding,78,1,en,• rktk 4 nsf[k 8 ?,18,0,8
SENT_0002081,BF_004,Pumping and Storing Breast Milk,breastfeeding,78,2,en,"VklEedks ykfx dksBkdks rkiØe ¼77°F ok 25°C HkUnk rkrks uHk,dks½ ek jk[uqgksl~A rkiØe mPp N Hkus] nwèkykÃ rq#UrS fplks xjkmuqgksl~A nwèkykÃ 5 nsf[k 7 fnulEe fÝtek ¼32 nsf[k 39°F ok 0 nsf[k 3-9°C lEe½ jk[u lfdUNA",210,0,136
SENT_0002082,BF_004,Pumping and Storing Breast Milk,breastfeeding,79,1,en,"• tesdks tesdks nwèkykÃ jsfÝtsjsVj fÝtjek 3 efguk lEe j fMi fÝtjek 6 efguklEe jk[u lfdUN ¼0°F ok –17-8°C½A ,diVd ixkysifN] tesdks nwèkykÃ 24 ?",142,0,92
SENT_0002083,BF_004,Pumping and Storing Breast Milk,breastfeeding,79,2,en,VklEe fÝtek Hk.,15,0,11
SENT_0002084,BF_004,Pumping and Storing Breast Milk,breastfeeding,79,3,en,Mkj.,4,0,3
SENT_0002085,BF_004,Pumping and Storing Breast Milk,breastfeeding,80,1,en,• tesdks nwèkykÃ rkrks ikuhdks diek ixkYuqgksl~A ;lykÃ 5 nsf[k 10 feusVlEe le; ykXNA,84,0,60
SENT_0002086,BF_004,Pumping and Storing Breast Milk,breastfeeding,81,1,en,• rikb±ys tesdks nwèkykÃ jsfÝtsjsVjek jk[ksj 8 nsf[k 12 ?,57,0,37
SENT_0002087,BF_004,Pumping and Storing Breast Milk,breastfeeding,82,1,en,• ixkysdks nwèk jsfÝftjsVjek jkf[kjgu lfdUN rj 24 ?,51,0,36
SENT_0002088,BF_004,Pumping and Storing Breast Milk,breastfeeding,83,1,en,• Lrudks nwèkykÃ dksBkdks rkiØeek dkmUVjek jk[ksj uixkYuqgksl~A,63,0,50
SENT_0002089,BF_004,Pumping and Storing Breast Milk,breastfeeding,84,1,en,• ekbØksosHk vksHkuek Lrudks nwèkykÃ urrkmuqgksl~A ;lys Lrudks nwèkykÃ ifjorZu xuZ j nwèkdks xq.,96,0,73
SENT_0002090,BF_004,Pumping and Storing Breast Milk,breastfeeding,84,2,en,kLrjykÃ ?,9,0,6
SENT_0002091,BF_004,Pumping and Storing Breast Milk,breastfeeding,84,3,en,kVkmu lDNA ekbØksosHk vksHkug:ys rikb±dks cPpkdks eq[k iksYu lDus lEHkkouk gqusxjh vlkekU; :iek nwèkykÃ rkrks ikNZu~A,117,0,93
SENT_0002092,BF_004,Pumping and Storing Breast Milk,breastfeeding,85,1,en,"• ixkfy,dks nwèkykÃ fjfÝt uxuqZgksl~A",37,0,27
SENT_0002093,BF_004,Pumping and Storing Breast Milk,breastfeeding,86,1,en,"© 2008 - November 1, 2018, Health Information Translations.",59,0,37
SENT_0002094,BF_004,Pumping and Storing Breast Milk,breastfeeding,87,1,en,a result of your stopping medical treatment or your failure to obtain treatment.,80,0,67
SENT_0002095,BF_004,Pumping and Storing Breast Milk,breastfeeding,89,1,en,• Remove the milk from the refrigerator just before using.,58,0,47
SENT_0002096,BF_004,Pumping and Storing Breast Milk,breastfeeding,90,1,en,• Warm the milk by holding the container under warm running tap water or sit it in a bowl of warm water for 5 to 10 minutes.,124,0,93
SENT_0002097,BF_004,Pumping and Storing Breast Milk,breastfeeding,91,1,en,• Rotate the bottle gently and test the warmth of the milk by placing a drop on the inside of your wrist before feeding your baby.,130,0,103
SENT_0002098,BF_004,Pumping and Storing Breast Milk,breastfeeding,92,1,en,• Milk left over in the container after a feeding may be offered at the next feeding before discarding.,103,0,83
SENT_0002099,BF_004,Pumping and Storing Breast Milk,breastfeeding,92,2,en,Do not reheat milk that has been heated.,40,0,32
SENT_0002100,BF_004,Pumping and Storing Breast Milk,breastfeeding,92,3,en,Breast milk can safely stand at room temperature for 4 to 8 hours.,66,0,51
SENT_0002101,BF_004,Pumping and Storing Breast Milk,breastfeeding,93,1,en,• Do not warm breast milk by sitting it on the counter at room temperature.,75,0,59
SENT_0002102,BF_004,Pumping and Storing Breast Milk,breastfeeding,94,1,en,• Do not warm breast milk in a microwave oven.,46,0,35
SENT_0002103,BF_004,Pumping and Storing Breast Milk,breastfeeding,94,2,en,It can change the breast milk and reduce the quality of the milk.,65,0,52
SENT_0002104,BF_004,Pumping and Storing Breast Milk,breastfeeding,94,3,en,Microwave ovens heat the milk unevenly to cause a chance of burning your baby’s mouth.,86,0,70
SENT_0002105,BF_004,Pumping and Storing Breast Milk,breastfeeding,95,1,en,Talk to your baby’s doctor or nurse if you have any questions or concerns.,74,0,59
SENT_0002106,BF_004,Pumping and Storing Breast Milk,breastfeeding,97,1,en,• ç;ksx xuqZHkUnk dsgh vf?,26,0,18
SENT_0002107,BF_004,Pumping and Storing Breast Milk,breastfeeding,98,1,en,• /kkjkdks rkrks ikuhequh dUVsujykbZ gksYM xjsj nw/kykbZ rkrks cukmuqgksl~ ok ;lykbZ dpkSjkek 5 nsf[k 10 feusVlEe rkrks ikuhek jk[uqgksl~A,138,0,108
SENT_0002108,BF_004,Pumping and Storing Breast Milk,breastfeeding,99,1,en,• foLrkjS cksryykbZ ?,21,0,16
SENT_0002109,BF_004,Pumping and Storing Breast Milk,breastfeeding,99,2,en,kqekmuqgksl~ j vk¶uks cPpkykbZ [kqokmuq vf?,43,0,34
SENT_0002110,BF_004,Pumping and Storing Breast Milk,breastfeeding,100,1,en,"• [kqok,ifN dUVsujek ck¡dh nwèk u""V xuqZvf?",43,0,30
SENT_0002111,BF_004,Pumping and Storing Breast Milk,breastfeeding,100,2,en,"k vdksZiYV Qsjh [kqokmu lfdUNA rkrks ikfj,dks nw/kykbZ Qsfj urrkmuqgksl~A Lrudks nw/k 4 nsf[k 8 ?",97,0,73
SENT_0002112,BF_004,Pumping and Storing Breast Milk,breastfeeding,101,1,en,• Lrudks nwèkykÃ dksBkdks rkiØeek dkmUVjek jk[ksj urrkmuqgksl~A,63,0,50
SENT_0002113,BF_004,Pumping and Storing Breast Milk,breastfeeding,102,1,en,• Lrudks nw/kykbZ ekbØksosHk vksHkuek urrkmuqgksl~A ;lys Lrudks nw/kykbZ ifjorZu xuZ j nw/kdks xq.,98,0,77
SENT_0002114,BF_004,Pumping and Storing Breast Milk,breastfeeding,102,2,en,kLrjykbZ ?,10,0,8
SENT_0002115,BF_004,Pumping and Storing Breast Milk,breastfeeding,102,3,en,kVkmu lDNA ekbØksosHk vksHkug:ys rikbZadks cPpkdks eq[k iksYu lDus lEHkkouk gqusxjh vlkekU; :iek nw/kykbZ rkrks ikNZu~A rikbZal¡x dquS ç'u ok fpUrkg: Nu~ Hkus vk¶uks cPpkdks fpfdRld ok ifjpkfjdkl¡x dqjkdkuh xuqZgksl~A,217,0,173
SENT_0002116,CB_001,Know the Signs of Labor,childbirth,2,1,en,Learn the signs of labor so that you know when to call your doctor and go to the hospital for delivery.,103,0,82
SENT_0002117,CB_001,Know the Signs of Labor,childbirth,3,1,en,"Mucus plug Some women have a release of cervical mucus that may have a slight pink color, or blood-tinged.",106,0,85
SENT_0002118,CB_001,Know the Signs of Labor,childbirth,3,2,en,This is called passing a mucus plug or a bloody show.,53,0,42
SENT_0002119,CB_001,Know the Signs of Labor,childbirth,3,3,en,"This may be a sign that your body is preparing for delivery, but you do not need to call your health care provider.",115,0,91
SENT_0002120,CB_001,Know the Signs of Labor,childbirth,4,1,en,Rupture of membranes (water breaks) Rupture of membranes is the medical term for your water breaking.,101,0,83
SENT_0002121,CB_001,Know the Signs of Labor,childbirth,4,2,en,This is your amniotic fluid.,28,0,23
SENT_0002122,CB_001,Know the Signs of Labor,childbirth,4,3,en,"It can be a gush or a slow trickle and should be a clear, slightly yellow color.",80,0,62
SENT_0002123,CB_001,Know the Signs of Labor,childbirth,5,1,en,"Often, a woman will go into labor soon after her water breaks.",62,0,49
SENT_0002124,CB_001,Know the Signs of Labor,childbirth,5,2,en,"If this doesn’t happen, your health care provider may talk with you about helping your labor along with medicine.",113,0,92
SENT_0002125,CB_001,Know the Signs of Labor,childbirth,6,1,en,"If you think your water has broken, call your doctor and go to the hospital.",76,0,60
SENT_0002126,CB_001,Know the Signs of Labor,childbirth,6,2,en,Do not take a bath or put anything into your vagina.,52,0,41
SENT_0002127,CB_001,Know the Signs of Labor,childbirth,6,3,en,You may wear a pad.,19,0,14
SENT_0002128,CB_001,Know the Signs of Labor,childbirth,7,1,ne,प्रसव बेथाका लक्षणहरू जान्नुहोस् जसबाट डक्टरलाई कहिले कल गर्ने र प्रसवका लागि अस्पताल जाने भन्े बारेमा तपाईंलाई जानकारी होस्।,125,107,0
SENT_0002129,CB_001,Know the Signs of Labor,childbirth,8,1,ne,"प्रदर प्लग (म्युुकस प्लग) केही महिलाहरूको पाठेघरबाट लेस्ाइलो स्ाव वा प्रदर (म्युुकस) निस्कन्छ जो हल्ा गुुलाफी रङको, वा रगतका छिटाहरूयुुक्त हुन सक्दछछ ।",151,124,0
SENT_0002130,CB_001,Know the Signs of Labor,childbirth,8,2,ne,यसलाई प्रदर प्लग निस्कनुनु वा ब्लडी शो भनिन्छ।,46,39,0
SENT_0002131,CB_001,Know the Signs of Labor,childbirth,8,3,ne,"यस्ो हुनुनु तपाईंको शरीर प्रसवका लागि तयार हुँदैछछ भन्े सङ्ेत हो, तर तपाईंले आफ्नो स्ास्थ्य सेवा प्रदातालाई कल गर्नु पर्ने आवश्यकता छछैन।",137,115,0
SENT_0002132,CB_001,Know the Signs of Labor,childbirth,9,1,ne,झिल्ी फुुट्नुनु (पानी निस्कनुनु) झिल्ी फुुट्नुनु भनेको तपाईंको पाठेघरबाट पानी निस्कने प्रक्रियाको चिकित्सकीय शब्द हो।,117,101,0
SENT_0002133,CB_001,Know the Signs of Labor,childbirth,9,2,ne,यो तपाईंको अम्नियोटिक द्रव्य हुन्छ।,35,31,0
SENT_0002134,CB_001,Know the Signs of Labor,childbirth,9,3,ne,"यो ह्ात्ै निस्कन सक्छ वा विस्ारै थोपा-थोपा निस्कन सक्छ र यो सफा, हल्ा पहेंलो रङको हुन सक्छ।",91,73,0
SENT_0002135,CB_001,Know the Signs of Labor,childbirth,10,1,ne,प्रायः यो पानी निस्कन थालेपछि महिलालाई चाँँडैनै प्रसव बेथा सुुरु हुनेछछ ।,73,62,0
SENT_0002136,CB_001,Know the Signs of Labor,childbirth,10,2,ne,यदि यस्ो हुँदैन भने तपाईंको स्ास्थ्य सेवा प्रदाताले तपाईंको प्रसव बेथामा मद्दत गर्नका लागि औषधी दिनेबारे कुुरा गर्नेछन्।,120,103,0
SENT_0002137,CB_001,Know the Signs of Labor,childbirth,11,1,ne,तपाईंलाई पानी निस्केस्केको जस्ो अनुनुभव हुन्छ भने आफ्नो डक्टरलाई कल गर्नुहोस् र अस्पताल जानुनुहोस्।,99,86,0
SENT_0002138,CB_001,Know the Signs of Labor,childbirth,12,1,ne,ननुनुहाउनुनुहोस् र आफ्नो योनीमा केही नहाल््नुहोस्।,50,45,0
SENT_0002139,CB_001,Know the Signs of Labor,childbirth,12,2,ne,तपाईंले प्ाड लगाउन सक्नुहुन्छ।,30,27,0
SENT_0002140,CB_001,Know the Signs of Labor,childbirth,13,1,en,Contractions Contractions are the tightening and relaxing of muscles in the uterus.,83,0,71
SENT_0002141,CB_001,Know the Signs of Labor,childbirth,13,2,en,"When labor starts, these muscles tighten and relax at a regular pace.",69,0,56
SENT_0002142,CB_001,Know the Signs of Labor,childbirth,13,3,en,"They will get closer together and stronger, letting your body know that your baby is about to be born.",102,0,82
SENT_0002143,CB_001,Know the Signs of Labor,childbirth,14,1,en,"Sometimes, these muscle contractions are not regular, and they start and stop.",78,0,64
SENT_0002144,CB_001,Know the Signs of Labor,childbirth,14,2,en,"They do not seem to get stronger and closer together, but stay about the same intensity.",88,0,71
SENT_0002145,CB_001,Know the Signs of Labor,childbirth,15,1,en,Your health care provider may describe these contractions as Braxton-Hicks or signs of false labor.,99,0,83
SENT_0002146,CB_001,Know the Signs of Labor,childbirth,15,2,en,These contractions are normal but can be uncomfortable.,55,0,47
SENT_0002147,CB_001,Know the Signs of Labor,childbirth,17,1,en,• Contractions are not regular,30,0,25
SENT_0002148,CB_001,Know the Signs of Labor,childbirth,18,1,en,• Contractions stay about the same,34,0,28
SENT_0002149,CB_001,Know the Signs of Labor,childbirth,19,1,en,• Contractions go away while resting True Labor Contractions,60,0,51
SENT_0002150,CB_001,Know the Signs of Labor,childbirth,20,1,en,• Contractions happen at regular times apart,44,0,37
SENT_0002151,CB_001,Know the Signs of Labor,childbirth,21,1,en,• Contractions get stronger and closer together,47,0,40
SENT_0002152,CB_001,Know the Signs of Labor,childbirth,22,1,en,"• Contractions keep going while lying down If you can no longer walk or talk through contractions, call your health care provider.",130,0,106
SENT_0002153,CB_001,Know the Signs of Labor,childbirth,23,1,ne,संकुुचन संकुचन भनेको पाठेघरका मांसपेशीहरू खुुम्चनुनु र खुुल््नु हो।,67,59,0
SENT_0002154,CB_001,Know the Signs of Labor,childbirth,23,2,ne,"प्रसव वेदना सुुरु भएपछि, यी मांसपेशीहरू नियमित अन्तरालमा खुुम्चने र खुुल्ने गर्दछन्।",84,72,0
SENT_0002155,CB_001,Know the Signs of Labor,childbirth,23,3,ne,"तिनीहरू खुुम्चेर एकसाथ आउँछन् र मजबुुत हुन्छन्, यसरी तपाईंको नानी जन्मनै आँँटेको जानकारी तपाईंलाई गराउँँदछन्।",109,94,0
SENT_0002156,CB_001,Know the Signs of Labor,childbirth,24,1,ne,"कहिलेकाहिँँ, यी मांसपेशी संकुचन नियमित हुँदैनन्, र ती सुुरु हुन्छन् र बन्द हुन्छन्।",83,69,0
SENT_0002157,CB_001,Know the Signs of Labor,childbirth,24,2,ne,"तिनीहरू मजबुुत भएको र एकसाथ जुुटेर घनिष्ठ रूपमा बसेको देखिन्न, तर त्यसै तीव्रताका साथ रहन्छन्।",94,79,0
SENT_0002158,CB_001,Know the Signs of Labor,childbirth,24,3,ne,तपाईंका स्ास्थ्य सेवा प्रदाताले यी संकुचनलाई ब्ाक्सटन-हिक्स (BraxtonHicks) वा छछ द्म प्रसव बेथाकोका लक्षण बताउन सक्दछन्।,120,90,12
SENT_0002159,CB_001,Know the Signs of Labor,childbirth,24,4,ne,यी संकुचन सामान्य हुन् तर असजिलो हुन सक्दछन्।,45,38,0
SENT_0002160,CB_001,Know the Signs of Labor,childbirth,26,1,ne,• संकुचनहरू नियमित हुँदैनन्,27,23,0
SENT_0002161,CB_001,Know the Signs of Labor,childbirth,27,1,ne,• संकुचनहरू लगभग एकजस्ै रहन्छन्,31,26,0
SENT_0002162,CB_001,Know the Signs of Labor,childbirth,28,1,ne,• आराम गर्दा संकुचनहरू हराउँछन् वास्तविक प्रसव बेथा संकुुचन,59,50,0
SENT_0002163,CB_001,Know the Signs of Labor,childbirth,29,1,ne,• बेग्ाबेग्ै नियमित समयमा संकुचन हुन,36,30,0
SENT_0002164,CB_001,Know the Signs of Labor,childbirth,31,1,ne,• संकुचनहरू कडा हुँदै जान्छन् र एकसाथ हुन थाल्दछन्,50,41,0
SENT_0002165,CB_001,Know the Signs of Labor,childbirth,32,1,ne,• सुुतेको अवसथामा संकुचन चलिरहन्छ यदि संकुचनहरूको बेलामा तपाईं हिँँड्न वा कुुरा गर्न सक्नुहुन्न भने आफ्ना स्ास्थ्य प्रदातालाई कल गर्नुहोस्।,139,119,0
SENT_0002166,CB_001,Know the Signs of Labor,childbirth,33,1,en,"© 2005 - January 29, 2021, Health Information Translations.",59,0,36
SENT_0002167,CB_001,Know the Signs of Labor,childbirth,34,1,en,a result of your stopping medical treatment or your failure to obtain treatment.,80,0,67
SENT_0002168,CB_001,Know the Signs of Labor,childbirth,35,1,en,"5-1-1 Rule If contractions are happening every 5 minutes for the past hour and are at least 1 minute long, then you should go to the hospital.",142,0,107
SENT_0002169,CB_001,Know the Signs of Labor,childbirth,36,1,en,You may need to go sooner than ‘5-1-1.,38,0,24
SENT_0002170,CB_001,Know the Signs of Labor,childbirth,36,2,en,’ Call your doctor or midwife if you:,37,0,28
SENT_0002171,CB_001,Know the Signs of Labor,childbirth,37,1,en,• Vomit with contractions,25,0,21
SENT_0002172,CB_001,Know the Signs of Labor,childbirth,38,1,en,• Feel rectal pressure,22,0,18
SENT_0002173,CB_001,Know the Signs of Labor,childbirth,39,1,en,• Are unable to walk or talk through contractions,49,0,40
SENT_0002174,CB_001,Know the Signs of Labor,childbirth,40,1,en,• Think your water has broken,29,0,23
SENT_0002175,CB_001,Know the Signs of Labor,childbirth,41,1,en,• Have vaginal bleeding,23,0,19
SENT_0002176,CB_001,Know the Signs of Labor,childbirth,42,1,en,• Tested positive for Group B Strep and need time to get antibiotics at the hospital,84,0,68
SENT_0002177,CB_001,Know the Signs of Labor,childbirth,43,1,en,• Progress quickly (Call 911 and get into a side-lying position if you are having an extremely fast labor!,106,0,81
SENT_0002178,CB_001,Know the Signs of Labor,childbirth,43,2,en,") Before 37 Weeks If you are having regular contractions (4 to 6 in one hour) before 37 weeks of pregnancy, call your health care provider right away.",150,0,112
SENT_0002179,CB_001,Know the Signs of Labor,childbirth,44,1,en,Talk to your doctor or midwife if you have any questions or concerns.,69,0,56
SENT_0002180,CB_001,Know the Signs of Labor,childbirth,44,2,en,Your doctor or midwife may give you different instructions.,59,0,50
SENT_0002181,CB_001,Know the Signs of Labor,childbirth,45,1,ne,5-1-1 नियम यदि बितेको घण्ामा हरेक 5 मिनेटमा र कम्ीमा 1 मिनेटको समयसम्म संकुचन भइरहेका छन् भने तपाईं अस्पताल जानुनु पर्दछछ ।,123,95,0
SENT_0002182,CB_001,Know the Signs of Labor,childbirth,46,1,ne,तपाईं ‘5-1-1’ भन्ा पहिलेनै जानुनु पर्दछ।,40,28,0
SENT_0002183,CB_001,Know the Signs of Labor,childbirth,46,2,ne,निम्न अवसथामा आफ्ना डक्टर वा धाईलाई कल गर्नुहोस्:,49,41,0
SENT_0002184,CB_001,Know the Signs of Labor,childbirth,47,1,ne,• संकुचनका साथै बान्ता हुँदा,28,23,0
SENT_0002185,CB_001,Know the Signs of Labor,childbirth,48,1,ne,• मलद्ारमा चाप महसुुस हुँदा,27,22,0
SENT_0002186,CB_001,Know the Signs of Labor,childbirth,49,1,ne,• संकुचन भइरहेको अवसथामा हिँँड्न वा बोल्न नसक्दा,48,40,0
SENT_0002187,CB_001,Know the Signs of Labor,childbirth,50,1,ne,• तपाईंको पानी फुुट्ो भन्े लाग्ा,32,26,0
SENT_0002188,CB_001,Know the Signs of Labor,childbirth,51,1,ne,• योनीबाट रक्तस्ाव हुँदा,24,20,0
SENT_0002189,CB_001,Know the Signs of Labor,childbirth,52,1,ne,• ग्रुुप बि स्ट्ेप जाँच पोजेटिभ निस्कँँदा अनि अस्पतालमा एन्टिबायोटिक्स लिनका लागि समय चाहिँँदा,94,80,0
SENT_0002190,CB_001,Know the Signs of Labor,childbirth,53,1,ne,• तुुरुन्तै पाइला चालिहाल््नुहोस् (911 मा कल गर्नुहोस् अनि यदि तपाईंलाई अत्यन्तै चर्को प्रसव बेथा लागिरहेको छछ भने कोल्े परेर सुुत्नुहोस्!,138,112,0
SENT_0002191,CB_001,Know the Signs of Labor,childbirth,53,2,ne,) 37 साता पूर्व यदि तपाईंलाई गर्भावसथाका 37 सातापूर्व नै नियमित संकुचन (एक घण्ामा 4 देखि 6 पटक) भइरहेका छन् भने तत्ाल आफ्नो स्ास्थ्य सेवा प्रदातालाई कल गर्नुहोस्।,162,126,0
SENT_0002192,CB_001,Know the Signs of Labor,childbirth,54,1,ne,तपाईंका कुन ै प्रश्न वा चिन्ाहरू छन् भने आफ्ना डक्टर वा धाईसँग कुुरा गर्नुहोस्।,79,66,0
SENT_0002193,CB_001,Know the Signs of Labor,childbirth,54,2,ne,तपाईंका डक्टर वा धाईले तपाईंलाई भिन्न निर्देशनहरू दिनेछन्।,58,51,0
SENT_0002194,CB_002,Stages of Labor,childbirth,2,1,en,"As you near the birth of your baby, it is helpful to learn about the 3 stages of labor.",87,0,66
SENT_0002195,CB_002,Stages of Labor,childbirth,3,1,en,The First Stage of Labor The first stage is the start of labor and lasts until the cervix is fully open at 10 centimeters.,122,0,96
SENT_0002196,CB_002,Stages of Labor,childbirth,3,2,en,This is the longest stage of labor and can last 12 to 17 hours.,63,0,45
SENT_0002197,CB_002,Stages of Labor,childbirth,4,1,en,"This stage is divided into early labor, active labor and transition.",68,0,56
SENT_0002198,CB_002,Stages of Labor,childbirth,5,1,en,"During early labor, the cervix dilates from 0 to 3 centimeters.",63,0,49
SENT_0002199,CB_002,Stages of Labor,childbirth,5,2,en,Contractions may last 30 to 60 seconds and occur every 5 to 20minutes.,70,0,50
SENT_0002200,CB_002,Stages of Labor,childbirth,5,3,en,"There may be a pink, slightly bloody or mucous discharge from the vagina.",73,0,59
SENT_0002201,CB_002,Stages of Labor,childbirth,5,4,en,"Backache, nausea and diarrhea may also occur.",45,0,37
SENT_0002202,CB_002,Stages of Labor,childbirth,6,1,en,"During active labor, the cervix dilates to about 7 centimeters.",63,0,51
SENT_0002203,CB_002,Stages of Labor,childbirth,6,2,en,"Contractions become stronger and longer, lasting about 1 minute and repeating every 2 to 4 minutes.",99,0,79
SENT_0002204,CB_002,Stages of Labor,childbirth,6,3,en,Pain medicine may be given at this time.,40,0,32
SENT_0002205,CB_002,Stages of Labor,childbirth,7,1,en,"During transition, the cervix dilates to 10 centimeters.",56,0,45
SENT_0002206,CB_002,Stages of Labor,childbirth,7,2,en,Contractions are stronger and occur more often.,47,0,40
SENT_0002207,CB_002,Stages of Labor,childbirth,7,3,en,Intense pressure in the lower back and rectum may be felt.,58,0,47
SENT_0002208,CB_002,Stages of Labor,childbirth,8,1,en,What you can do:,16,0,12
SENT_0002209,CB_002,Stages of Labor,childbirth,9,1,en,Relax between contractions.,27,0,24
SENT_0002210,CB_002,Stages of Labor,childbirth,9,2,en,Use the breathing or relaxation techniques you learned in childbirth classes or ask your nurse for help.,104,0,87
SENT_0002211,CB_002,Stages of Labor,childbirth,9,3,en,Do not push until you are told to do so.,40,0,30
SENT_0002212,CB_002,Stages of Labor,childbirth,10,1,ne,"तपाईंले आफ्नो नानी जन्ाउने समय नजिक आउँदैजाँदा, प्रसव पीडाका 3 चरणहरूबारे जान्नु उपयोोगी हुन्छ।",95,80,0
SENT_0002213,CB_002,Stages of Labor,childbirth,11,1,ne,प्रसव पीडाको पहिलो चरण प्रसव पीडाकोो पहिलोो चरण प्रसव पीडा सुुरु हुनुनु होो र योो पाठेघरकोो मुुख पूर्णतया 10 सेन्टिमिटर नखोलिँदासम्म चल्छ।,138,115,0
SENT_0002214,CB_002,Stages of Labor,childbirth,11,2,ne,योो प्रसव पीडाकोो सर्वाधिक लामोो चरण हुन्छ र योो 12 देखि 17 घण्ासम्म चल्न सक्छ।,79,61,0
SENT_0002215,CB_002,Stages of Labor,childbirth,12,1,ne,"योो चरणलाई प्रारम््भिक प्रसव पीडा, सक्रिय प्रसव पीडा र संक्रमणकालमा विभाजित गरिएकोो छछ।",87,74,0
SENT_0002216,CB_002,Stages of Labor,childbirth,13,1,ne,"प्रारम्भिक प्रसव पीडाको, बेलामा पाठेघरकोो मुुख 0 देखि 3 सेन्टिमिटर फैलिन्छ।",75,62,0
SENT_0002217,CB_002,Stages of Labor,childbirth,14,1,ne,मिनेटमा हुन्छ।,14,13,0
SENT_0002218,CB_002,Stages of Labor,childbirth,14,2,ne,"योनीबाट गुुलाफी, अलिकति रगत जस्तोो वा च्ापच्ाप परेकोो स्ाव निस्कन सक्छ।",71,60,0
SENT_0002219,CB_002,Stages of Labor,childbirth,15,1,ne,"ढाड दुुख्नु, वाकवाकी लाग्नु र पखाला पनि हुन सक्छ।",49,40,0
SENT_0002220,CB_002,Stages of Labor,childbirth,16,1,ne,सक्रिय प्रसव पीडाको बेलामा पाठेघरकोो मुुख करिब 7 सेन्टिमिटर फैलिन्छ।,68,58,0
SENT_0002221,CB_002,Stages of Labor,childbirth,16,2,ne,"खुुम्च्ाइ बढी तेज र लामोो हुन्छ, जोो करिब 1 मिनेटसम्म चल्छ र हरेक 2 देखि 4 मिनेटमा दोोहोोरिन्छ।",95,74,0
SENT_0002222,CB_002,Stages of Labor,childbirth,16,3,ne,योो समयमा पीडाहरक औषधी दिइन सक्छ।,33,28,0
SENT_0002223,CB_002,Stages of Labor,childbirth,17,1,ne,संक्रमणकालको बेलामा पाठेघरकोो मुुख 10 सेन्टिमिटर फैलिन्छ।,57,49,0
SENT_0002224,CB_002,Stages of Labor,childbirth,17,2,ne,खुुम्च्ाइ झनै तेज हुन्छ र छिटोो-छिटोो हुन्छ।,44,37,0
SENT_0002225,CB_002,Stages of Labor,childbirth,17,3,ne,तल्लोो ढाड र गुुदद्ारमा तीव्र चाप महसुुस हुन सक्छ।,50,42,0
SENT_0002226,CB_002,Stages of Labor,childbirth,18,1,ne,तपाईं के गर्न सक्नुहुन्छः खुुम्च्ाइहरूकोो दौरान आराम गर्नुहोोस्।,64,57,0
SENT_0002227,CB_002,Stages of Labor,childbirth,18,2,ne,बच्ा जन्ाउन सिकाउने कक्ाहरूमा तपाईंले सिक्नुभएकोो सास फे्ने वा आराम ग्ने प्रविधिहरूकोो प्रयोोग गर्नुहोोस् वा मद्दतका लागि नर्सलाई सोोध्नुहोोस्।,143,125,0
SENT_0002228,CB_002,Stages of Labor,childbirth,18,3,ne,तपाईंलाई नभनिएसम्म जोोड नलगाउनुनुहोोस्।,39,36,0
SENT_0002229,CB_002,Stages of Labor,childbirth,19,1,en,What your partner can do:,25,0,20
SENT_0002230,CB_002,Stages of Labor,childbirth,20,1,en,Encourage and comfort.,22,0,19
SENT_0002231,CB_002,Stages of Labor,childbirth,20,2,en,"During early labor, help her change positions every 1 to 2 hours.",65,0,50
SENT_0002232,CB_002,Stages of Labor,childbirth,20,3,en,Provide ice chips and lip balm.,31,0,25
SENT_0002233,CB_002,Stages of Labor,childbirth,21,1,en,Use touch and massage.,22,0,18
SENT_0002234,CB_002,Stages of Labor,childbirth,21,2,en,Use encouraging words.,22,0,19
SENT_0002235,CB_002,Stages of Labor,childbirth,22,1,en,"The Second Stage of Labor The second stage begins when the cervix is fully open and lasts until the baby is delivered, about 1 to 2 hours.",138,0,108
SENT_0002236,CB_002,Stages of Labor,childbirth,22,2,en,"During this time, staff will tell you when you can push and help support your body as you deliver your baby.",108,0,86
SENT_0002237,CB_002,Stages of Labor,childbirth,23,1,en,What you can do:,16,0,12
SENT_0002238,CB_002,Stages of Labor,childbirth,24,1,en,You will be encouraged to push with each contraction.,53,0,44
SENT_0002239,CB_002,Stages of Labor,childbirth,24,2,en,You may be told to push more gently or to stop pushing at times.,64,0,50
SENT_0002240,CB_002,Stages of Labor,childbirth,25,1,en,What your partner can do:,25,0,20
SENT_0002241,CB_002,Stages of Labor,childbirth,26,1,en,Support her body during delivery.,33,0,28
SENT_0002242,CB_002,Stages of Labor,childbirth,26,2,en,Encourage her and help her count while pushing.,47,0,39
SENT_0002243,CB_002,Stages of Labor,childbirth,27,1,en,The Third Stage of Labor The third stage is the delivery of the afterbirth called the placenta.,95,0,78
SENT_0002244,CB_002,Stages of Labor,childbirth,27,2,en,"This is the shortest stage of labor, lasting 15 to 20 minutes.",62,0,45
SENT_0002245,CB_002,Stages of Labor,childbirth,28,1,en,What you and your partner can do:,33,0,26
SENT_0002246,CB_002,Stages of Labor,childbirth,29,1,en,Relax and enjoy this time with your baby.,41,0,33
SENT_0002247,CB_002,Stages of Labor,childbirth,30,1,en,Talk to the staff if you have any questions or concerns at any time during labor and delivery.,94,0,76
SENT_0002248,CB_002,Stages of Labor,childbirth,31,1,ne,तपाईंका जीवनसाथीले के गर्न सक्छन्:,34,29,0
SENT_0002249,CB_002,Stages of Labor,childbirth,32,1,ne,प्रोोत्ाहन र सान्त्वना दिन सक्छन्।,34,30,0
SENT_0002250,CB_002,Stages of Labor,childbirth,32,2,ne,"प्रारम््भिक प्रसव पीडाकोो दौरान, हरेक 1 देखि 2 घण्ामा कोोल्े फेर्नमा मद्दत गर्न सक्छन्।",87,71,0
SENT_0002251,CB_002,Stages of Labor,childbirth,32,3,ne,बरफकोो टुक्रा र ओठमा लगाउने बाम दिन सक्छन्।,43,36,0
SENT_0002252,CB_002,Stages of Labor,childbirth,32,4,ne,स्पर्श गर्न सक्छन् र मालिस गर्न सक्छन्।,39,33,0
SENT_0002253,CB_002,Stages of Labor,childbirth,32,5,ne,हिम्मत बढाउने शब्दहरू बोोल्न सक्छन्।,36,32,0
SENT_0002254,CB_002,Stages of Labor,childbirth,33,1,ne,"प्रसव पीडाको दोस्ो चरण दोोस्रोो चरणकोो सुुरुआत पाठेघरकोो मुुख पूरा खुुलेपछि सुुरु हुन्छ र नानी नजन्ँदासम्म, करिब 1 देखि 2 घण्ासम्म चल्छ।",136,112,0
SENT_0002255,CB_002,Stages of Labor,childbirth,33,2,ne,"योो समयमा, स्ाफले तपाईंलाई आफ्नो नानीलाई जन्म दिँदा कहिले जोोड लगाउने होो र आफ्नो शरीरलाई मद्दत ग्ने होो भनी बताउनेछछ ।",119,98,0
SENT_0002256,CB_002,Stages of Labor,childbirth,34,1,ne,तपाईं के गर्न सक्नुहुन्छः हरेक खुुम्च्ाइपछि तपाईंलाई जोोड लगाउन प्रोोत्साहित गरिनेछछ ।,86,75,0
SENT_0002257,CB_002,Stages of Labor,childbirth,34,2,ne,तपाईंलाई बढी विस्ारै जोोड लगाउन वा कहिलेकाहिँ जोोड लगाउन बन्द गर्न भन्न सकिन्छ।,79,67,0
SENT_0002258,CB_002,Stages of Labor,childbirth,35,1,ne,तपाईंका जीवनसाथीले के गर्न सक्छन्:,34,29,0
SENT_0002259,CB_002,Stages of Labor,childbirth,36,1,ne,प्रसवकोो दौरान उनकोो शरीरलाई सहारा दिन सक्छन्।,46,40,0
SENT_0002260,CB_002,Stages of Labor,childbirth,37,1,ne,उनलाई प्रोोत्साहित गर्न सक्छन् र जोोड लगाउँदा गन्ी गर्नमा मद्दत गर्न सक्छन्।,76,65,0
SENT_0002261,CB_002,Stages of Labor,childbirth,38,1,ne,प्रसव पीडाको तेस्ो चरण तेस्रोो चरण होो नानी जन्ेपछि सालनाल निकाल्नु।,68,58,0
SENT_0002262,CB_002,Stages of Labor,childbirth,39,1,ne,20 मिनेट चल्छ।,14,10,0
SENT_0002263,CB_002,Stages of Labor,childbirth,40,1,ne,तपाईं र तपाईंको जीवनसाथीले के गर्न सक्नुहुन्छः योो समयमा आराम गर्नुहोोस् आफ्नो नानीसित आनन्दित हुनुनुहोोस्।,107,93,0
SENT_0002264,CB_002,Stages of Labor,childbirth,41,1,ne,प्रसव पीडा र प्रसवकोो दौरान तपाईंका कुन ै प्रश्नहरू वा चिन्ाहरू छन् भने स्ाफसित कुुरा गर्नुहोोस्।,97,82,0
SENT_0002265,CB_002,Stages of Labor,childbirth,42,1,en,"© 2007 - November 22, 2019, Health Information Translations.",60,0,37
SENT_0002266,CB_002,Stages of Labor,childbirth,43,1,en,a result of your stopping medical treatment or your failure to obtain treatment.,80,0,67
SENT_0002267,CB_002,Stages of Labor,childbirth,44,1,en,Talk to the staff if you have any questions or concerns at any time during labor and delivery.,94,0,76
SENT_0002268,CB_002,Stages of Labor,childbirth,45,1,ne,प्रसव पीडा र प्रसवको दौरान तपाईंका कुन ै प्रश्नहरू वा चिन्ाहरू छन् भने स्ाफसित कुुरा गर्नुहोस्।,95,80,0
SENT_0002269,CB_003,Your Recovery After Cesarean Birth,childbirth,2,1,en,"After you give birth, a nurse will check you and answer any questions you may have.",83,0,66
SENT_0002270,CB_003,Your Recovery After Cesarean Birth,childbirth,3,1,en,"During your stay, the nurses will teach you how to care for yourself and your baby.",83,0,66
SENT_0002271,CB_003,Your Recovery After Cesarean Birth,childbirth,5,1,en,• A nurse will feel your abdomen to check your uterus while you are in the hospital.,84,0,66
SENT_0002272,CB_003,Your Recovery After Cesarean Birth,childbirth,6,1,en,"If your uterus is soft, your nurse will rub your abdomen to help the uterus become firm.",88,0,70
SENT_0002273,CB_003,Your Recovery After Cesarean Birth,childbirth,7,1,en,"• It is normal to have cramping of the uterus, called afterbirth pains.",71,0,56
SENT_0002274,CB_003,Your Recovery After Cesarean Birth,childbirth,7,2,en,This often lasts for several days and may be worse during breastfeeding.,72,0,60
SENT_0002275,CB_003,Your Recovery After Cesarean Birth,childbirth,8,1,en,• You will have bleeding from your vagina for 2 to 4 weeks.,59,0,43
SENT_0002276,CB_003,Your Recovery After Cesarean Birth,childbirth,8,2,en,"During the first few days, the bleeding is like a heavy menstrual period.",73,0,59
SENT_0002277,CB_003,Your Recovery After Cesarean Birth,childbirth,8,3,en,You may pass small blood clots.,31,0,25
SENT_0002278,CB_003,Your Recovery After Cesarean Birth,childbirth,8,4,en,"The bleeding will decrease and change to pink, dark brown, and then clear.",74,0,59
SENT_0002279,CB_003,Your Recovery After Cesarean Birth,childbirth,8,5,en,Do not use tampons.,19,0,15
SENT_0002280,CB_003,Your Recovery After Cesarean Birth,childbirth,8,6,en,Use sanitary pads.,18,0,15
SENT_0002281,CB_003,Your Recovery After Cesarean Birth,childbirth,9,1,en,"• Your breasts will become full and may be tender as they fill with milk, usually 3 to 5 days after you have your baby.",119,0,90
SENT_0002282,CB_003,Your Recovery After Cesarean Birth,childbirth,10,1,en,Breastfeeding your baby often can help relieve this discomfort.,63,0,54
SENT_0002283,CB_003,Your Recovery After Cesarean Birth,childbirth,11,1,en,• You may have constipation.,28,0,22
SENT_0002284,CB_003,Your Recovery After Cesarean Birth,childbirth,11,2,en,A stool softener or laxative may be ordered.,44,0,36
SENT_0002285,CB_003,Your Recovery After Cesarean Birth,childbirth,12,1,en,"Drink plenty of water and eat lots of fresh fruits, vegetables, and whole grains.",81,0,65
SENT_0002286,CB_003,Your Recovery After Cesarean Birth,childbirth,13,1,en,• Tell your nurse if you have problems urinating.,49,0,39
SENT_0002287,CB_003,Your Recovery After Cesarean Birth,childbirth,14,1,ne,प्रसवपछि नर्सले तपाईंको जाँच गर्नेछन् र तपाईंका कुनैपनि प्रश्नको जबाफ दिनेछन्।,78,68,0
SENT_0002288,CB_003,Your Recovery After Cesarean Birth,childbirth,14,2,ne,"तपाईंको अस्पताल निवासको बेलामा, नर्सहरूले तपाईंलाई आफनो र आफनो नानीको स्ाहार कसरी गर्ने हो भनी सिकाउनेछन्।",106,90,0
SENT_0002289,CB_003,Your Recovery After Cesarean Birth,childbirth,16,1,ne,• तपाईं अस्पतालमा रहँदा नर्सले तपाईंको गर्भाशयको जाँच गर्न तपाईंको पेट छामेर हेर्नेछन्।,87,74,0
SENT_0002290,CB_003,Your Recovery After Cesarean Birth,childbirth,17,1,ne,तपाईंको गर्भाशय नरम छ भने नर्सले गर्भाशयलाई कडा पार्न मद्दत गर्नका लागि तपाईंको पेटलाई मुसार्नेछन्।,99,85,0
SENT_0002291,CB_003,Your Recovery After Cesarean Birth,childbirth,18,1,ne,• पाठेघरमा क्र्यायाम्प वा पीडा हुनु स्ाभाविक हो जसलाई नानी जन्ाएपछिको पीडा भनिन्छ।,82,69,0
SENT_0002292,CB_003,Your Recovery After Cesarean Birth,childbirth,18,2,ne,यो कैयौँ दिनसम्म रहन सक्दछ र स्तनपानको दौरान झनै धेरै हुन सक्दछ।,64,53,0
SENT_0002293,CB_003,Your Recovery After Cesarean Birth,childbirth,19,1,ne,• तपाईंको योनीबाट 2 देखि 4 दिनसम्म रक्तस्ाव हुनेछ।,50,39,0
SENT_0002294,CB_003,Your Recovery After Cesarean Birth,childbirth,19,2,ne,"प्रथम केही दिनको दौरान, भारी महिनावारीमा सरह रक्तस्ाव हुनेछ।",60,51,0
SENT_0002295,CB_003,Your Recovery After Cesarean Birth,childbirth,19,3,ne,रगतका साना चोइला पनि निस्कन सक्छन्।,35,30,0
SENT_0002296,CB_003,Your Recovery After Cesarean Birth,childbirth,19,4,ne,"रक्तस्ाव घट्दै जानेछ र यसको रङमा परिवर्तन हुँदै गुलाफी, कैलो, र त्यसपछि सफा हुनेछ।",82,67,0
SENT_0002297,CB_003,Your Recovery After Cesarean Birth,childbirth,19,5,ne,रक्तस्ाव रोक्न लुगाको बुझो नलगाउनुहोस्।,39,35,0
SENT_0002298,CB_003,Your Recovery After Cesarean Birth,childbirth,19,6,ne,स्यानिटरी प्ाडको प्रयोग गर्नुहोस्।,34,31,0
SENT_0002299,CB_003,Your Recovery After Cesarean Birth,childbirth,20,1,ne,• नानी जन्ाएको सामान्यतया 3 देखि 5 दिनमा तपाईंका स्तन भरिने छन् र कोमल हुनेछन् किनभने ती दूधले भरिने छन्।,105,83,0
SENT_0002300,CB_003,Your Recovery After Cesarean Birth,childbirth,20,2,ne,आफनो नानीलाई स्तनपान गराउनाले प्रायः यसबाट हुने असजिलोपनबाट आराम पाउनु हुनेछ।,77,67,0
SENT_0002301,CB_003,Your Recovery After Cesarean Birth,childbirth,21,1,ne,• तपाईंलाई कब्जियत हुन सक्छ।,28,23,0
SENT_0002302,CB_003,Your Recovery After Cesarean Birth,childbirth,21,2,ne,दिसा कमलो बनाउने वा ल्ाक्सेटिभ सेवनका लागि भनिने छ।,51,43,0
SENT_0002303,CB_003,Your Recovery After Cesarean Birth,childbirth,21,3,ne,"पर्याप्त पानी पिउनुहोस् र निकै मात्ामा ताजा फल, सब्जी, र मोटो अन्न खानुहोस्।",76,62,0
SENT_0002304,CB_003,Your Recovery After Cesarean Birth,childbirth,22,1,ne,• तपाईंलाई पिसाब फेर्नमा समस्ा हुन्छ भने आफनो नर्सलाई भन्नुहोस्।,64,54,0
SENT_0002305,CB_003,Your Recovery After Cesarean Birth,childbirth,24,1,en,• Deep breathe and cough every two hours to prevent breathing problems.,71,0,58
SENT_0002306,CB_003,Your Recovery After Cesarean Birth,childbirth,24,2,en,Hold a pillow or folded blanket over your incision when you cough to lessen the pain.,85,0,69
SENT_0002307,CB_003,Your Recovery After Cesarean Birth,childbirth,25,1,en,• Ask the staff for help the first few times you get out of bed.,64,0,48
SENT_0002308,CB_003,Your Recovery After Cesarean Birth,childbirth,26,1,en,• Sit up for a couple of minutes before you start to walk.,58,0,44
SENT_0002309,CB_003,Your Recovery After Cesarean Birth,childbirth,26,2,en,"If you feel light headed or dizzy while in the bathroom, pull the emergency call light on the bathroom wall for help.",117,0,94
SENT_0002310,CB_003,Your Recovery After Cesarean Birth,childbirth,27,1,en,• Walk in the hallways 3 to 4 times a day.,42,0,28
SENT_0002311,CB_003,Your Recovery After Cesarean Birth,childbirth,28,1,en,Slowly increase your activity as you are able.,46,0,38
SENT_0002312,CB_003,Your Recovery After Cesarean Birth,childbirth,29,1,en,Diet You may feel tired and hungry.,35,0,28
SENT_0002313,CB_003,Your Recovery After Cesarean Birth,childbirth,29,2,en,You will get fluids through an IV (intravenous) in your hand or arm until you are drinking well.,96,0,76
SENT_0002314,CB_003,Your Recovery After Cesarean Birth,childbirth,30,1,en,"Once you feel able, you will be given solid food as your doctor allows.",71,0,56
SENT_0002315,CB_003,Your Recovery After Cesarean Birth,childbirth,31,1,en,"If you are nauseous up after surgery, you may be given medicine.",64,0,51
SENT_0002316,CB_003,Your Recovery After Cesarean Birth,childbirth,32,1,en,Pain Control Pain is normal.,28,0,23
SENT_0002317,CB_003,Your Recovery After Cesarean Birth,childbirth,32,2,en,It is the most intense the first 2 to 3 days after surgery.,59,0,44
SENT_0002318,CB_003,Your Recovery After Cesarean Birth,childbirth,32,3,en,Your doctor will order pain medicine for you.,45,0,37
SENT_0002319,CB_003,Your Recovery After Cesarean Birth,childbirth,32,4,en,Ask for pain medicine when you need it.,39,0,31
SENT_0002320,CB_003,Your Recovery After Cesarean Birth,childbirth,33,1,en,"Manage your pain so you can care for yourself, your baby and be active.",71,0,56
SENT_0002321,CB_003,Your Recovery After Cesarean Birth,childbirth,33,2,en,The medicine may not get rid of the pain but it will make it better.,68,0,53
SENT_0002322,CB_003,Your Recovery After Cesarean Birth,childbirth,35,1,ne,• सास फेराइमा समस्ाको रोकथामका लागि हरेक दुई घण्ामा गहिरो सास फेर्नुहोस् र खोक्नुहोस्।,86,72,0
SENT_0002323,CB_003,Your Recovery After Cesarean Birth,childbirth,35,2,ne,खोक्दा हुने दुखाइ कम गर्न चिराको सथानमा सिरानी वा पट्ाइएको कम्बल राख्नुहोस्।,76,65,0
SENT_0002324,CB_003,Your Recovery After Cesarean Birth,childbirth,36,1,ne,• पहिला केहीपटक ओछ्ानबाट उठ्दा स्ाफलाई मद्दत गर्नका लागि भन्नुहोस्।,67,57,0
SENT_0002325,CB_003,Your Recovery After Cesarean Birth,childbirth,37,1,ne,• तपाईं हिँड्न सुरु गर्नुअघि केही मिनेटसम्म ओछ्ानमा नै बस्ुहोस्।,64,54,0
SENT_0002326,CB_003,Your Recovery After Cesarean Birth,childbirth,37,2,ne,शौचालय गएको बेलामा तपाईंलाई भाउन्न भएको वा रिँगटा चलेको अनुभव हुन्छ भने शौचालयको भित्ामा मद्दतका लागि राखिएको आपतकालीन कल लाइट तान्नुहोस्।,138,118,0
SENT_0002327,CB_003,Your Recovery After Cesarean Birth,childbirth,38,1,ne,• दिनमा 3 देखि 4 पटक हलवे-मा हिँड्नुहोस्।,41,30,0
SENT_0002328,CB_003,Your Recovery After Cesarean Birth,childbirth,39,1,ne,विस्तास्तारै सक्षम हुँदैजाँदा आफनो हिँडडूल बढाउँदै लैजानुहोस्।,62,56,0
SENT_0002329,CB_003,Your Recovery After Cesarean Birth,childbirth,40,1,ne,भोजन तपाईंले थाकेको र भोकाएको महसुस गर्न सक्नुहुन्छ।,52,45,0
SENT_0002330,CB_003,Your Recovery After Cesarean Birth,childbirth,40,2,ne,तपाईंले राम्ररी पिउन नथालेसम्म तपाईंको हात वा पाखुरामा आइ.,58,49,0
SENT_0002331,CB_003,Your Recovery After Cesarean Birth,childbirth,41,1,ne,(इन्ट्ाभेनस) मार्फत् तपाईंको शरीरलाई चाहिने द्रव्य पाउनुहुने छ।,63,54,0
SENT_0002332,CB_003,Your Recovery After Cesarean Birth,childbirth,42,1,ne,तपाईं समर्थ भएको महसुस भएपछि तपाईंलाई डक्टरको अनुमतिद्ारा ठोस खाद्य पदार्थ खान दिइने छ।,87,74,0
SENT_0002333,CB_003,Your Recovery After Cesarean Birth,childbirth,43,1,ne,शल्यक्रियापछि तपाईंलाई रिंगटा लागेको स्थितिमा तपाईंलाई औषधि दिइने छ।,68,60,0
SENT_0002334,CB_003,Your Recovery After Cesarean Birth,childbirth,44,1,ne,पीडाा नियन्त्रण पीडा हुनु सामान्य हो।,37,32,0
SENT_0002335,CB_003,Your Recovery After Cesarean Birth,childbirth,44,2,ne,शल्यक्रियाको प्रथम 2 देखि 3 दिनसम्म पीडा अत्यन्ै तीव्र रहन्छ।,61,50,0
SENT_0002336,CB_003,Your Recovery After Cesarean Birth,childbirth,44,3,ne,तपाईंका डक्टरले तपाईंलाई पीडा हर्ने औषधि दिनेछन्।,49,43,0
SENT_0002337,CB_003,Your Recovery After Cesarean Birth,childbirth,44,4,ne,तपाईंलाई आवश्यक पर्दा पीडाहरण औषधी माग्ुहोस्।,45,40,0
SENT_0002338,CB_003,Your Recovery After Cesarean Birth,childbirth,45,1,ne,तपाईंको पीडालाई कम गर्नुहोस् जसबाट तपाईंले आफनो र नानीको स्ाहार गर्नु सक्नुहोस् र सक्रिय हुन सक्नुहोस्।,103,88,0
SENT_0002339,CB_003,Your Recovery After Cesarean Birth,childbirth,46,1,ne,औषधिले दुखाइ हटाउन नसक्ा तर केही फरक त पर्ने नै छ।,50,40,0
SENT_0002340,CB_003,Your Recovery After Cesarean Birth,childbirth,47,1,en,Incision A dressing will be placed over the incision for about 24 hours.,72,0,57
SENT_0002341,CB_003,Your Recovery After Cesarean Birth,childbirth,47,2,en,Your nurse will check the dressing and change it as needed.,59,0,48
SENT_0002342,CB_003,Your Recovery After Cesarean Birth,childbirth,47,3,en,"After the dressing is taken off, you may shower.",48,0,38
SENT_0002343,CB_003,Your Recovery After Cesarean Birth,childbirth,48,1,en,"Tapes, called steri strips, will be placed over the incision.",61,0,49
SENT_0002344,CB_003,Your Recovery After Cesarean Birth,childbirth,48,2,en,Do not pull them off.,21,0,16
SENT_0002345,CB_003,Your Recovery After Cesarean Birth,childbirth,48,3,en,"They may get loose, curl, and fall off on their own.",52,0,39
SENT_0002346,CB_003,Your Recovery After Cesarean Birth,childbirth,48,4,en,"If they have not fallen off in 7 to 10 days, you may remove them.",65,0,46
SENT_0002347,CB_003,Your Recovery After Cesarean Birth,childbirth,49,1,en,Your nurse will show you how to care for your incision before you go home.,74,0,59
SENT_0002348,CB_003,Your Recovery After Cesarean Birth,childbirth,50,1,en,"Watch your incision for signs of infection such as redness, swelling, pain, warmth and drainage.",96,0,78
SENT_0002349,CB_003,Your Recovery After Cesarean Birth,childbirth,51,1,en,"Peri Care Keep the area around your vagina and anus, called the perineal area, clean to prevent infection and stop odor.",120,0,97
SENT_0002350,CB_003,Your Recovery After Cesarean Birth,childbirth,51,2,en,This is called peri care.,25,0,20
SENT_0002351,CB_003,Your Recovery After Cesarean Birth,childbirth,51,3,en,You will be given a plastic bottle to fill with warm water.,59,0,47
SENT_0002352,CB_003,Your Recovery After Cesarean Birth,childbirth,52,1,en,"Each time you use the toilet, use the plastic bottle to squirt warm water over your perineal area.",98,0,79
SENT_0002353,CB_003,Your Recovery After Cesarean Birth,childbirth,52,2,en,Change your sanitary pad each time you use the toilet.,54,0,44
SENT_0002354,CB_003,Your Recovery After Cesarean Birth,childbirth,52,3,en,Wash your hands with soap and water.,36,0,29
SENT_0002355,CB_003,Your Recovery After Cesarean Birth,childbirth,53,1,en,"Showering After the dressing and the catheter in your bladder are removed, you may shower.",90,0,74
SENT_0002356,CB_003,Your Recovery After Cesarean Birth,childbirth,53,2,en,A shower may feel good and help you relax.,42,0,33
SENT_0002357,CB_003,Your Recovery After Cesarean Birth,childbirth,54,1,en,Have someone help you with your first shower.,45,0,37
SENT_0002358,CB_003,Your Recovery After Cesarean Birth,childbirth,55,1,en,Do not take a tub bath because of the risk of infection for 4-6 weeks or until you see your doctor for your follow up visit.,124,0,95
SENT_0002359,CB_003,Your Recovery After Cesarean Birth,childbirth,56,1,ne,चिराा चिरामाथि करिब 24 घण्ाका लागि पट्ी बाँधिने छ।,50,40,0
SENT_0002360,CB_003,Your Recovery After Cesarean Birth,childbirth,57,1,ne,तपाईंको नर्सले पट्ीको जाँच गर्नेछ र आवश्यक भए फेर्ने छ।,55,46,0
SENT_0002361,CB_003,Your Recovery After Cesarean Birth,childbirth,57,2,ne,पट्ी निकालिएपछि तपाईं नुहाउन सक्नुहुन्छ।,40,36,0
SENT_0002362,CB_003,Your Recovery After Cesarean Birth,childbirth,58,1,ne,स्ेरी स्ट्रिप्स नामक टेपहरू चिरामाथि टाँसिने छन्।,49,43,0
SENT_0002363,CB_003,Your Recovery After Cesarean Birth,childbirth,59,1,ne,तिनलाई नतान्नुहोला।,19,18,0
SENT_0002364,CB_003,Your Recovery After Cesarean Birth,childbirth,59,2,ne,"ती खुकुला हुनेछन्, बटारिने छन्, र आफै झर्ने छन्।",48,38,0
SENT_0002365,CB_003,Your Recovery After Cesarean Birth,childbirth,60,1,ne,आफै झरेनन् भने तपाईं तिनलाई निकालन सक्नुहुन्छ।,46,40,0
SENT_0002366,CB_003,Your Recovery After Cesarean Birth,childbirth,61,1,ne,तपाईं घर फर्कनुअघि नर्सले चिराको स्ाहार कसरी गर्ने भनी बताउनेछन्।,65,56,0
SENT_0002367,CB_003,Your Recovery After Cesarean Birth,childbirth,62,1,ne,"चिरामा रातोपन, सुन्निएको, दुखेको, तातिएको र पानी बगेको जस्ता संक्रमणका लक्षणहरूमाथि नजर राख्नुहोस्।",99,84,0
SENT_0002368,CB_003,Your Recovery After Cesarean Birth,childbirth,63,1,ne,पेरी स्यााहाार संक्रमण र दुर्गन्ध रोक्नका लागि पेरिनियल एरियाा भनिने तपाईंको योनी र गुदद्ार वरिपरिको सथानलाई सफा राख्नुहोस्।,124,107,0
SENT_0002369,CB_003,Your Recovery After Cesarean Birth,childbirth,63,2,ne,यसलाई पेरि केयर भनिन्छ।,23,20,0
SENT_0002370,CB_003,Your Recovery After Cesarean Birth,childbirth,64,1,ne,तपाईंलाई न्यानो पानी भर्नका लागि एउटा प्लास्टिक बोतल दिइनेछ।,60,52,0
SENT_0002371,CB_003,Your Recovery After Cesarean Birth,childbirth,65,1,ne,तपाईंले हरेकपल्ट शौचालयको प्रयोग गर्दा आफनो पेरिनियल भागमा न्यानो पानी छर्कनका लागि प्लास्टिक बोतलको प्रयोग गर्नुहोस्।,118,103,0
SENT_0002372,CB_003,Your Recovery After Cesarean Birth,childbirth,65,2,ne,हरेकपटक शौचालयको प्रयोग गरेपछि आफनो स्यानिटरी न्यापकिन बदलिनुहोस्।,66,59,0
SENT_0002373,CB_003,Your Recovery After Cesarean Birth,childbirth,65,3,ne,आफना हात साबुन र पानीले धुनुहोस्।,33,28,0
SENT_0002374,CB_003,Your Recovery After Cesarean Birth,childbirth,66,1,ne,नुहााइ पट्ी र तपाईंको मूत्ाशयमा क्ाथेटर हटाइएपछि तपाईं नुहाउन सक्नुहुन्छ।,73,64,0
SENT_0002375,CB_003,Your Recovery After Cesarean Birth,childbirth,66,2,ne,नुहाएपछि तपाईंले राम्रो महसुस गर्नुहुनेछ र आराम पाउनमा मद्दत मिल्नेछ।,69,60,0
SENT_0002376,CB_003,Your Recovery After Cesarean Birth,childbirth,66,3,ne,पहिलेपटक नुहाउँदा कसैको मद्दत लिनुहोस्।,39,35,0
SENT_0002377,CB_003,Your Recovery After Cesarean Birth,childbirth,67,1,ne,संक्रमणको जोखिम हुने हुँदा 4-6 सातासम्म वा अनुगमन भिजिटका लागि डक्टरलाई भेट्न नजानुहुँदासम्म टब बाथ नलिनुहोलाा।,111,93,0
SENT_0002378,CB_003,Your Recovery After Cesarean Birth,childbirth,68,1,en,Going Home from the Hospital Your nurse will help you prepare to go home with your baby.,88,0,71
SENT_0002379,CB_003,Your Recovery After Cesarean Birth,childbirth,68,2,en,Information will be given to you on how to care for yourself and your baby.,75,0,60
SENT_0002380,CB_003,Your Recovery After Cesarean Birth,childbirth,69,1,en,Your care may include:,22,0,18
SENT_0002381,CB_003,Your Recovery After Cesarean Birth,childbirth,70,1,en,• Limit climbing stairs to 1-2 times each day.,46,0,33
SENT_0002382,CB_003,Your Recovery After Cesarean Birth,childbirth,71,1,en,• Lift not lift anything heavier than 10 pounds.,48,0,36
SENT_0002383,CB_003,Your Recovery After Cesarean Birth,childbirth,72,1,en,• Get help doing housework for at least 2 weeks.,48,0,36
SENT_0002384,CB_003,Your Recovery After Cesarean Birth,childbirth,73,1,en,• Do not drive a car for at least 2 weeks.,42,0,29
SENT_0002385,CB_003,Your Recovery After Cesarean Birth,childbirth,74,1,en,• Do not have sexual relations until approved by your doctor.,61,0,49
SENT_0002386,CB_003,Your Recovery After Cesarean Birth,childbirth,74,2,en,Talk to your doctor about birth control.,40,0,33
SENT_0002387,CB_003,Your Recovery After Cesarean Birth,childbirth,74,3,en,Breastfeeding does not prevent you from becoming pregnant.,58,0,50
SENT_0002388,CB_003,Your Recovery After Cesarean Birth,childbirth,75,1,en,• Do not go back to work until approved by your doctor.,55,0,42
SENT_0002389,CB_003,Your Recovery After Cesarean Birth,childbirth,76,1,en,Call your doctor right away if you have:,40,0,32
SENT_0002390,CB_003,Your Recovery After Cesarean Birth,childbirth,77,1,en,• A fever over 101 degrees F or 38 degrees C,44,0,28
SENT_0002391,CB_003,Your Recovery After Cesarean Birth,childbirth,78,1,en,"• Signs of a breast infection such as fever, tenderness, redness, or a hot, hardened area, on one or both breasts",113,0,87
SENT_0002392,CB_003,Your Recovery After Cesarean Birth,childbirth,79,1,en,• Heavy vaginal bleeding where you soak one sanitary pad per hour for 2 hours or have large blood clots,103,0,82
SENT_0002393,CB_003,Your Recovery After Cesarean Birth,childbirth,80,1,en,• Foul smelling vaginal discharge.,34,0,28
SENT_0002394,CB_003,Your Recovery After Cesarean Birth,childbirth,81,1,en,"• Problems urinating including trouble starting, burning or pain",64,0,54
SENT_0002395,CB_003,Your Recovery After Cesarean Birth,childbirth,82,1,ne,अस्पताालबााट घर फर्काइ तपाईं आफनो नानीसँग घर फर्कने तयारीमा तपाईंको नर्सले मद्दत गर्नेछन्।,90,78,0
SENT_0002396,CB_003,Your Recovery After Cesarean Birth,childbirth,82,2,ne,तपाईंले आफनो र नानीको स्ाहार कसरी गर्ने भन्ने विषयमा जानकारी दिइने छ।,69,58,0
SENT_0002397,CB_003,Your Recovery After Cesarean Birth,childbirth,83,1,ne,तपााईंको स्यााहाारमाा साामेल हुनेछन्:,37,33,0
SENT_0002398,CB_003,Your Recovery After Cesarean Birth,childbirth,84,1,ne,• भऱयाङ्ग चढ्ने काम दिनमा 1-2 पटकमा नै सीमित राख्नुहोस्।,56,43,0
SENT_0002399,CB_003,Your Recovery After Cesarean Birth,childbirth,85,1,ne,• 10 पाउन्डभन्ा बढी वजन नउठाउनुहोस्।,36,28,0
SENT_0002400,CB_003,Your Recovery After Cesarean Birth,childbirth,86,1,ne,• कम्ति 2 सातासम्म घरको कामकाजका लागि मद्दत लिनुहोस्।,53,43,0
SENT_0002401,CB_003,Your Recovery After Cesarean Birth,childbirth,87,1,ne,• कम्तिमा 2 सातासम्म कार नहाँक्नुहोस्।,38,31,0
SENT_0002402,CB_003,Your Recovery After Cesarean Birth,childbirth,88,1,ne,• डक्टरले स्ीकृति नदिएसम्म यौन सम्बन्ध नबनाउनुहोस्।,51,44,0
SENT_0002403,CB_003,Your Recovery After Cesarean Birth,childbirth,88,2,ne,जन्म नियन्त्रणको बारेमा आफनो डक्टरसित कुरा गर्नुहोस्।,53,47,0
SENT_0002404,CB_003,Your Recovery After Cesarean Birth,childbirth,88,3,ne,स्तनपान गराउनाले तपाईंलाई गर्भवती हुनबाट रोक्न सक्दैन।,54,48,0
SENT_0002405,CB_003,Your Recovery After Cesarean Birth,childbirth,89,1,ne,• डक्टरले अनुमति नदिएसम्म काममा वापस नजानुहोस्।,47,40,0
SENT_0002406,CB_003,Your Recovery After Cesarean Birth,childbirth,90,1,ne,तपााईंलााई यीमध्े कुनै समस्याा हुन्छ भने तुरुन्ै डक्टरलााई कल गर्नुहोस्:,72,62,0
SENT_0002407,CB_003,Your Recovery After Cesarean Birth,childbirth,91,1,ne,• 101 डिग्ी फेरनहाइट वा 38 डिग्ी सेल्सियसभन्ा बढीको ज्वरो आएमा,62,46,0
SENT_0002408,CB_003,Your Recovery After Cesarean Birth,childbirth,92,1,ne,"• स्तन संक्रमणका लक्षणहरू जस्तै ज्वरो आउनु, एक वा दुवै स्तनहरू नरम हुनु, रातो हुनु, वा गरम, र कडा हुनु",102,78,0
SENT_0002409,CB_003,Your Recovery After Cesarean Birth,childbirth,93,1,ne,• योनीबाट धेरै रक्तस्ाव जब 2 घण्ासम्म हरेक घण्ा एउटा स्यानिटरी प्ाड भिज्छ वा रगतका ठूला चाकाहरू निस्कन्छन्,106,87,0
SENT_0002410,CB_003,Your Recovery After Cesarean Birth,childbirth,94,1,ne,• योनीबाट दुर्गन्धपूर्ण स्ाव।,29,25,0
SENT_0002411,CB_003,Your Recovery After Cesarean Birth,childbirth,95,1,ne,"• पिसाब फेर्नमा कठिनाइ, जलन वा पीडा समेतका समस्ाहरू",51,41,0
SENT_0002412,CB_003,Your Recovery After Cesarean Birth,childbirth,96,1,en,"© 2007 - December 2, 2020, Health Information Translations.",59,0,37
SENT_0002413,CB_003,Your Recovery After Cesarean Birth,childbirth,97,1,en,a result of your stopping medical treatment or your failure to obtain treatment.,80,0,67
SENT_0002414,CB_003,Your Recovery After Cesarean Birth,childbirth,98,1,en,• No bowel movements for 3 days,31,0,23
SENT_0002415,CB_003,Your Recovery After Cesarean Birth,childbirth,99,1,en,"• A hot, hard spot in your leg or pain in our lower leg",55,0,40
SENT_0002416,CB_003,Your Recovery After Cesarean Birth,childbirth,100,1,en,• Severe pain or pain that gets worse,37,0,29
SENT_0002417,CB_003,Your Recovery After Cesarean Birth,childbirth,101,1,en,• Headache not helped by medicine,33,0,27
SENT_0002418,CB_003,Your Recovery After Cesarean Birth,childbirth,102,1,en,• Severe pain in the stomach or upper abdomen,45,0,36
SENT_0002419,CB_003,Your Recovery After Cesarean Birth,childbirth,103,1,en,"• A headache, blurred vision or spots before your eyes that will not go away",76,0,60
SENT_0002420,CB_003,Your Recovery After Cesarean Birth,childbirth,104,1,en,"• Feelings of being very sad, having crying spells or mood swings that last longer than 2 weeks Call your doctor the first few days after your get home to schedule a follow up visit in 4 to 6 weeks.",198,0,153
SENT_0002421,CB_003,Your Recovery After Cesarean Birth,childbirth,104,2,en,Talk to your doctor or nurse if you have any questions or concerns.,67,0,54
SENT_0002422,CB_003,Your Recovery After Cesarean Birth,childbirth,105,1,en,Call 911 if you have:,21,0,13
SENT_0002423,CB_003,Your Recovery After Cesarean Birth,childbirth,106,1,en,"• Chest pain, trouble breathing, or a seizure.",46,0,35
SENT_0002424,CB_003,Your Recovery After Cesarean Birth,childbirth,107,1,en,• Heavy bleeding that won’t stop.,33,0,25
SENT_0002425,CB_003,Your Recovery After Cesarean Birth,childbirth,108,1,en,• Thoughts of harming yourself or others.,41,0,33
SENT_0002426,CB_003,Your Recovery After Cesarean Birth,childbirth,109,1,en,• Any other medical emergency,29,0,24
SENT_0002427,CB_003,Your Recovery After Cesarean Birth,childbirth,110,1,ne,• 3 दिनसम्म दिसा नहुनु,22,16,0
SENT_0002428,CB_003,Your Recovery After Cesarean Birth,childbirth,111,1,ne,"• तपाईंको खुट्ामा तातो, कडा सथान वा तपाईंको तल्ो खुट्ामा पीडा",61,49,0
SENT_0002429,CB_003,Your Recovery After Cesarean Birth,childbirth,112,1,ne,• गम्ीर पीडा वा पीडा जो झनै धेरै हुँदै जान्छ,44,34,0
SENT_0002430,CB_003,Your Recovery After Cesarean Birth,childbirth,113,1,ne,• औषधि खाँदापनि निको नहुने टाउको दुखाइ,38,31,0
SENT_0002431,CB_003,Your Recovery After Cesarean Birth,childbirth,114,1,ne,• पेट वा माथिल्ो पेटमा गम्ीर पीडा,33,26,0
SENT_0002432,CB_003,Your Recovery After Cesarean Birth,childbirth,115,1,ne,"• निको नहुने टाउको दुखाइ, धमिलो देखिनु वा आँखाअगाडि दागहरू देखिनु",65,53,0
SENT_0002433,CB_003,Your Recovery After Cesarean Birth,childbirth,116,1,ne,"• दुखित महसुस गर्नु, रूवाई छुट्नु वा मूड स्विङ्ग जो 2 साताभन्ा धेरै समय रहन्छ तपाईं घर फर्केपछि प्रथम केही दिनमा 4 देखि 6 सातापछिको अनुगमन भिजिटका लागि डक्टरलाई कल गर्नुहोस्।",174,139,0
SENT_0002434,CB_003,Your Recovery After Cesarean Birth,childbirth,116,2,ne,"तपाईंसित कुनै प्रश्नहरू वा चिन्ाहरू छन् भने, तपाईंको डक्टर वा नर्सित यसबारे कुरा गर्नुहोस्।",91,77,0
SENT_0002435,CB_003,Your Recovery After Cesarean Birth,childbirth,118,1,ne,"• छाती दुख्दछ , सास फेर्न कठिनाइ हुन्छ वा मूर्च्छना आउँछ।",57,45,0
SENT_0002436,CB_003,Your Recovery After Cesarean Birth,childbirth,119,1,ne,• नरोक्किइकन भारी रक्तस्ाव हुन्छ।,33,28,0
SENT_0002437,CB_003,Your Recovery After Cesarean Birth,childbirth,120,1,ne,• आफैलाई वा अरूलाई हानी पुऱयाउने विचारहरू आउँछन्।,49,41,0
SENT_0002438,CB_003,Your Recovery After Cesarean Birth,childbirth,121,1,ne,• अन्य कुनै चिकित्ा आपतकालको स्थितिमा।,38,32,0
SENT_0002439,CB_004,Your Recovery After Vaginal Birth,childbirth,2,1,en,"After you give birth, a nurse will check you and answer any questions you may have.",83,0,66
SENT_0002440,CB_004,Your Recovery After Vaginal Birth,childbirth,3,1,en,"During your stay, the nurses will teach you how to care for yourself and your baby.",83,0,66
SENT_0002441,CB_004,Your Recovery After Vaginal Birth,childbirth,4,1,en,Changes in Your Body A nurse will feel your abdomen to check your uterus while you are in the hospital.,103,0,83
SENT_0002442,CB_004,Your Recovery After Vaginal Birth,childbirth,4,2,en,"If your uterus is soft, your nurse will rub your abdomen to help the uterus become firm.",88,0,70
SENT_0002443,CB_004,Your Recovery After Vaginal Birth,childbirth,5,1,en,"During this time, it is normal to have cramping or “afterbirth pains” as your uterus gets back to its regular size.",115,0,91
SENT_0002444,CB_004,Your Recovery After Vaginal Birth,childbirth,5,2,en,This cramping also helps prevent heavy bleeding.,48,0,41
SENT_0002445,CB_004,Your Recovery After Vaginal Birth,childbirth,5,3,en,Women often have afterbirth pains for a few days after delivery.,64,0,53
SENT_0002446,CB_004,Your Recovery After Vaginal Birth,childbirth,5,4,en,You may feel very strong afterbirth pains if you have a full bladder and during breastfeeding.,94,0,78
SENT_0002447,CB_004,Your Recovery After Vaginal Birth,childbirth,6,1,en,"After giving birth, you will have vaginal bleeding, called lochia.",66,0,54
SENT_0002448,CB_004,Your Recovery After Vaginal Birth,childbirth,6,2,en,"During the first few days, the bleeding may be like a heavy menstrual period and you may pass small blood clots.",112,0,90
SENT_0002449,CB_004,Your Recovery After Vaginal Birth,childbirth,6,3,en,The bleeding will decease and get lighter in color.,51,0,42
SENT_0002450,CB_004,Your Recovery After Vaginal Birth,childbirth,6,4,en,Women can have discharge for up to 4 to 6 weeks.,48,0,35
SENT_0002451,CB_004,Your Recovery After Vaginal Birth,childbirth,6,5,en,Use sanitary pads instead of tampons during this time.,54,0,45
SENT_0002452,CB_004,Your Recovery After Vaginal Birth,childbirth,7,1,en,Your breasts will fill with milk 3 to 5 days after you give birth.,66,0,50
SENT_0002453,CB_004,Your Recovery After Vaginal Birth,childbirth,7,2,en,They may leak at times.,23,0,18
SENT_0002454,CB_004,Your Recovery After Vaginal Birth,childbirth,8,1,en,Your breasts may be tender and become firm.,43,0,35
SENT_0002455,CB_004,Your Recovery After Vaginal Birth,childbirth,8,2,en,"If you are breastfeeding, do it regularly and avoid missed feedings.",68,0,56
SENT_0002456,CB_004,Your Recovery After Vaginal Birth,childbirth,8,3,en,"If you are not breastfeeding, wear a supportive bra, but do not bind your breasts.",82,0,65
SENT_0002457,CB_004,Your Recovery After Vaginal Birth,childbirth,9,1,ne,प्रसवपछि नर्सले तपाईंको जाँच गर्नेछन् र तपाईंका कुनैपनि प्रश्नको जबाफ दिनेछन्।,78,68,0
SENT_0002458,CB_004,Your Recovery After Vaginal Birth,childbirth,9,2,ne,"तपाईंको अस्पताल निवासको बेलामा, नर्सहरूले तपाईंलाई आफनो र आफनो नानीको स्ाहार कसरी गर्ने हो भनी सिकाउनेछन्।",106,90,0
SENT_0002459,CB_004,Your Recovery After Vaginal Birth,childbirth,10,1,ne,तपाईंको शरीरमा हुने परिवर्तनहरू तपाईं अस्पतालमा रहँदा नर्सले तपाईंको गर्भाशयको जाँच गर्न तपाईंको पेट छामेर हेर्नेछन्।,117,102,0
SENT_0002460,CB_004,Your Recovery After Vaginal Birth,childbirth,10,2,ne,तपाईंको गर्भाशय नरम छ भने नर्सले गर्भाशयलाई कडा पार्न मद्दत गर्नका लागि तपाईंको पेटलाई मुसार्नेछन्।,99,85,0
SENT_0002461,CB_004,Your Recovery After Vaginal Birth,childbirth,11,1,ne,"यतिबेला, तपाईंको गर्भाशय आफनो नियमित आकारमा फर्कँदै गर्दा पेट ऐँठăनु वा “प्रसुतिपछिको पीडा” हुनु सामान्य कुरा हो।",113,93,0
SENT_0002462,CB_004,Your Recovery After Vaginal Birth,childbirth,11,2,ne,यस्ो ऐँठăनले धेरै रक्तस्ाव रोक्नमा मद्दत पनि गर्छ।,50,42,0
SENT_0002463,CB_004,Your Recovery After Vaginal Birth,childbirth,11,3,ne,महिलाहरूलाई प्रसवका केही दिनपछि प्रायः प्रसवपछिको पीडा हुने गर्दछ।,66,58,0
SENT_0002464,CB_004,Your Recovery After Vaginal Birth,childbirth,11,4,ne,तपाईंको पिसाबको थैली भरिएको बेलामा र स्तनपान गराउँदा तपाईंले प्रसवपछिको साह्ै कडा पीडा महसुस गर्न सक्नुहुन्छ।,109,94,0
SENT_0002465,CB_004,Your Recovery After Vaginal Birth,childbirth,12,1,ne,प्रसवपछि तपाईंको योनीबाट रक्तस्ाव हुनेछ जसलाई लोचिया (lochia) भनिन्छ।,69,53,6
SENT_0002466,CB_004,Your Recovery After Vaginal Birth,childbirth,12,2,ne,प्रथम केही दिनहरूमा रक्तस्ाव धेरै मासिक धर्म भएको जस्ो हुनेछ र रगतका साना चाकाहरू निस्कनेछन्।,93,79,0
SENT_0002467,CB_004,Your Recovery After Vaginal Birth,childbirth,12,3,ne,रक्तस्ाव घट्दै जानेछ र हल्ा रङको हुँदै जानेछ।,45,38,0
SENT_0002468,CB_004,Your Recovery After Vaginal Birth,childbirth,12,4,ne,महिलाहरूमा यो स्ाव 4 देखि 6 सातासम्म हुन सक्छ।,46,36,0
SENT_0002469,CB_004,Your Recovery After Vaginal Birth,childbirth,12,5,ne,यो समयमा लुगा वा रुई लगाउनुको साटो स्यानिटरी प्ाडहरूको प्रयोग गर्नुहोस्।,72,62,0
SENT_0002470,CB_004,Your Recovery After Vaginal Birth,childbirth,13,1,ne,तपाईंले नानी जन्ाएको 3 देखि 5 दिनमा तपाईंका स्तनहरूमा दुध भरिनेछ।,65,53,0
SENT_0002471,CB_004,Your Recovery After Vaginal Birth,childbirth,13,2,ne,कहिलेकाहिँ ती चुहुने छन्।,25,22,0
SENT_0002472,CB_004,Your Recovery After Vaginal Birth,childbirth,13,3,ne,तपाईंका स्तनहरू नाजुक र कडा हुनेछन्।,36,31,0
SENT_0002473,CB_004,Your Recovery After Vaginal Birth,childbirth,13,4,ne,स्तनपान गराउँदै हुनुहुन्छ भने नियमित रूपमा गराउनुहोस् र स्तनपान गराउन नचुक्नुहोस्।,82,72,0
SENT_0002474,CB_004,Your Recovery After Vaginal Birth,childbirth,13,5,ne,"स्तनपान गराइराख्नुभएको छैन भने सहायक ब्ा पहिरिनुहोस्, तर आफना स्तनहरूलाई नबाँध्नुहोस्।",86,75,0
SENT_0002475,CB_004,Your Recovery After Vaginal Birth,childbirth,14,1,en,You may have constipation.,26,0,22
SENT_0002476,CB_004,Your Recovery After Vaginal Birth,childbirth,14,2,en,A stool softener or laxative may be ordered by your doctor.,59,0,48
SENT_0002477,CB_004,Your Recovery After Vaginal Birth,childbirth,15,1,en,"Eat foods that are high in fiber (fruits, vegetables, whole-grains) and drink plenty of water.",94,0,74
SENT_0002478,CB_004,Your Recovery After Vaginal Birth,childbirth,16,1,en,Tell your doctor or nurse if you have problems urinating.,57,0,47
SENT_0002479,CB_004,Your Recovery After Vaginal Birth,childbirth,18,1,en,• Ask the staff for help the first few times you get out of bed.,64,0,48
SENT_0002480,CB_004,Your Recovery After Vaginal Birth,childbirth,19,1,en,• Sit up for a couple of minutes before you start to walk.,58,0,44
SENT_0002481,CB_004,Your Recovery After Vaginal Birth,childbirth,20,1,en,"• If you feel light headed or dizzy while in the bathroom, pull the emergency call light on the bathroom wall for help.",119,0,94
SENT_0002482,CB_004,Your Recovery After Vaginal Birth,childbirth,21,1,en,• Walk in the hallways 3 to 4 times a day for 5 to 10 minutes.,62,0,40
SENT_0002483,CB_004,Your Recovery After Vaginal Birth,childbirth,21,2,en,Slowly increase your activity over the next several weeks.,58,0,49
SENT_0002484,CB_004,Your Recovery After Vaginal Birth,childbirth,22,1,en,Make sure to rest often.,24,0,19
SENT_0002485,CB_004,Your Recovery After Vaginal Birth,childbirth,23,1,en,Diet You may feel tired and hungry.,35,0,28
SENT_0002486,CB_004,Your Recovery After Vaginal Birth,childbirth,23,2,en,You will get fluids through an IV (intravenous) in your hand or arm until you are drinking well.,96,0,76
SENT_0002487,CB_004,Your Recovery After Vaginal Birth,childbirth,23,3,en,Drink plenty of fluids.,23,0,19
SENT_0002488,CB_004,Your Recovery After Vaginal Birth,childbirth,23,4,en,You will be offered light food at first and then you can eat your normal diet.,78,0,62
SENT_0002489,CB_004,Your Recovery After Vaginal Birth,childbirth,24,1,en,Manage Pain Pain and cramping are normal.,41,0,34
SENT_0002490,CB_004,Your Recovery After Vaginal Birth,childbirth,24,2,en,"If you have stitches, they may cause burning or stinging.",57,0,46
SENT_0002491,CB_004,Your Recovery After Vaginal Birth,childbirth,25,1,en,Ask for pain medicine when you need it.,39,0,31
SENT_0002492,CB_004,Your Recovery After Vaginal Birth,childbirth,26,1,en,"The medicine may not get rid of your pain, but it will make it better.",70,0,54
SENT_0002493,CB_004,Your Recovery After Vaginal Birth,childbirth,26,2,en,Manage your pain so you can care for yourself and be active.,60,0,48
SENT_0002494,CB_004,Your Recovery After Vaginal Birth,childbirth,27,1,ne,तपाईंलाई कब्जियत हुन सक्छ।,26,23,0
SENT_0002495,CB_004,Your Recovery After Vaginal Birth,childbirth,27,2,ne,तपाईंका डक्टरले दिसा नरम पार्ने वा ल्ाक्सेटिभ दिन सक्छन्।,57,49,0
SENT_0002496,CB_004,Your Recovery After Vaginal Birth,childbirth,28,1,ne,"उच्च फाइबरयुक्त खानाहरू (फल, सब्जी, साबुत अन्नहरू) खानुहोस् र पर्याप्त मात्ामा पानी पिउनुहोस्।",94,78,0
SENT_0002497,CB_004,Your Recovery After Vaginal Birth,childbirth,29,1,ne,तपाईंलाई पिसाब फेर्नमा केही समस्ा छ भने आफना डक्टर वा नर्सलाई भन्नुहोस्।,72,61,0
SENT_0002498,CB_004,Your Recovery After Vaginal Birth,childbirth,31,1,ne,• पहिला केहीपटक ओछ्ानबाट उठ्दा स्टाफलाई मद्दत गर्नका लागि भन्नुहोस्।,68,58,0
SENT_0002499,CB_004,Your Recovery After Vaginal Birth,childbirth,32,1,ne,• तपाईं हिँड्न सुरु गर्नुअघि केही मिनेटसम्म ओछ्ानमा नै बस्ुहोस्।,64,54,0
SENT_0002500,CB_004,Your Recovery After Vaginal Birth,childbirth,33,1,ne,• शौचालय गएको बेलामा तपाईंलाई भाउन्न भएको वा रिँगटा चलेको अनुभव हुन्छ भने शौचालयको भित्ामा मद्दतका लागि राखिएको आपतकालीन कल लाइट तान्नुहोस्।,140,118,0
SENT_0002501,CB_004,Your Recovery After Vaginal Birth,childbirth,34,1,ne,• दिनमा 3 देखि 4 पटक 5 देखि 10 मिनेटसम्म दलानमा हिँड्नुहोस्।,60,43,0
SENT_0002502,CB_004,Your Recovery After Vaginal Birth,childbirth,34,2,ne,आगामी केही साताहरूमा आफनो गतिविधिलाई विस्ारै बढाउनुहोस्।,56,50,0
SENT_0002503,CB_004,Your Recovery After Vaginal Birth,childbirth,34,3,ne,समय- समयमा आराम गर्ने कुरा सुनिश्चित गर्नुहोस्।,47,40,0
SENT_0002504,CB_004,Your Recovery After Vaginal Birth,childbirth,35,1,ne,भोजन तपाईंले थाकेको र भोकाएको महसुस गर्न सक्नुहुन्छ।,52,45,0
SENT_0002505,CB_004,Your Recovery After Vaginal Birth,childbirth,36,1,ne,तपाईंले राम्ररी पिउन नथालेसम्म तपाईंको हात वा पाखुरामा आइ.,58,49,0
SENT_0002506,CB_004,Your Recovery After Vaginal Birth,childbirth,36,2,ne,(इन्ट्ाभेनस) मार्फत् तपाईंको शरीरलाई चाहिने द्रव्य पाउनुहुने छ।,63,54,0
SENT_0002507,CB_004,Your Recovery After Vaginal Birth,childbirth,36,3,ne,पर्याप्त मात्ामा पेय पदार्थ पिउनुहोस्।,38,34,0
SENT_0002508,CB_004,Your Recovery After Vaginal Birth,childbirth,36,4,ne,पहिला तपाईंलाई हल्ा भोजन दिइनेछ अनि त्यसपछि तपाईंले सामान्य भोजन खान सक्नुहुन्छ।,80,69,0
SENT_0002509,CB_004,Your Recovery After Vaginal Birth,childbirth,37,1,ne,पीडा प्रबन्धन पीडा र ऐँठăन सामान्य हुन्छन्।,43,36,0
SENT_0002510,CB_004,Your Recovery After Vaginal Birth,childbirth,37,2,ne,तपाईंलाई टाँकाहरू लगाइएका छन् भने त्यसमा जलन वा घोँचाइ हुन सक्छ।,64,54,0
SENT_0002511,CB_004,Your Recovery After Vaginal Birth,childbirth,37,3,ne,तपाईंलाई आवश्यक पर्दा पीडाहरण औषधी माग्नुहोस्।,46,41,0
SENT_0002512,CB_004,Your Recovery After Vaginal Birth,childbirth,37,4,ne,"औषधीले तपाईंको पीडा पूर्णतया हरण नगर्ला, तर तपाईंलाई बढी राम्रो महसुस हुनेछ।",76,64,0
SENT_0002513,CB_004,Your Recovery After Vaginal Birth,childbirth,37,5,ne,तपाईंलाई हुने पीडाको प्रबन्धन गर्नुहोस् जसबाट तपाईं आफनो ध्ान राखेर सक्रिय हुन सक्नुहोस्।,89,77,0
SENT_0002514,CB_004,Your Recovery After Vaginal Birth,childbirth,38,1,en,"The perineal area, or perineum, is the area between your vagina and anus.",73,0,58
SENT_0002515,CB_004,Your Recovery After Vaginal Birth,childbirth,38,2,en,"It may tear during vaginal birth or be cut at the vagina to help your baby come out, called an episiotomy.",106,0,84
SENT_0002516,CB_004,Your Recovery After Vaginal Birth,childbirth,38,3,en,"If stitches are needed to repair the area, they do not need removed.",68,0,54
SENT_0002517,CB_004,Your Recovery After Vaginal Birth,childbirth,39,1,en,To manage pain in the perineum:,31,0,25
SENT_0002518,CB_004,Your Recovery After Vaginal Birth,childbirth,40,1,en,• Place an ice pack on your perineal area the first day for short amounts of time to decrease pain and swelling.,112,0,89
SENT_0002519,CB_004,Your Recovery After Vaginal Birth,childbirth,41,1,en,• Use a sitz bath to relieve discomfort.,40,0,31
SENT_0002520,CB_004,Your Recovery After Vaginal Birth,childbirth,42,1,en,Sitz baths are portable bowls that fit on top of the toilet seat and can be filled with warm water.,99,0,79
SENT_0002521,CB_004,Your Recovery After Vaginal Birth,childbirth,42,2,en,"Soak the perineal area in the water for 15 to 20 minutes, or as recommended.",76,0,56
SENT_0002522,CB_004,Your Recovery After Vaginal Birth,childbirth,42,3,en,Gently pat dry with toilet paper.,33,0,27
SENT_0002523,CB_004,Your Recovery After Vaginal Birth,childbirth,42,4,en,Use the sitz bath several times a day.,38,0,30
SENT_0002524,CB_004,Your Recovery After Vaginal Birth,childbirth,43,1,en,• Take a warm bath.,19,0,13
SENT_0002525,CB_004,Your Recovery After Vaginal Birth,childbirth,43,2,en,Baths can be started 24 hours after giving birth.,49,0,38
SENT_0002526,CB_004,Your Recovery After Vaginal Birth,childbirth,43,3,en,Do not use bubble bath or perfumed soaps.,41,0,33
SENT_0002527,CB_004,Your Recovery After Vaginal Birth,childbirth,44,1,en,• Hemorrhoids are common in pregnancy and after delivery.,57,0,47
SENT_0002528,CB_004,Your Recovery After Vaginal Birth,childbirth,44,2,en,"Apply a topical medicine, such as a spray, cream or witch hazel pads, to help relieve rectal pain.",98,0,77
SENT_0002529,CB_004,Your Recovery After Vaginal Birth,childbirth,45,1,en,Peri Care Keep the perineal area clean to prevent infection and stop odor.,74,0,61
SENT_0002530,CB_004,Your Recovery After Vaginal Birth,childbirth,45,2,en,This is called peri care.,25,0,20
SENT_0002531,CB_004,Your Recovery After Vaginal Birth,childbirth,45,3,en,You will be given a plastic bottle to fill with warm water.,59,0,47
SENT_0002532,CB_004,Your Recovery After Vaginal Birth,childbirth,45,4,en,"Each time you use the toilet, use the plastic bottle to squirt warm water over your perineal area.",98,0,79
SENT_0002533,CB_004,Your Recovery After Vaginal Birth,childbirth,45,5,en,Gently blot with toilet paper.,30,0,25
SENT_0002534,CB_004,Your Recovery After Vaginal Birth,childbirth,45,6,en,Change your sanitary pad each time you use the toilet or at least every 2 to 4 hours.,85,0,65
SENT_0002535,CB_004,Your Recovery After Vaginal Birth,childbirth,45,7,en,Wash your hands with soap and water.,36,0,29
SENT_0002536,CB_004,Your Recovery After Vaginal Birth,childbirth,46,1,ne,"पेरिनियल भाग, वा पेरिनियम भाग भनेको तपाईंको योनी र मलद्ार बिचको भाग हुन्छ।",74,61,0
SENT_0002537,CB_004,Your Recovery After Vaginal Birth,childbirth,46,2,ne,योनीबाट प्रसवको बेलामा त्यो च्यात्तिएको हुन सक्छ वा शिशुलाई बाहिर आउन मद्दत गर्नका लागि योनीलाई काटिएको हुन सक्छ जसलाई एपिसिओटोमी भनिन्छ।,137,117,0
SENT_0002538,CB_004,Your Recovery After Vaginal Birth,childbirth,46,3,ne,त्यो भागको मर्मतका लागि टाँकाहरू लगाइएका छन् भने तिनलाई निकालनु पर्ने आवश्यकता पर्दैन।,86,74,0
SENT_0002539,CB_004,Your Recovery After Vaginal Birth,childbirth,48,1,ne,• पीडा र सुन्निएकोलाई कम गर्न पहिलो दिन पेरिनिअल भागमा छोटो अवधिका लागि बरफको प्ाक राख्नुहोस्।,94,78,0
SENT_0002540,CB_004,Your Recovery After Vaginal Birth,childbirth,49,1,ne,• अप्ठ्ारो नहोस् भन्नाख ातिर सिट्ज बाथको प्रयोग गर्नुहोस्।,58,49,0
SENT_0002541,CB_004,Your Recovery After Vaginal Birth,childbirth,49,2,ne,सिट्ज बाथ सचल बाउलहरू हुन्छन् जो टयलेट सीटमाथि फिट हुन्छन् र जसमा न्यानो पानी भर्न सकिन्छ।,90,75,0
SENT_0002542,CB_004,Your Recovery After Vaginal Birth,childbirth,49,3,ne,"पेरिनियल भागलाई न्यानो पानी 15 देखि 20 मिनेटसम्म, वा सिफारिस गरिएअनुसार डुबाएर राख्नुहोस्।",90,73,0
SENT_0002543,CB_004,Your Recovery After Vaginal Birth,childbirth,49,4,ne,त्यसपछि त्यो भागलाई टयलेट पेपरले विस्ारै सुकाउनुहोस्।,53,47,0
SENT_0002544,CB_004,Your Recovery After Vaginal Birth,childbirth,49,5,ne,सिट्ज बाथको प्रयोग दिनमा कैयौँपटक गर्नुहोस्।,44,39,0
SENT_0002545,CB_004,Your Recovery After Vaginal Birth,childbirth,50,1,ne,• न्यानो पानीले नुहाउनुहोस्।,28,24,0
SENT_0002546,CB_004,Your Recovery After Vaginal Birth,childbirth,50,2,ne,प्रसवको 24 घण्ापछि नुहाउन सुरु गर्न सकिन्छ।,43,35,0
SENT_0002547,CB_004,Your Recovery After Vaginal Birth,childbirth,50,3,ne,बबल बाथ वा सुगन्धित साबुनले ननुहाउनुहोस्।,41,36,0
SENT_0002548,CB_004,Your Recovery After Vaginal Birth,childbirth,51,1,ne,• गर्भावसथा र प्रसपवछि हेमोर्रोइड्स अर्थात् बेर्नु फर्कनु सामान्य हुन्छन्।,74,64,0
SENT_0002549,CB_004,Your Recovery After Vaginal Birth,childbirth,51,2,ne,"यसमा गुदद्ारमा हुने पीडालाई कम गर्नमा मद्दत गर्ने सामयिक औषधी, जस्ै स्पे, क्रीम वा विच हेजल प्ाडहरू लगाउनुहोस्।",111,92,0
SENT_0002550,CB_004,Your Recovery After Vaginal Birth,childbirth,52,1,ne,पेरी स्ाहार संक्रमण रोकथाम र दुर्गन्ध रोक्नका लागि पेरिनिअल भागलाई सफ्ा राख्नुहोस्।,83,72,0
SENT_0002551,CB_004,Your Recovery After Vaginal Birth,childbirth,52,2,ne,यसलाई पेरि स्ाहार भनिन्छ।,25,22,0
SENT_0002552,CB_004,Your Recovery After Vaginal Birth,childbirth,53,1,ne,तपाईंलाई न्यानो पानी भर्नका लागि एउटा प्लास्टिक बोतल दिइनेछ।,60,52,0
SENT_0002553,CB_004,Your Recovery After Vaginal Birth,childbirth,53,2,ne,तपाईंले हरेकपल्ट शौचालयको प्रयोग गर्दा आफनो पेरिनियल भागमा न्यानो पानी छर्कनका लागि प्लास्टिक बोतलको प्रयोग गर्नुहोस्।,118,103,0
SENT_0002554,CB_004,Your Recovery After Vaginal Birth,childbirth,53,3,ne,त्यसपछि टयलेट पेपरले विस्ारै थपथप्ाएर सुकाउनुहोस्।,50,45,0
SENT_0002555,CB_004,Your Recovery After Vaginal Birth,childbirth,53,4,ne,टयलेटको प्रयोग गरेपछि हरेकपटक वा कम्तिमा 2 देखि 4 घण्ामा आफनो स्यानिटरी प्ाड फेर्नुहोस्।,88,73,0
SENT_0002556,CB_004,Your Recovery After Vaginal Birth,childbirth,53,5,ne,आफना हात साबुन र पानीले धुनुहोस्।,33,28,0
SENT_0002557,CB_004,Your Recovery After Vaginal Birth,childbirth,54,1,en,Showering A shower may feel good and help you relax.,52,0,42
SENT_0002558,CB_004,Your Recovery After Vaginal Birth,childbirth,54,2,en,Have someone help you with the first shower.,44,0,36
SENT_0002559,CB_004,Your Recovery After Vaginal Birth,childbirth,55,1,en,Going Home from the Hospital Your nurse will help you prepare to go home.,73,0,59
SENT_0002560,CB_004,Your Recovery After Vaginal Birth,childbirth,56,1,en,Information will be given to you on how to care for yourself.,61,0,49
SENT_0002561,CB_004,Your Recovery After Vaginal Birth,childbirth,56,2,en,Your care may include:,22,0,18
SENT_0002562,CB_004,Your Recovery After Vaginal Birth,childbirth,57,1,en,• Limiting the number of times you climb stairs each day.,57,0,45
SENT_0002563,CB_004,Your Recovery After Vaginal Birth,childbirth,58,1,en,• Lifting nothing heavier than your baby.,41,0,33
SENT_0002564,CB_004,Your Recovery After Vaginal Birth,childbirth,59,1,en,• Getting help doing housework for at least 2 weeks.,52,0,40
SENT_0002565,CB_004,Your Recovery After Vaginal Birth,childbirth,60,1,en,• Not driving a car for 2 weeks.,32,0,22
SENT_0002566,CB_004,Your Recovery After Vaginal Birth,childbirth,61,1,en,• Not having sexual relations until approved by your doctor.,60,0,49
SENT_0002567,CB_004,Your Recovery After Vaginal Birth,childbirth,61,2,en,Talk to your doctor about birth control.,40,0,33
SENT_0002568,CB_004,Your Recovery After Vaginal Birth,childbirth,61,3,en,Breastfeeding does not prevent you from becoming pregnant.,58,0,50
SENT_0002569,CB_004,Your Recovery After Vaginal Birth,childbirth,62,1,en,• Not going back to work until approved by your doctor.,55,0,43
SENT_0002570,CB_004,Your Recovery After Vaginal Birth,childbirth,63,1,en,Call your doctor right away if you have:,40,0,32
SENT_0002571,CB_004,Your Recovery After Vaginal Birth,childbirth,64,1,en,• A fever over 100.,19,0,10
SENT_0002572,CB_004,Your Recovery After Vaginal Birth,childbirth,64,2,en,4 degrees F or 38 degrees C.,28,0,18
SENT_0002573,CB_004,Your Recovery After Vaginal Birth,childbirth,65,1,en,"• Signs of a breast infection such as fever, tenderness, redness, or a hot, hardened area, on one or both breasts.",114,0,87
SENT_0002574,CB_004,Your Recovery After Vaginal Birth,childbirth,66,1,en,• Heavy vaginal bleeding where you soak one sanitary pad per hour for two hours or have large blood clots.,106,0,85
SENT_0002575,CB_004,Your Recovery After Vaginal Birth,childbirth,67,1,en,• Vaginal bleeding that changes color turning bright red after it has lightened and changed from pink to brown or clear.,120,0,98
SENT_0002576,CB_004,Your Recovery After Vaginal Birth,childbirth,68,1,ne,नुुहाइ नुहाएपछि तपाईंले राम्रो महसुस गर्नुहुनेछ र आराम पाउनमा मद्दत मिल्नेछ।,76,66,0
SENT_0002577,CB_004,Your Recovery After Vaginal Birth,childbirth,68,2,ne,पहिलोपटक नुहाउँदा कसैको मद्दत लिनुहोस्।,39,35,0
SENT_0002578,CB_004,Your Recovery After Vaginal Birth,childbirth,69,1,ne,अस्पतालबाट घर फर्काइ घर फर्कनका लागि तपाईंलाई नर्सले मद्दत गर्नेछन्।,68,59,0
SENT_0002579,CB_004,Your Recovery After Vaginal Birth,childbirth,70,1,ne,तपाईंले आफनो स्ाहार कसरी गर्ने भन्ने जानकारी तपाईंलाई दिइनेछ।,61,53,0
SENT_0002580,CB_004,Your Recovery After Vaginal Birth,childbirth,70,2,ne,तपाईंको स्ाहारमा सामेल हुनेछन्:,31,27,0
SENT_0002581,CB_004,Your Recovery After Vaginal Birth,childbirth,71,1,ne,• तपाईंले हरेक दिन कतिपल्ट सिढी चढ्ने भनी सीमा निर्धारण गर्ने,61,50,0
SENT_0002582,CB_004,Your Recovery After Vaginal Birth,childbirth,72,1,ne,• आफनो नानीभन्ा गह्ुङ्ो कुनै वस्ु नउठाउने।,42,35,0
SENT_0002583,CB_004,Your Recovery After Vaginal Birth,childbirth,73,1,ne,• कम्तिमा 2 सातासम्म घरको कामकाज गर्नका लागि मद्दत लिने।,56,45,0
SENT_0002584,CB_004,Your Recovery After Vaginal Birth,childbirth,74,1,ne,• 2 सातासम्म कार ड्रााइभ नगर्ने।,32,25,0
SENT_0002585,CB_004,Your Recovery After Vaginal Birth,childbirth,75,1,ne,• तपाईंको डक्टरले अनुमति नदिँदासम्म यौन सम्बन्ध नबनाउने।,56,48,0
SENT_0002586,CB_004,Your Recovery After Vaginal Birth,childbirth,75,2,ne,जन्म नियन्त्रणको बारेमा आफनो डक्टरसित कुरा गर्नुहोस्।,53,47,0
SENT_0002587,CB_004,Your Recovery After Vaginal Birth,childbirth,75,3,ne,स्तनपान गराउनाले तपाईंलाई गर्भवती हुनबाट रोक्न सक्ैन।,53,47,0
SENT_0002588,CB_004,Your Recovery After Vaginal Birth,childbirth,76,1,ne,• तपाईंका डक्टरले अनुमति नदिएसम्म काममा फिर्ता नजाने।,53,45,0
SENT_0002589,CB_004,Your Recovery After Vaginal Birth,childbirth,77,1,ne,तपाईंलाई यीमध्े कुुनै समस्ा हुन्छ भने तुुरुन्ै डक्टरलाई कल गर्नुहोस्:,69,59,0
SENT_0002590,CB_004,Your Recovery After Vaginal Birth,childbirth,78,1,unknown,• 100.,6,0,0
SENT_0002591,CB_004,Your Recovery After Vaginal Birth,childbirth,78,2,ne,4 डिग्ी फेह्ेनहेट वा 38 डिग्ी सेल्सियसभन्ा धेरै ज्वरो आउँछ।,59,47,0
SENT_0002592,CB_004,Your Recovery After Vaginal Birth,childbirth,79,1,ne,"• स्तन संक्रमणका लक्षणहरू जस्ै ज्वरो आउनु, एक वा दुवै स्तनहरू नरम हुनु, रातो हुनु, वा गरम, र कडा हुनु।",102,78,0
SENT_0002593,CB_004,Your Recovery After Vaginal Birth,childbirth,80,1,ne,• योनीबाट धेरै रक्तस्ाव जब दुई घण्ासम्म हरेक घण्ा एउटा स्यानिटरी प्ाड भिज्छ वा रगतका ठूला चाकाहरू निस्कन्छन्।,109,91,0
SENT_0002594,CB_004,Your Recovery After Vaginal Birth,childbirth,81,1,ne,• योनीबाट हुने रक्तस्ाव जसले रङ फेर्छ जो हल्ा भएपछि फेरि चर्कोो रातो हुन्छ र गुलाफीबाट कैलो वा सफ्ामा परिवर्तित हुन्छ।,118,97,0
SENT_0002595,CB_004,Your Recovery After Vaginal Birth,childbirth,82,1,en,"© 2006 - November 22, 2019, Health Information Translations.",60,0,37
SENT_0002596,CB_004,Your Recovery After Vaginal Birth,childbirth,83,1,en,a result of your stopping medical treatment or your failure to obtain treatment.,80,0,67
SENT_0002597,CB_004,Your Recovery After Vaginal Birth,childbirth,84,1,en,• Foul smelling vaginal discharge—a normal discharge smells like your menstrual period.,87,0,73
SENT_0002598,CB_004,Your Recovery After Vaginal Birth,childbirth,85,1,en,"• Problems urinating including trouble starting, burning or pain.",65,0,54
SENT_0002599,CB_004,Your Recovery After Vaginal Birth,childbirth,86,1,en,• No bowel movements for 3 days.,32,0,23
SENT_0002600,CB_004,Your Recovery After Vaginal Birth,childbirth,87,1,en,"• A hot, hard spot in your leg or pain in your lower leg.",57,0,41
SENT_0002601,CB_004,Your Recovery After Vaginal Birth,childbirth,88,1,en,• Severe or constant pain or cramping.,38,0,30
SENT_0002602,CB_004,Your Recovery After Vaginal Birth,childbirth,89,1,en,"• A headache, blurred vision or spots before your eyes that will not go away.",77,0,60
SENT_0002603,CB_004,Your Recovery After Vaginal Birth,childbirth,90,1,en,"• Feelings of being very sad, hopeless, anxious, or feel you want to hurt yourself or your baby.",96,0,74
SENT_0002604,CB_004,Your Recovery After Vaginal Birth,childbirth,91,1,ne,• योनीबाट दुर्गन्धयुक्त स्ाव – सामान्य स्ावको गन्ध तपाईंको मासिक धर्मको जस्ो हुन्छ।,83,69,0
SENT_0002605,CB_004,Your Recovery After Vaginal Birth,childbirth,92,1,ne,"• पिसाब फेर्दा हुने समस्ाहरू जसमा पिसाब निस्कन गाह्ो हुनु, जलन हुनु वा दुख्नु सामेल छन्।",88,71,0
SENT_0002606,CB_004,Your Recovery After Vaginal Birth,childbirth,93,1,ne,• 3 दिनसम्म दिसा नहुनु।,23,17,0
SENT_0002607,CB_004,Your Recovery After Vaginal Birth,childbirth,94,1,ne,• तपाईंका खुट्ामा गरम र कडा ठाउँ अथवा तल्ो खुट्ामा पीडा।,56,45,0
SENT_0002608,CB_004,Your Recovery After Vaginal Birth,childbirth,95,1,ne,• गम्ीर वा निरन्तर पीडा वा ऐंठăन।,33,25,0
SENT_0002609,CB_004,Your Recovery After Vaginal Birth,childbirth,96,1,ne,"• टाउको दुख्नु, धमिलो देख्नु वा आँखासामु दागहरू देखिनु जो हराउँदैनन्।",69,57,0
SENT_0002610,CB_004,Your Recovery After Vaginal Birth,childbirth,97,1,ne,"• साह्ै दुःखी, आशाविहीन, चिन्तित भएको महसुस गर्नु, वा तपाईंले आफैलाई वा आफनो नानीलाई क्षति पुऱयाउन चाहेको महसुस गर्नु।",118,96,0
SENT_0002611,CANC_001,Cancer Chemotherapy,cancer_treatment,1,1,en,"Chemotherapy, also called chemo, is medicines used to treat cancer.",67,0,55
SENT_0002612,CANC_001,Cancer Chemotherapy,cancer_treatment,1,2,en,"These medicines destroy cancer cells, keep them from growing and spreading, shrink the size of a tumor, or relieve cancer symptoms.",131,0,107
SENT_0002613,CANC_001,Cancer Chemotherapy,cancer_treatment,2,1,en,"Depending on the type of cancer, chemotherapy medicine may be given:",68,0,56
SENT_0002614,CANC_001,Cancer Chemotherapy,cancer_treatment,3,1,en,• With other medicine,21,0,17
SENT_0002615,CANC_001,Cancer Chemotherapy,cancer_treatment,4,1,en,• Before or after surgery and/or radiation to shrink a tumor,60,0,48
SENT_0002616,CANC_001,Cancer Chemotherapy,cancer_treatment,5,1,en,• In cycles so that your body can rest and repair between treatments,68,0,55
SENT_0002617,CANC_001,Cancer Chemotherapy,cancer_treatment,6,1,en,• Throughout the body or directly into the site of the cancer,61,0,49
SENT_0002618,CANC_001,Cancer Chemotherapy,cancer_treatment,7,1,en,"• In a vein called intravenous (IV) or as a pill, an injection, or cream",72,0,53
SENT_0002619,CANC_001,Cancer Chemotherapy,cancer_treatment,8,1,en,"• In a hospital, doctor’s office, or clinic Your doctor will decide on the type of medicines and how often they are to be given.",128,0,99
SENT_0002620,CANC_001,Cancer Chemotherapy,cancer_treatment,9,1,en,"Side Effects Chemo can destroy or slow down the growth of normal cells, including cells of the hair, mouth, digestive system, and blood stream.",143,0,115
SENT_0002621,CANC_001,Cancer Chemotherapy,cancer_treatment,10,1,en,This can result in:,19,0,15
SENT_0002622,CANC_001,Cancer Chemotherapy,cancer_treatment,11,1,en,• Hair loss,11,0,8
SENT_0002623,CANC_001,Cancer Chemotherapy,cancer_treatment,12,1,en,• Mouth sores,13,0,10
SENT_0002624,CANC_001,Cancer Chemotherapy,cancer_treatment,13,1,en,• Nausea or vomiting,20,0,16
SENT_0002625,CANC_001,Cancer Chemotherapy,cancer_treatment,14,1,en,• Diarrhea,10,0,8
SENT_0002626,CANC_001,Cancer Chemotherapy,cancer_treatment,15,1,ne,"केमो पनि भनिने केमोथेरापी, क्ान्सरको उपचार गर्न प्रयोग गरिने औषधिहरू हुन्।",74,63,0
SENT_0002627,CANC_001,Cancer Chemotherapy,cancer_treatment,15,2,ne,"यी औषधिहरूले क्ान्सरका कोषहरू नष्ट गर्ने , तिनीहरूलाई वृद्धि र फैलनबाटट रोक्ने, ट्ुमरको ससाइज घटटाउने वा क्ान्सरका लक्षणहरू छुटट कारा दिन्छन्।",142,120,0
SENT_0002628,CANC_001,Cancer Chemotherapy,cancer_treatment,16,1,ne,"क्ान्सरको प्रकारमा आधारित भई, केमोथेरापी औषधि निम्नानुससार दिइन ससकिनछ:",71,61,0
SENT_0002629,CANC_001,Cancer Chemotherapy,cancer_treatment,17,1,ne,• अन्य औषधिससँग,15,12,0
SENT_0002630,CANC_001,Cancer Chemotherapy,cancer_treatment,18,1,ne,• ट्ुमर ससानो बनाउन शल्यक्रिया र/वा रेडिएसनको अघि वा पछि,56,45,0
SENT_0002631,CANC_001,Cancer Chemotherapy,cancer_treatment,19,1,ne,• चक्रहरूमा जससकारण तपाईंको शरीरले आराम पाउँछ र उपचारहरूको बीचमा ठीक हुनछ,73,61,0
SENT_0002632,CANC_001,Cancer Chemotherapy,cancer_treatment,20,1,ne,• शरीरभर वा सिधै क्ान्सर भएको ठाउँमा,36,29,0
SENT_0002633,CANC_001,Cancer Chemotherapy,cancer_treatment,21,1,ne,"• इन्ट्ाभेनसस (IV) भनिने नससामा वा पिल, ससुई वा क्रिमको रूपमा",61,45,2
SENT_0002634,CANC_001,Cancer Chemotherapy,cancer_treatment,22,1,ne,"• अस्पताल, चिकित्सकको कार्यालय वा क्लिनिकमा तपाईंको चिकित्सकले औषधिहरूको प्रकार र तिनीहरू कससरी दिने भन्ने कुरा निर्णय गर्नुहुनेछ।",130,111,0
SENT_0002635,CANC_001,Cancer Chemotherapy,cancer_treatment,23,1,ne,"पार्श्वप्रभाव केमोले कपाल, मुख, पाचन प्रणाली र रक्त प्रवाहको कोष सहितका ससामान्य कोषहरूलाई नष्ट गर्न वा वृद्धिलाई कम गर्नससकछ।",126,106,0
SENT_0002636,CANC_001,Cancer Chemotherapy,cancer_treatment,23,2,ne,यससले निम्नलिखित अवसथा निमत्ाउन ससकछ:,37,32,0
SENT_0002637,CANC_001,Cancer Chemotherapy,cancer_treatment,24,1,ne,• कपाल झर्ने,12,9,0
SENT_0002638,CANC_001,Cancer Chemotherapy,cancer_treatment,25,1,ne,• मुखमा घाउ हुने,16,12,0
SENT_0002639,CANC_001,Cancer Chemotherapy,cancer_treatment,26,1,ne,• वाकवाकी लाग्ने वा वान्ता हुने,31,25,0
SENT_0002640,CANC_001,Cancer Chemotherapy,cancer_treatment,27,1,ne,• झाडापखाला लाग्ने अनुवादन गरिएको शीर्षक यहाँ,45,38,0
SENT_0002641,CANC_001,Cancer Chemotherapy,cancer_treatment,28,1,en,"© 2005 - March 13, 2018, Health Information Translations.",57,0,34
SENT_0002642,CANC_001,Cancer Chemotherapy,cancer_treatment,29,1,en,a result of your stopping medical treatment or your failure to obtain treatment.,80,0,67
SENT_0002643,CANC_001,Cancer Chemotherapy,cancer_treatment,30,1,en,• Infections,12,0,10
SENT_0002644,CANC_001,Cancer Chemotherapy,cancer_treatment,31,1,en,• Tiredness,11,0,9
SENT_0002645,CANC_001,Cancer Chemotherapy,cancer_treatment,32,1,en,• Bleeding problems You will be watched closely for side effects.,65,0,53
SENT_0002646,CANC_001,Cancer Chemotherapy,cancer_treatment,33,1,en,Let your doctor or nurse know how you are feeling.,50,0,40
SENT_0002647,CANC_001,Cancer Chemotherapy,cancer_treatment,33,2,en,"Exams, blood tests, and medicines will be used to prevent or treat any side effects and check your condition.",109,0,88
SENT_0002648,CANC_001,Cancer Chemotherapy,cancer_treatment,34,1,en,Talk to your doctor or nurse if you have any questions or concerns.,67,0,54
SENT_0002649,CANC_001,Cancer Chemotherapy,cancer_treatment,35,1,ne,• सस ङ्क्रमण हुने,17,13,0
SENT_0002650,CANC_001,Cancer Chemotherapy,cancer_treatment,36,1,ne,• थकाई लाग्ने,13,10,0
SENT_0002651,CANC_001,Cancer Chemotherapy,cancer_treatment,37,1,ne,• रक्तस्ाव ससमबन्धी ससमस्ाहरू हुने तपाईंले पार्श्व प्रभावहरूको बारे ध्यानपूर्वक हेर्नुपर्नेछ।,93,82,0
SENT_0002652,CANC_001,Cancer Chemotherapy,cancer_treatment,37,2,ne,आफ्नो चिकित्सक वा नर्सलाई आफूले महससुसस गरेको कुराहरू थाहा दिनुहोसस ्।,70,60,0
SENT_0002653,CANC_001,Cancer Chemotherapy,cancer_treatment,37,3,ne,"परीक्षण, रगत जाँच र औषधिहरू कुनै पनि पार्श्व प्रभावहरू रोकथाम गर्न तथा उपचार गर्न र आफ्नो अवसथा जाँच गर्न प्रयोग गरिनेछ।",120,99,0
SENT_0002654,CANC_001,Cancer Chemotherapy,cancer_treatment,38,1,ne,कुनै पनि प्रश्न वा जिज्ासा भएमा आफनो चिकितसक वा नर्सँग कुरा गर्नुहोस्।,70,59,0
SENT_0002655,CANC_002,Nausea and Vomiting with Cancer Treatment,cancer_treatment,2,1,en,"Nausea is a sick, uncomfortable feeling in your stomach that often comes before vomiting.",89,0,74
SENT_0002656,CANC_002,Nausea and Vomiting with Cancer Treatment,cancer_treatment,2,2,en,Nausea and vomiting are possible side effects of cancer treatments.,67,0,57
SENT_0002657,CANC_002,Nausea and Vomiting with Cancer Treatment,cancer_treatment,2,3,en,Some people are more affected by nausea and vomiting than others.,65,0,54
SENT_0002658,CANC_002,Nausea and Vomiting with Cancer Treatment,cancer_treatment,3,1,en,Chemotherapy medicines can cause nausea and vomiting.,53,0,46
SENT_0002659,CANC_002,Nausea and Vomiting with Cancer Treatment,cancer_treatment,3,2,en,Medicines to prevent nausea are often given with chemotherapy.,62,0,53
SENT_0002660,CANC_002,Nausea and Vomiting with Cancer Treatment,cancer_treatment,3,3,en,These medicines can be given before treatment or during treatment.,66,0,56
SENT_0002661,CANC_002,Nausea and Vomiting with Cancer Treatment,cancer_treatment,3,4,en,Your doctor will tell you when you should take these medicines.,63,0,52
SENT_0002662,CANC_002,Nausea and Vomiting with Cancer Treatment,cancer_treatment,4,1,en,"Radiation therapy to the chest, stomach or back may also cause nausea and vomiting.",83,0,68
SENT_0002663,CANC_002,Nausea and Vomiting with Cancer Treatment,cancer_treatment,5,1,en,Talk to your doctor or nurse if you have problems.,50,0,40
SENT_0002664,CANC_002,Nausea and Vomiting with Cancer Treatment,cancer_treatment,6,1,en,Nausea and vomiting may also occur from other medical problems.,63,0,53
SENT_0002665,CANC_002,Nausea and Vomiting with Cancer Treatment,cancer_treatment,7,1,en,What to do It is best to treat nausea early.,44,0,34
SENT_0002666,CANC_002,Nausea and Vomiting with Cancer Treatment,cancer_treatment,7,2,en,This can help prevent problems caused by prolonged nausea or too much water loss called dehydration.,100,0,84
SENT_0002667,CANC_002,Nausea and Vomiting with Cancer Treatment,cancer_treatment,7,3,en,Signs of dehydration include:,29,0,25
SENT_0002668,CANC_002,Nausea and Vomiting with Cancer Treatment,cancer_treatment,8,1,en,• Dry mouth,11,0,8
SENT_0002669,CANC_002,Nausea and Vomiting with Cancer Treatment,cancer_treatment,9,1,en,• Cracked lips,14,0,11
SENT_0002670,CANC_002,Nausea and Vomiting with Cancer Treatment,cancer_treatment,10,1,en,• Dizziness,11,0,9
SENT_0002671,CANC_002,Nausea and Vomiting with Cancer Treatment,cancer_treatment,11,1,en,• Dry eyes,10,0,7
SENT_0002672,CANC_002,Nausea and Vomiting with Cancer Treatment,cancer_treatment,12,1,en,• Less urine output,19,0,15
SENT_0002673,CANC_002,Nausea and Vomiting with Cancer Treatment,cancer_treatment,13,1,en,• Very dry skin Call your doctor or nurse if you are too nauseated to drink liquids or if you have more than two episodes of vomiting in 24 hours.,146,0,113
SENT_0002674,CANC_002,Nausea and Vomiting with Cancer Treatment,cancer_treatment,13,2,en,Do not wait.,12,0,9
SENT_0002675,CANC_002,Nausea and Vomiting with Cancer Treatment,cancer_treatment,14,1,ne,"तपाईँको पेटमा केही िबमारी, असहजता महसुस हुँदा वाकवाकी लाग्छ र पर्ायः वान्ता हुनुभन्दा पिहला यस्तो हुन्छ।",104,88,0
SENT_0002676,CANC_002,Nausea and Vomiting with Cancer Treatment,cancer_treatment,14,2,ne,वाकवाकी लाग्नु र वान्ता हुनु क्यान्सरको उपचारमा सम्भािवत दुष्पर्भाव हुन्।,73,64,0
SENT_0002677,CANC_002,Nausea and Vomiting with Cancer Treatment,cancer_treatment,14,3,ne,केही मािनसहरूलाई अरूको तुलनामा बढी वाकवाकी लाग्न र वान्ता हुन सक्छ।,67,57,0
SENT_0002678,CANC_002,Nausea and Vomiting with Cancer Treatment,cancer_treatment,15,1,ne,केमोथेरापी औषिधहरूले वाकवाकी र वान्ता गराउन सक्छ।,49,43,0
SENT_0002679,CANC_002,Nausea and Vomiting with Cancer Treatment,cancer_treatment,15,2,ne,वाकवाकी रोक्ने औषिधहरू पर्ायः केमोथेरापीका साथ िदइन्छन्।,56,50,0
SENT_0002680,CANC_002,Nausea and Vomiting with Cancer Treatment,cancer_treatment,15,3,ne,यी औषिधहरू उपचार अिघ वा उपचारको दौरान िदन सिकन्छन्।,51,43,0
SENT_0002681,CANC_002,Nausea and Vomiting with Cancer Treatment,cancer_treatment,15,4,ne,तपाईँले ती औषिध किहले खाने हो भ᳖े कुरा तपाईँका डक्टरले बताउनेछन्।,65,54,0
SENT_0002682,CANC_002,Nausea and Vomiting with Cancer Treatment,cancer_treatment,15,5,ne,"छाित, पेट वा िपᲹुँमा रेिडएशन थेरापीले पिन वाकवाकी लाग्नु र वान्ता गराउन सक्छऩ्।",79,65,0
SENT_0002683,CANC_002,Nausea and Vomiting with Cancer Treatment,cancer_treatment,16,1,ne,तपाईँलाई केही समस्या हुन्छ भने आफ्ना डक्टर वा नसर्िसत कुरा गनुर्होस्।,69,59,0
SENT_0002684,CANC_002,Nausea and Vomiting with Cancer Treatment,cancer_treatment,17,1,ne,वाकवाकी वा वान्ता अन्य िचिकत्सकीय समस्याहरूले गदार् पिन हुन सक्छन्।,67,58,0
SENT_0002685,CANC_002,Nausea and Vomiting with Cancer Treatment,cancer_treatment,18,1,ne,के गनुर् पछर् वाकवाकीको उपचार चाँडो गिरनु रामर्ो हुन्छ।,55,47,0
SENT_0002686,CANC_002,Nausea and Vomiting with Cancer Treatment,cancer_treatment,18,2,ne,यसरी लामो समयसम्म वाकवाकी लाग्नाले हुने समस्याहरूलाई वा िनजर्िलकरणको समस्यालाई रोक्नमा म᳎त पाइन्छ।,98,85,0
SENT_0002687,CANC_002,Nausea and Vomiting with Cancer Treatment,cancer_treatment,19,1,ne,िनजर्िलकरणका लक्षणहरूमा सामेल छन्:,34,30,0
SENT_0002688,CANC_002,Nausea and Vomiting with Cancer Treatment,cancer_treatment,20,1,ne,तपाईँलाई साहर्ै वाकवाकी लागेर तरल पदाथर् िपउन गाहर्ो भइरहेको छ वा 24 घण्टामा दुइपल्ट भन्दा धेरै वान्ता हुन्छ भने आफ्ना डक्टर वा नसर्लाई सम्पकर् गनुर्होस्।,154,128,0
SENT_0002689,CANC_002,Nausea and Vomiting with Cancer Treatment,cancer_treatment,20,2,ne,पर्तीक्षा नगनुर्होस्।,21,20,0
SENT_0002690,CANC_002,Nausea and Vomiting with Cancer Treatment,cancer_treatment,21,1,en,"Eating and drinking tips During this time, you may eat and drink anything that you like.",88,0,71
SENT_0002691,CANC_002,Nausea and Vomiting with Cancer Treatment,cancer_treatment,21,2,en,You may ﬁ nd these tips helpful:,32,0,24
SENT_0002692,CANC_002,Nausea and Vomiting with Cancer Treatment,cancer_treatment,22,1,en,• Eat only a light meal before chemotherapy.,44,0,35
SENT_0002693,CANC_002,Nausea and Vomiting with Cancer Treatment,cancer_treatment,23,1,en,• Eat small meals every few hours instead of 3 bigger meals each day.,69,0,53
SENT_0002694,CANC_002,Nausea and Vomiting with Cancer Treatment,cancer_treatment,24,1,en,• Drink at least 6 to 8 glasses of liquids each day.,52,0,37
SENT_0002695,CANC_002,Nausea and Vomiting with Cancer Treatment,cancer_treatment,25,1,en,"• Limit drinking liquids with caffeine such as soft drinks, coffee and tea.",75,0,60
SENT_0002696,CANC_002,Nausea and Vomiting with Cancer Treatment,cancer_treatment,26,1,en,"• Use popsicles, mints, tart hard candies, citrus ﬂ avored drinks or ginger ale.",80,0,61
SENT_0002697,CANC_002,Nausea and Vomiting with Cancer Treatment,cancer_treatment,26,2,en,They may help get rid of the bad taste in your mouth after chemotherapy.,72,0,58
SENT_0002698,CANC_002,Nausea and Vomiting with Cancer Treatment,cancer_treatment,27,1,en,"• Eat bland foods such as saltine crackers, toast, skim milk, sherbet, fruit, baked potatoes or plain vegetables.",113,0,89
SENT_0002699,CANC_002,Nausea and Vomiting with Cancer Treatment,cancer_treatment,28,1,en,"• Avoid spicy, fatty, greasy or fried foods.",44,0,33
SENT_0002700,CANC_002,Nausea and Vomiting with Cancer Treatment,cancer_treatment,29,1,en,• Let someone else cook to avoid smelling strong odors.,55,0,44
SENT_0002701,CANC_002,Nausea and Vomiting with Cancer Treatment,cancer_treatment,30,1,en,• Avoid alcohol while taking medicine for nausea and vomiting.,62,0,51
SENT_0002702,CANC_002,Nausea and Vomiting with Cancer Treatment,cancer_treatment,31,1,en,• Avoid lying down right after eating.,38,0,30
SENT_0002703,CANC_002,Nausea and Vomiting with Cancer Treatment,cancer_treatment,31,2,en,Sit up or rest with your head raised on pillows.,48,0,38
SENT_0002704,CANC_002,Nausea and Vomiting with Cancer Treatment,cancer_treatment,32,1,en,Medicines to prevent nausea and vomiting Medicines can help prevent nausea and vomiting.,88,0,75
SENT_0002705,CANC_002,Nausea and Vomiting with Cancer Treatment,cancer_treatment,32,2,en,Take all medicines as ordered by your doctor.,45,0,37
SENT_0002706,CANC_002,Nausea and Vomiting with Cancer Treatment,cancer_treatment,33,1,en,• Make sure you know if your medicine should be taken with or without food.,75,0,59
SENT_0002707,CANC_002,Nausea and Vomiting with Cancer Treatment,cancer_treatment,34,1,en,• Tell your doctor or nurse if the medicine is not helping you or if you cannot keep the pills down.,100,0,78
SENT_0002708,CANC_002,Nausea and Vomiting with Cancer Treatment,cancer_treatment,34,2,en,There are other medicines that may work better.,47,0,39
SENT_0002709,CANC_002,Nausea and Vomiting with Cancer Treatment,cancer_treatment,35,1,ne,खाने र िपउने सुझावहरू यो समयको दौरानमा तपाईँलाई इच्छा लाग्ने कुनैपिन चीज खान वा िपउन सक्नुहुन्छ।,96,81,0
SENT_0002710,CANC_002,Nausea and Vomiting with Cancer Treatment,cancer_treatment,35,2,ne,तपाईँलाई यी सुझावहरू सहायक हुन सक्छन्:,38,32,0
SENT_0002711,CANC_002,Nausea and Vomiting with Cancer Treatment,cancer_treatment,36,1,ne,• केमोथेरापी गिरनुअिघ हल्का खाना मातर्ै खानुहोस्।,49,42,0
SENT_0002712,CANC_002,Nausea and Vomiting with Cancer Treatment,cancer_treatment,37,1,ne,• पर्ितिदन तीनपल्ट पूरा खाना खानुभन्दा केही घण्टाको अन्तरालमा थोरै-थोरै खानुहोस्।,81,69,0
SENT_0002713,CANC_002,Nausea and Vomiting with Cancer Treatment,cancer_treatment,38,1,ne,• पर्ितिदन 6 देिख 8 िगलास तरल पदाथर् िपउनुहोस्।,47,36,0
SENT_0002714,CANC_002,Nausea and Vomiting with Cancer Treatment,cancer_treatment,39,1,ne,"• सोफ्ट िडर्ङ्क्स, कफी र िचया जस्ता क्याफेनयुक्त पेय पदाथर् कम िपउनुहोस्।",73,60,0
SENT_0002715,CANC_002,Nausea and Vomiting with Cancer Treatment,cancer_treatment,40,1,ne,"• पिप्सकल्स, िमन्ट्स, टाटर् हाडर् क्यान्डीहरू, साइटर्स फ्लेभडर् िडर्ङ्क्स वा िजन्जर अलेको पर्योग गनुर्होस्।",107,90,0
SENT_0002716,CANC_002,Nausea and Vomiting with Cancer Treatment,cancer_treatment,41,1,ne,ियनले केमोथेरापी पिछ तपाईँको मुखमा नरामर्ो स्वादलाई मानर्मा म᳎त गनर् सक्छन्।,76,65,0
SENT_0002717,CANC_002,Nausea and Vomiting with Cancer Treatment,cancer_treatment,42,1,ne,"• नरम खा᳒ पदाथर्हरू जस्तै साल्टाइन क्र्याकसर्, टोस्ट, स्कीम दूध, शबर्त, फल, उिसिनएको आलू वा सादा सब्जीहरू खानुहोस्।",115,91,0
SENT_0002718,CANC_002,Nausea and Vomiting with Cancer Treatment,cancer_treatment,43,1,ne,"• मसलादार, बोसोयुक्त, िचल्लो वा तारेका खानाबाट बच्नुहोस्।",57,47,0
SENT_0002719,CANC_002,Nausea and Vomiting with Cancer Treatment,cancer_treatment,44,1,ne,• कडा बासनाबाट बच्नका लािग अरूलाई नै खाना पकाउन िदनुहोस्।,57,47,0
SENT_0002720,CANC_002,Nausea and Vomiting with Cancer Treatment,cancer_treatment,45,1,ne,• वाकवाकी र वान्ताका लािग औषिध खाँदा अल्कोहलको सेवन नगनुर्होस्।,63,53,0
SENT_0002721,CANC_002,Nausea and Vomiting with Cancer Treatment,cancer_treatment,46,1,ne,• खाएपिछ तुरुन्तै नसु᳀ुहोस्।,28,23,0
SENT_0002722,CANC_002,Nausea and Vomiting with Cancer Treatment,cancer_treatment,46,2,ne,ठाडो बᳩुहोस् वा िसहर्ानी मािथ गरेर टाउको राखेर आराम गनुर्होस्।,62,52,0
SENT_0002723,CANC_002,Nausea and Vomiting with Cancer Treatment,cancer_treatment,47,1,ne,वाकवाकी र वान्ता रोक्ने औषिधहरू औषधीहरूले वाकवाकी र वान्ता रोक्नमा म᳎त गनर् सक्छन्।,83,70,0
SENT_0002724,CANC_002,Nausea and Vomiting with Cancer Treatment,cancer_treatment,47,2,ne,तपाईँका डक्टरको िनदᱷशानुसार औषिधहरू खानुहोस्।,45,40,0
SENT_0002725,CANC_002,Nausea and Vomiting with Cancer Treatment,cancer_treatment,48,1,ne,• औषिध खानाका साथ वा खाना िबना खाने हो भनी जा᳖े कुरा सुिनि᳟त गनुर्होस्।,71,55,0
SENT_0002726,CANC_002,Nausea and Vomiting with Cancer Treatment,cancer_treatment,49,1,ne,• औषिधले केही फरक पिररहेको छैन वा तपाईँले चक्की िनल्न सिकरहनुभएको छैन भने आफ्ना डक्टर वा नसर्लाई बताउनुहोस्।,108,90,0
SENT_0002727,CANC_002,Nausea and Vomiting with Cancer Treatment,cancer_treatment,49,2,ne,बढी रामर्री असर गनᱷ अन्य औषिधहरू हुन सक्छन्।,44,36,0
SENT_0002728,CANC_002,Nausea and Vomiting with Cancer Treatment,cancer_treatment,50,1,en,"© 2006 - November 23, 2016, Health Information Translations.",60,0,37
SENT_0002729,CANC_002,Nausea and Vomiting with Cancer Treatment,cancer_treatment,51,1,en,a result of your stopping medical treatment or your failure to obtain treatment.,80,0,67
SENT_0002730,CANC_002,Nausea and Vomiting with Cancer Treatment,cancer_treatment,52,1,en,"• You may feel weak, dizzy or sleepy while taking medicine for nausea and vomiting.",83,0,66
SENT_0002731,CANC_002,Nausea and Vomiting with Cancer Treatment,cancer_treatment,54,1,en,"• Slow, deep breathing through your mouth or swallowing may help nausea pass.",77,0,62
SENT_0002732,CANC_002,Nausea and Vomiting with Cancer Treatment,cancer_treatment,55,1,en,"• Avoid unpleasant sights, sounds and smells that may trigger nausea.",69,0,56
SENT_0002733,CANC_002,Nausea and Vomiting with Cancer Treatment,cancer_treatment,56,1,en,• Brush your teeth and rinse your mouth after each meal and before meals if you have a bad taste in your mouth.,111,0,87
SENT_0002734,CANC_002,Nausea and Vomiting with Cancer Treatment,cancer_treatment,57,1,en,• Open a window to get fresh air.,33,0,24
SENT_0002735,CANC_002,Nausea and Vomiting with Cancer Treatment,cancer_treatment,58,1,en,• Avoid sudden movements that may make you dizzy.,49,0,39
SENT_0002736,CANC_002,Nausea and Vomiting with Cancer Treatment,cancer_treatment,59,1,en,• Relax with music or activities you enjoy.,43,0,34
SENT_0002737,CANC_002,Nausea and Vomiting with Cancer Treatment,cancer_treatment,60,1,en,• Sit up or turn on your side when vomiting.,44,0,33
SENT_0002738,CANC_002,Nausea and Vomiting with Cancer Treatment,cancer_treatment,61,1,en,This prevents ﬂ uid from getting into your lungs.,49,0,39
SENT_0002739,CANC_002,Nausea and Vomiting with Cancer Treatment,cancer_treatment,62,1,en,Talk to your doctor or nurse if you have any question or concerns.,66,0,53
SENT_0002740,CANC_002,Nausea and Vomiting with Cancer Treatment,cancer_treatment,63,1,ne,"• वाकवाकी र वान्ता रोक्ने औषिध खाँदा तपाईँले कमजोडी, िरंगटा वा िनदर्ा लागेको महसुस गनर् सक्नु हुन्छ।",100,82,0
SENT_0002741,CANC_002,Nausea and Vomiting with Cancer Treatment,cancer_treatment,65,1,ne,"• मुखबाट िवस्तारै, गिहरो सास िभतर् ता᳖ु वा िलनुले वाकवाकी दूर हुन सक्छ।",71,56,0
SENT_0002742,CANC_002,Nausea and Vomiting with Cancer Treatment,cancer_treatment,66,1,ne,"• वाकवाकी लगाउन सक्ने नरामर्ा दृश्य, आवाज वा गन्धबाट बच्नुहोस्।",63,52,0
SENT_0002743,CANC_002,Nausea and Vomiting with Cancer Treatment,cancer_treatment,67,1,ne,• तपाईँको मुखमा नरामर्ो स्वाद छ भने हरेक खानापिछ र अिघ आफ्ना दाँत बर्श गनुर्होस् र मुख कुल्ला गनुर्होस्।,104,85,0
SENT_0002744,CANC_002,Nausea and Vomiting with Cancer Treatment,cancer_treatment,68,1,ne,• ताजा हावाका लािग झ्याल खोल्नुहोस्।,36,30,0
SENT_0002745,CANC_002,Nausea and Vomiting with Cancer Treatment,cancer_treatment,69,1,ne,• अचानक िहँडडूल नगनुर्होस् जसले तपाईँलाई िरंगटा चलाउन सक्छ।,59,50,0
SENT_0002746,CANC_002,Nausea and Vomiting with Cancer Treatment,cancer_treatment,70,1,ne,• तपाईँले मन पनᱷ संगीत वा गितिविध गदᱺ आराम गनुर्होस्।,53,41,0
SENT_0002747,CANC_002,Nausea and Vomiting with Cancer Treatment,cancer_treatment,71,1,ne,• वान्ता गदार् ठाडो बᳩुहोस् वा कोल्टे पनुर्होस्।,48,39,0
SENT_0002748,CANC_002,Nausea and Vomiting with Cancer Treatment,cancer_treatment,72,1,ne,यसरी तरल पदाथर् तपाईँको फोक्सोमा जाँदैन।,40,35,0
SENT_0002749,CANC_002,Nausea and Vomiting with Cancer Treatment,cancer_treatment,73,1,ne,तपाईँका कुनै पर᳤् वा िचन्ताहरू छन् भने आफ्ना डक्टर वा नसर्लाई सम्पकर् गनुर्होस्।,80,67,0
SENT_0002750,CANC_003,Preventing Infections When Your White Blood Cell Count is Low,cancer_treatment,1,1,en,Low white blood cell (WBC) count is called neutropenia.,55,0,44
SENT_0002751,CANC_003,Preventing Infections When Your White Blood Cell Count is Low,cancer_treatment,1,2,en,"Chemotherapy, radiation therapy, other treatments or an illness may cause a low WBC count.",90,0,74
SENT_0002752,CANC_003,Preventing Infections When Your White Blood Cell Count is Low,cancer_treatment,1,3,en,A low WBC count makes you more likely to get an infection.,58,0,46
SENT_0002753,CANC_003,Preventing Infections When Your White Blood Cell Count is Low,cancer_treatment,2,1,en,Often the only sign of an infection in a person with cancer is a fever.,71,0,56
SENT_0002754,CANC_003,Preventing Infections When Your White Blood Cell Count is Low,cancer_treatment,2,2,en,Most people getting cancer treatments are told to check their temperature 2 times each day while their WBC count is low.,120,0,98
SENT_0002755,CANC_003,Preventing Infections When Your White Blood Cell Count is Low,cancer_treatment,2,3,en,Your doctor or nurse may give you other instructions.,53,0,44
SENT_0002756,CANC_003,Preventing Infections When Your White Blood Cell Count is Low,cancer_treatment,2,4,en,Do not take any medicines such as Tylenol to lower your temperature unless directed by your doctor.,99,0,82
SENT_0002757,CANC_003,Preventing Infections When Your White Blood Cell Count is Low,cancer_treatment,3,1,en,"When your WBC is low, you need to take extra care to prevent infection.",71,0,56
SENT_0002758,CANC_003,Preventing Infections When Your White Blood Cell Count is Low,cancer_treatment,4,1,en,To Help Prevent Infection:,26,0,22
SENT_0002759,CANC_003,Preventing Infections When Your White Blood Cell Count is Low,cancer_treatment,6,1,en,• Wash your hands for at least 15 seconds with warm water and soap.,67,0,50
SENT_0002760,CANC_003,Preventing Infections When Your White Blood Cell Count is Low,cancer_treatment,6,2,en,"Wash before eating, when preparing food, and after using the toilet.",68,0,55
SENT_0002761,CANC_003,Preventing Infections When Your White Blood Cell Count is Low,cancer_treatment,6,3,en,Anyone caring for you should do the same.,41,0,33
SENT_0002762,CANC_003,Preventing Infections When Your White Blood Cell Count is Low,cancer_treatment,7,1,en,• Shower or take a bath every day if you are allowed.,53,0,40
SENT_0002763,CANC_003,Preventing Infections When Your White Blood Cell Count is Low,cancer_treatment,8,1,en,• Do not take bubble baths or use hot tubs.,43,0,32
SENT_0002764,CANC_003,Preventing Infections When Your White Blood Cell Count is Low,cancer_treatment,9,1,en,"• Check your skin closely for cuts, rashes, redness and swelling.",65,0,51
SENT_0002765,CANC_003,Preventing Infections When Your White Blood Cell Count is Low,cancer_treatment,9,2,en,Call your doctor if you have problems.,38,0,31
SENT_0002766,CANC_003,Preventing Infections When Your White Blood Cell Count is Low,cancer_treatment,11,1,ne,तपाईंको सेतो रकत कोषको संख्ा कम हुँदा संक्रमणहरूलाई रोकथाम गर्ने।,65,56,0
SENT_0002767,CANC_003,Preventing Infections When Your White Blood Cell Count is Low,cancer_treatment,12,1,ne,न्यून सेतो रकत कोष (WBC) को संख्यालााई न्यूट्ोपेनियाया भनिन्छ।,62,49,3
SENT_0002768,CANC_003,Preventing Infections When Your White Blood Cell Count is Low,cancer_treatment,12,2,ne,"केमोथेराापी, रेडिएशन थेराापी, अन्य उपचाारहरू वाा बिराामी न्यून WBC संख्याको काारण बनन सक्छ।",91,74,3
SENT_0002769,CANC_003,Preventing Infections When Your White Blood Cell Count is Low,cancer_treatment,12,3,ne,न्यून WBC को संख्याले गर्दा तपााईंलााई सङ्क्रमण हुने धेरै सम्भाावनाा हुन्छ।,75,62,3
SENT_0002770,CANC_003,Preventing Infections When Your White Blood Cell Count is Low,cancer_treatment,13,1,ne,प्राय क्यानसर भएको व्यक्तिमाा संक्रमणको एक माात्र संकेत भनेको जवरो हो।,70,60,0
SENT_0002771,CANC_003,Preventing Infections When Your White Blood Cell Count is Low,cancer_treatment,13,2,ne,क्यानसरकाा उपचाारहरू गरिरहेकाा धेरैजसो माानिसलााई तिनीहरूको WBC को संख्या कम हुँदाा आफनो ताापक्रम दिनको 2 पटक जााँच गर्नुहोस् भनेर भनिन्छ।,138,115,3
SENT_0002772,CANC_003,Preventing Infections When Your White Blood Cell Count is Low,cancer_treatment,13,3,ne,तपााईंको चिकितसक वाा परिचाारिकााले तपााईंलााई अन्य निर्देशनहरू दिनसक्छन्।,73,66,0
SENT_0002773,CANC_003,Preventing Infections When Your White Blood Cell Count is Low,cancer_treatment,13,4,ne,आफनो चिकितसकको निर्देशन बिनाा आफनो ताापक्रम कम गर्न टााइलेनल जसतो कुनै पनि औषधिहरू नलिनुहोस्।,93,80,0
SENT_0002774,CANC_003,Preventing Infections When Your White Blood Cell Count is Low,cancer_treatment,14,1,ne,"तपााईंको WBC कम हुँदाा, तपााईंलााई संक्रमण रोकथााम गर्नको लागि अतिरिकत स्याहाारको आवश्यक हुन्छ।",95,79,3
SENT_0002775,CANC_003,Preventing Infections When Your White Blood Cell Count is Low,cancer_treatment,15,1,ne,सङ्क्रमण रोकथाम गर्नको लागि मद्दत:,34,29,0
SENT_0002776,CANC_003,Preventing Infections When Your White Blood Cell Count is Low,cancer_treatment,17,1,ne,• आफनो हाातहरूलााई ताातो पाानी र साबुनले कम्तिमाा 15 सेकेन्डसममको लागि धुनुहोस्।,80,66,0
SENT_0002777,CANC_003,Preventing Infections When Your White Blood Cell Count is Low,cancer_treatment,18,1,ne,"खाानाा खाानु भन्दाा अघि, खाानाा पकााउँदाा र चर्पी प्रयोग गरिसकेपछि आफनो हाातहरू धुनुहोस्।",89,76,0
SENT_0002778,CANC_003,Preventing Infections When Your White Blood Cell Count is Low,cancer_treatment,18,2,ne,तपााईंलााई स्याहाार गर्नेे कसैले पनि त्यहि गर्नुपर्छ।,53,47,0
SENT_0002779,CANC_003,Preventing Infections When Your White Blood Cell Count is Low,cancer_treatment,19,1,ne,• तपााईंलााई अनुमति दिइएको छछ भने प्रत्ेक दिन नुहााउनुहोस्।,59,50,0
SENT_0002780,CANC_003,Preventing Infections When Your White Blood Cell Count is Low,cancer_treatment,20,1,ne,• पाानीमाा फोकाा निकाालेर ननुहााउनुहोस् वाा ताातो पाानीको टबहरूको प्रयोग नगर्नुहोस्।,84,73,0
SENT_0002781,CANC_003,Preventing Infections When Your White Blood Cell Count is Low,cancer_treatment,21,1,ne,"• आफनो छाालाामाा घााउ, बिबिराा, राातोपन र सुन्निएको छछ कि भनी नजिकैबााट जााँच गर्नुहोस्।",88,72,0
SENT_0002782,CANC_003,Preventing Infections When Your White Blood Cell Count is Low,cancer_treatment,21,2,ne,तपााईंलााई समस्याहरू परेमाा आफनो चिकितसकलााई कल गर्नुहोस्।,58,52,0
SENT_0002783,CANC_003,Preventing Infections When Your White Blood Cell Count is Low,cancer_treatment,22,1,en,"• After you urinate or have a bowel movement, always wipe from your front to your back.",87,0,68
SENT_0002784,CANC_003,Preventing Infections When Your White Blood Cell Count is Low,cancer_treatment,22,2,en,Wash your hands.,16,0,13
SENT_0002785,CANC_003,Preventing Infections When Your White Blood Cell Count is Low,cancer_treatment,23,1,en,• Use an electric razor for shaving to avoid cuts.,50,0,39
SENT_0002786,CANC_003,Preventing Infections When Your White Blood Cell Count is Low,cancer_treatment,24,1,en,• Use a soft bristle toothbrush to clean your teeth after eating and before bedtime.,84,0,68
SENT_0002787,CANC_003,Preventing Infections When Your White Blood Cell Count is Low,cancer_treatment,24,2,en,"If you have dentures, clean them in the morning and evening.",60,0,48
SENT_0002788,CANC_003,Preventing Infections When Your White Blood Cell Count is Low,cancer_treatment,25,1,en,• Inspect your mouth each day.,30,0,23
SENT_0002789,CANC_003,Preventing Infections When Your White Blood Cell Count is Low,cancer_treatment,25,2,en,"Call your doctor if you have any redness, white patches, cuts or bumps.",71,0,56
SENT_0002790,CANC_003,Preventing Infections When Your White Blood Cell Count is Low,cancer_treatment,26,1,en,• Wear a mask or leave the room when it is being cleaned.,57,0,43
SENT_0002791,CANC_003,Preventing Infections When Your White Blood Cell Count is Low,cancer_treatment,27,1,en,• Do not use douches or tampons.,32,0,24
SENT_0002792,CANC_003,Preventing Infections When Your White Blood Cell Count is Low,cancer_treatment,28,1,en,• Use a condom and a water-based lubricant such as K-Y Jelly when having sexual intercourse.,92,0,73
SENT_0002793,CANC_003,Preventing Infections When Your White Blood Cell Count is Low,cancer_treatment,28,2,en,Do not use a diaphragm or IUD.,30,0,23
SENT_0002794,CANC_003,Preventing Infections When Your White Blood Cell Count is Low,cancer_treatment,30,1,en,• Do not eat raw or undercooked foods such as:,46,0,35
SENT_0002795,CANC_003,Preventing Infections When Your White Blood Cell Count is Low,cancer_treatment,32,1,en,"• Cook meat, fish and eggs well done.",37,0,27
SENT_0002796,CANC_003,Preventing Infections When Your White Blood Cell Count is Low,cancer_treatment,33,1,en,"• Use only pasteurized milk, cheeses, yogurt or cream.",54,0,42
SENT_0002797,CANC_003,Preventing Infections When Your White Blood Cell Count is Low,cancer_treatment,34,1,en,• Do not leave drinks sitting out for more than 2 hours.,56,0,42
SENT_0002798,CANC_003,Preventing Infections When Your White Blood Cell Count is Low,cancer_treatment,36,1,en,• Get plenty of rest.,21,0,15
SENT_0002799,CANC_003,Preventing Infections When Your White Blood Cell Count is Low,cancer_treatment,36,2,en,Try to get about 8 hours of sleep a night.,42,0,31
SENT_0002800,CANC_003,Preventing Infections When Your White Blood Cell Count is Low,cancer_treatment,37,1,en,"• Walk, or at least sit up in a chair, 3 to 4 times a day.",58,0,37
SENT_0002801,CANC_003,Preventing Infections When Your White Blood Cell Count is Low,cancer_treatment,37,2,en,Pace yourself and do not get too tired.,39,0,31
SENT_0002802,CANC_003,Preventing Infections When Your White Blood Cell Count is Low,cancer_treatment,38,1,en,"• Avoid people with infections such as colds, flu, cold sores, shingles, chicken pox, measles and mumps.",104,0,81
SENT_0002803,CANC_003,Preventing Infections When Your White Blood Cell Count is Low,cancer_treatment,39,1,ne,"• तपााईंले पिसाब फेरिसकेपछि वाा दिसाा गरीसकेपछि, सधै आफनो अगााडि देखि पछााडिसमम पुछनुहोस्।",90,76,0
SENT_0002804,CANC_003,Preventing Infections When Your White Blood Cell Count is Low,cancer_treatment,39,2,ne,आफ्नाा हाातहरू धुनुहोस्।,24,22,0
SENT_0002805,CANC_003,Preventing Infections When Your White Blood Cell Count is Low,cancer_treatment,40,1,ne,• घााउ हुनबााट रोकनको लागि विद्ुतीय रेजरको प्रयोग गर्नुहोस्,59,50,0
SENT_0002806,CANC_003,Preventing Infections When Your White Blood Cell Count is Low,cancer_treatment,41,1,ne,• आफनो दााँतलााइ सफाा रााखन खाानाा खााएपछि र सुतने समयको अघि नरम ब्रिसटल दााँत मााझने ब्रसको प्रयोग गर्नुहोस्।,110,92,0
SENT_0002807,CANC_003,Preventing Infections When Your White Blood Cell Count is Low,cancer_treatment,41,2,ne,"तपााईंसँग कृत्रिम दााँत छछ भने, तिनीहरूलााई बिहाान र सााँझ सफाा गर्नुहोस्।",74,63,0
SENT_0002808,CANC_003,Preventing Infections When Your White Blood Cell Count is Low,cancer_treatment,42,1,ne,• आफनो मुखलााई प्रत्ेक दिन निरीक्षण गर्नुहोस्।,46,39,0
SENT_0002809,CANC_003,Preventing Infections When Your White Blood Cell Count is Low,cancer_treatment,42,2,ne,"तपााईंसँग राातोपन, सेताा धब्बाा, घााउहरू वाा सुन्निने भएको छछ भने आफनो चिकितसकलााई कल गर्नुहोस्।",96,81,0
SENT_0002810,CANC_003,Preventing Infections When Your White Blood Cell Count is Low,cancer_treatment,43,1,ne,• आफनो कोठाालााई सफाा गरिदाा माासक लगााउनुहोस् वाा कोठाबाा ट निसकनुहोस्।,72,61,0
SENT_0002811,CANC_003,Preventing Infections When Your White Blood Cell Count is Low,cancer_treatment,44,1,ne,• डुस वाा ट्यामपुनको प्रयोग नगर्नुहोस्।,39,33,0
SENT_0002812,CANC_003,Preventing Infections When Your White Blood Cell Count is Low,cancer_treatment,45,1,ne,• यौन सम्पर्क गर्दा कण्डम र K-Y जेली जसतो पाानीमाा आधाारित लूब्रिकेनटको प्रयोग गर्नुहोस्।,89,72,2
SENT_0002813,CANC_003,Preventing Infections When Your White Blood Cell Count is Low,cancer_treatment,47,1,ne,• कााँचो वाा कम पााकेको खाानााहरू नखाानुहोस् जसतै:,50,41,0
SENT_0002814,CANC_003,Preventing Infections When Your White Blood Cell Count is Low,cancer_treatment,49,1,ne,"• माासु, माछाा र अण्डाालााई रााम्ी पकााउनुहोस्।",47,39,0
SENT_0002815,CANC_003,Preventing Infections When Your White Blood Cell Count is Low,cancer_treatment,50,1,ne,"• पाश्वरीकृत दुध, पनीर, दही वाा क्रिमको माात्र प्रयोग गर्नुहोस्।",64,52,0
SENT_0002816,CANC_003,Preventing Infections When Your White Blood Cell Count is Low,cancer_treatment,51,1,ne,• 2 घण्टाा भन्दाा बढिको लागि पेय पदार्थहरूलााई बाहिर नरााखनुहोस्।,65,54,0
SENT_0002817,CANC_003,Preventing Infections When Your White Blood Cell Count is Low,cancer_treatment,53,1,ne,• पर्याापत आरााम गर्नुहोस्।,27,23,0
SENT_0002818,CANC_003,Preventing Infections When Your White Blood Cell Count is Low,cancer_treatment,53,2,ne,राातमाा कम्तिमाा पनि लगभग 8 घण्टाा सुतने प्रयायास गर्नुहोस्।,60,51,0
SENT_0002819,CANC_003,Preventing Infections When Your White Blood Cell Count is Low,cancer_treatment,54,1,ne,• दिनको 3 देखि 4 पटक हिडनुहोस् वाा कुर्सीीमाा भएपनि बसनुहोस्।,61,48,0
SENT_0002820,CANC_003,Preventing Infections When Your White Blood Cell Count is Low,cancer_treatment,54,2,ne,आफनो तनाावलााई कम गर्नुहोस् र एकदमै थकित महसुस नगर्नुहोस्।,58,50,0
SENT_0002821,CANC_003,Preventing Infections When Your White Blood Cell Count is Low,cancer_treatment,55,1,ne,"• रूघाा, फ्लूू, चिसोको पिडाा, दाद, मम्प्स,दादुराा र ठेउलााहरू जस्ताा रोगबााट संक्रमण भएको माानिसबााट टाढाा रहनुहोस्।",116,95,0
SENT_0002822,CANC_003,Preventing Infections When Your White Blood Cell Count is Low,cancer_treatment,56,1,en,"© 2005 - March 13, 2018, Health Information Translations.",57,0,34
SENT_0002823,CANC_003,Preventing Infections When Your White Blood Cell Count is Low,cancer_treatment,57,1,en,a result of your stopping medical treatment or your failure to obtain treatment.,80,0,67
SENT_0002824,CANC_003,Preventing Infections When Your White Blood Cell Count is Low,cancer_treatment,58,1,en,• Avoid people who have had vaccines in the past few weeks.,59,0,46
SENT_0002825,CANC_003,Preventing Infections When Your White Blood Cell Count is Low,cancer_treatment,58,2,en,"Vaccines could be for polio, rubella, mumps, measles, yellow fever or smallpox.",79,0,63
SENT_0002826,CANC_003,Preventing Infections When Your White Blood Cell Count is Low,cancer_treatment,59,1,en,• Ask your doctor before getting vaccines when your WBC count is low.,69,0,55
SENT_0002827,CANC_003,Preventing Infections When Your White Blood Cell Count is Low,cancer_treatment,60,1,en,"• Do not clean birdcages, fish tanks or cat litter boxes.",57,0,44
SENT_0002828,CANC_003,Preventing Infections When Your White Blood Cell Count is Low,cancer_treatment,60,2,en,"If there is no one to help you, wear rubber gloves and throw them away after every use.",87,0,68
SENT_0002829,CANC_003,Preventing Infections When Your White Blood Cell Count is Low,cancer_treatment,61,1,en,• Wear gloves when gardening.,29,0,23
SENT_0002830,CANC_003,Preventing Infections When Your White Blood Cell Count is Low,cancer_treatment,61,2,en,Avoid plants and live flowers in vases.,39,0,32
SENT_0002831,CANC_003,Preventing Infections When Your White Blood Cell Count is Low,cancer_treatment,62,1,en,• Have your furnace filters changed each month.,47,0,38
SENT_0002832,CANC_003,Preventing Infections When Your White Blood Cell Count is Low,cancer_treatment,63,1,en,Call your doctor right away if you have:,40,0,32
SENT_0002833,CANC_003,Preventing Infections When Your White Blood Cell Count is Low,cancer_treatment,64,1,en,• A fever over 100.,19,0,10
SENT_0002834,CANC_003,Preventing Infections When Your White Blood Cell Count is Low,cancer_treatment,65,1,en,• Chills or sweats,18,0,14
SENT_0002835,CANC_003,Preventing Infections When Your White Blood Cell Count is Low,cancer_treatment,66,1,en,"• Any signs of infection such as redness, warmth, swelling, drainage or pain",76,0,60
SENT_0002836,CANC_003,Preventing Infections When Your White Blood Cell Count is Low,cancer_treatment,67,1,en,• Sweats,8,0,6
SENT_0002837,CANC_003,Preventing Infections When Your White Blood Cell Count is Low,cancer_treatment,68,1,en,• Feel more tired,17,0,13
SENT_0002838,CANC_003,Preventing Infections When Your White Blood Cell Count is Low,cancer_treatment,69,1,en,• Sore throat or mouth,22,0,17
SENT_0002839,CANC_003,Preventing Infections When Your White Blood Cell Count is Low,cancer_treatment,70,1,en,• A cough,9,0,6
SENT_0002840,CANC_003,Preventing Infections When Your White Blood Cell Count is Low,cancer_treatment,71,1,en,• Pain or burning when passing urine,36,0,29
SENT_0002841,CANC_003,Preventing Infections When Your White Blood Cell Count is Low,cancer_treatment,72,1,en,• Cloudy or bloody urine Talk to your doctor or nurse if you have any questions or concerns,91,0,73
SENT_0002842,CANC_003,Preventing Infections When Your White Blood Cell Count is Low,cancer_treatment,73,1,ne,• विगतकाा केहि हप्ताामाा खोपहरू लगााएको माानिसबााट टाढाा रहनुहोस्।,66,57,0
SENT_0002843,CANC_003,Preventing Infections When Your White Blood Cell Count is Low,cancer_treatment,73,2,ne,"खोपहरू पोलियो, रूबेलाा, मम्प्स, दादुराा, पहेँलो जवरो वाा ठेउलााकाा पनि हुनसक्छन्।",81,67,0
SENT_0002844,CANC_003,Preventing Infections When Your White Blood Cell Count is Low,cancer_treatment,74,1,ne,• तपााईंको WBC को संख्या कम हुँदाा खोपहरू लगााउनु अघि आफ्नि चिकितसकलााई अनुरोध गर्नुहोस्।,89,72,3
SENT_0002845,CANC_003,Preventing Infections When Your White Blood Cell Count is Low,cancer_treatment,75,1,ne,"• बर्डकेज, माछाा ट्याङ्क वाा बिराालो बसने बााकसहरूलााई सफाा नगर्नुहोस्।",71,60,0
SENT_0002846,CANC_003,Preventing Infections When Your White Blood Cell Count is Low,cancer_treatment,75,2,ne,"तपााईंलााई मद्दत गर्नेे कोहि पनि छछैनन् भने, रबर पञ्जााहरू लगााउनुहोस् र प्रत्ेक प्रयोग पछि तिनीहरूलााई फाालनुहोस्।",115,99,0
SENT_0002847,CANC_003,Preventing Infections When Your White Blood Cell Count is Low,cancer_treatment,76,1,ne,• गार्डनिङ गर्दा पञ्जााहरू लगााउनुहोस् भेसहरूमाा बिरूवाा र फूूलहरू रोपन रोकनुहोस्।,82,71,0
SENT_0002848,CANC_003,Preventing Infections When Your White Blood Cell Count is Low,cancer_treatment,77,1,ne,• प्रत्ेक महिनाा आफनो भट्ी फिलटरहरू परिवर्तन गर्नुहुन्छ।,56,48,0
SENT_0002849,CANC_003,Preventing Infections When Your White Blood Cell Count is Low,cancer_treatment,78,1,ne,तपाईंलाई निम्न समस्ाहरू भएमा तुरून्तै आफ्नो चिकितसकलाई फोन गर्नुहोस्:,69,60,0
SENT_0002850,CANC_003,Preventing Infections When Your White Blood Cell Count is Low,cancer_treatment,79,1,unknown,• 100.,6,0,0
SENT_0002851,CANC_003,Preventing Infections When Your White Blood Cell Count is Low,cancer_treatment,80,1,ne,• चिसो लाागने वाा पसिनाा आउने,29,23,0
SENT_0002852,CANC_003,Preventing Infections When Your White Blood Cell Count is Low,cancer_treatment,81,1,ne,"• राातोपन, न्यानोपन, सुन्निने, निकाास वाा दुखााई जस्ताा सङ्क्रमणकाा कुनै पनि संकेतहरू",85,70,0
SENT_0002853,CANC_003,Preventing Infections When Your White Blood Cell Count is Low,cancer_treatment,82,1,ne,• पसिनाा आउने,13,10,0
SENT_0002854,CANC_003,Preventing Infections When Your White Blood Cell Count is Low,cancer_treatment,83,1,ne,• अत्यनतै थकित महसुस गर्नेे,27,22,0
SENT_0002855,CANC_003,Preventing Infections When Your White Blood Cell Count is Low,cancer_treatment,84,1,ne,• घााँटी वाा मुख दुखने,22,17,0
SENT_0002856,CANC_003,Preventing Infections When Your White Blood Cell Count is Low,cancer_treatment,85,1,ne,• खोकी लाागने,13,10,0
SENT_0002857,CANC_003,Preventing Infections When Your White Blood Cell Count is Low,cancer_treatment,86,1,ne,• पिसाब फेर्दा दुखने वाा पोलने,30,24,0
SENT_0002858,CANC_003,Preventing Infections When Your White Blood Cell Count is Low,cancer_treatment,87,1,ne,• सफाा नभएको वाा रगत मिसिएको पिसाब कुनैै पनि प्रश्न वा जिज्ासा भएमा आफ्नो चिकितसक वा नर्सँग कुरा गर्नुहोस्,106,87,0
SENT_0002859,FLU_001,Home Care for Pandemic Flu,flu,2,1,en,"When many people get a disease at the same time, it is called a pandemic.",73,0,57
SENT_0002860,FLU_001,Home Care for Pandemic Flu,flu,3,1,en,Pandemic flu is caused when many people get sick or infected from a new flu virus.,82,0,66
SENT_0002861,FLU_001,Home Care for Pandemic Flu,flu,4,1,en,Flu virus is spread through coughing and sneezing by people who have the flu.,77,0,63
SENT_0002862,FLU_001,Home Care for Pandemic Flu,flu,4,2,en,"The flu also spreads when a person touches a surface or an object with the flu virus on it and then touches their eyes, nose or mouth.",134,0,106
SENT_0002863,FLU_001,Home Care for Pandemic Flu,flu,5,1,en,Flu virus can live for up to 24 hours on a solid surface.,57,0,42
SENT_0002864,FLU_001,Home Care for Pandemic Flu,flu,6,1,en,"The signs of seasonal flu are fever, cough, sore throat, runny or stuffy nose, muscle aches, headache, chills and fatigue.",122,0,96
SENT_0002865,FLU_001,Home Care for Pandemic Flu,flu,6,2,en,Some people have vomiting and diarrhea.,39,0,33
SENT_0002866,FLU_001,Home Care for Pandemic Flu,flu,6,3,en,"The signs of pandemic flu are the same, but they may be more severe and affect more people.",91,0,72
SENT_0002867,FLU_001,Home Care for Pandemic Flu,flu,7,1,en,"If you or a loved one has signs of pandemic flu, stay home and avoid contact with others.",89,0,70
SENT_0002868,FLU_001,Home Care for Pandemic Flu,flu,8,1,en,"If you are caring for a loved one during a pandemic, take steps to protect yourself and others.",95,0,76
SENT_0002869,FLU_001,Home Care for Pandemic Flu,flu,8,2,en,Listen for information from local and state officials on how to care for a person ill with the flu.,99,0,80
SENT_0002870,FLU_001,Home Care for Pandemic Flu,flu,9,1,en,Gather these supplies to prepare for pandemic flu:,50,0,42
SENT_0002871,FLU_001,Home Care for Pandemic Flu,flu,16,1,ne,एकै समयमा धेरैजनालाई कुनै बिमारी हुन्छ भने त्यसलाई महामारी भनिन्छ।,66,57,0
SENT_0002872,FLU_001,Home Care for Pandemic Flu,flu,16,2,ne,महामारी फ्लू त्यतिबेला हुन्छ जब थुप्ै मानिसहरू बिरामी पर्छन् वा नयाँ फ्लू भाइरसले संक्रमित हुन्छन्।,99,85,0
SENT_0002873,FLU_001,Home Care for Pandemic Flu,flu,16,3,ne,फ्लू भाइरस यस्ा मानिसहरूले खोक्ा वा हाच्छिउँ गर्दा फैलन्छ जसलाई फ्लू भएको हुन्छ।,80,68,0
SENT_0002874,FLU_001,Home Care for Pandemic Flu,flu,16,4,ne,"फ्लू त्यतिबेला फैलन्छ जब कुनै मानिसले फ्लू भाइरस भएको सतह वा वस्ुलाई छछ ुन्छ अनि आफनो आँखा, नाक वा मुखलाई छछुन्छ।",113,92,0
SENT_0002875,FLU_001,Home Care for Pandemic Flu,flu,17,1,ne,फ्लू भाइरस ठोस सतहमा 24 घण्ासम्म जीवित रहन सक्छ।,48,38,0
SENT_0002876,FLU_001,Home Care for Pandemic Flu,flu,18,1,ne,"मौसमी फ्लूका लक्षणहरू ज्वरो आउनु, खोक्ु, घाँटी दुख्नु, सिंघान बग्ु वा नाक बन्द हुनु, मांसपेशीहरू दुख्नु, टाउको दुख्नु, जाडो लाग्ु र थकाइ लाग्ु हुन्।",148,119,0
SENT_0002877,FLU_001,Home Care for Pandemic Flu,flu,19,1,ne,केही मानिसहरूलाई वान्ा र पखाला पनि हुन्छ।,41,35,0
SENT_0002878,FLU_001,Home Care for Pandemic Flu,flu,20,1,ne,"महामारी फ्लूका लक्षणहरू पनि यस्ै हुन्छन्, तर यो धेरै गम्ीर हुन सक्छ र यसले धेरै मानिसहरूलाई प्रभावित गर्छ।",106,88,0
SENT_0002879,FLU_001,Home Care for Pandemic Flu,flu,20,2,ne,तपाईं र तपाईंका प्रियजनहरूलाई महामारी फ्लू हुन्छ भने घरमा नै रहनुहोस् र अरूहरूसित संसर्गबाट बच्ुहोस्।,101,87,0
SENT_0002880,FLU_001,Home Care for Pandemic Flu,flu,21,1,ne,महामारीको दौरान आफना प्रियजनहरूलाई माया गर्नुहुन्छ भने आफैलाई र अन्यहरूलाई सुरक्षित राख्न पाइलाहरू सार्नुहोस्।,110,97,0
SENT_0002881,FLU_001,Home Care for Pandemic Flu,flu,21,2,ne,फ्लू लागेको व्यक््तिको हेरचाह कसरी गर्ने भन्े बारेमा सथानीय वा राज्य अधिकारीहरूले दिने जानकारीहरूमाथि ध्ान दिनुहोस्।,116,101,0
SENT_0002882,FLU_001,Home Care for Pandemic Flu,flu,22,1,ne,महामारी फ्लूबाट बाँच्े तयारीका लागि निम्न सामग्ीहरू जम्ा गर्नुहोस्:,67,58,0
SENT_0002883,FLU_001,Home Care for Pandemic Flu,flu,27,1,en,"Fluids with electrolytes and vitamins such as sports drinks like Gatorade, Powerade or Pedialyte (for children)",111,0,93
SENT_0002884,FLU_001,Home Care for Pandemic Flu,flu,29,1,en,Note:,5,0,4
SENT_0002885,FLU_001,Home Care for Pandemic Flu,flu,30,1,en,• Do not give aspirin or aspirin-based products to children.,60,0,48
SENT_0002886,FLU_001,Home Care for Pandemic Flu,flu,30,2,en,"It may cause a rare, but serious illness called Reye’s syndrome.",64,0,51
SENT_0002887,FLU_001,Home Care for Pandemic Flu,flu,31,1,en,• Check with a doctor before giving cold medicines for flu signs to children 4 years old or younger.,100,0,79
SENT_0002888,FLU_001,Home Care for Pandemic Flu,flu,33,1,en,• Call your doctor to report your loved one’s flu signs.,56,0,43
SENT_0002889,FLU_001,Home Care for Pandemic Flu,flu,33,2,en,Your doctor will give you advice about home care or tell you if emergency care is needed.,89,0,72
SENT_0002890,FLU_001,Home Care for Pandemic Flu,flu,34,1,en,"• Write down the date, time, fever, signs, medicines given and dosage.",70,0,53
SENT_0002891,FLU_001,Home Care for Pandemic Flu,flu,34,2,en,Make a note when his or her flu signs change.,45,0,35
SENT_0002892,FLU_001,Home Care for Pandemic Flu,flu,35,1,en,"• Give plenty of fluids to prevent dehydration, which can be serious.",69,0,55
SENT_0002893,FLU_001,Home Care for Pandemic Flu,flu,35,2,en,"Make sure the ill person drinks plenty of fluids, ice and foods such as soup and broth at the first signs of the flu.",117,0,92
SENT_0002894,FLU_001,Home Care for Pandemic Flu,flu,35,3,en,"If your loved one has diarrhea or vomiting, give fluids that contain electrolytes and vitamins.",95,0,79
SENT_0002895,FLU_001,Home Care for Pandemic Flu,flu,35,4,en,"If fluids make nausea worse, give one sip at a time until his or her nausea improves.",85,0,67
SENT_0002896,FLU_001,Home Care for Pandemic Flu,flu,36,1,en,"• Medicines to ease the signs of the flu, such as antiviral medicines, may be ordered by your doctor.",101,0,79
SENT_0002897,FLU_001,Home Care for Pandemic Flu,flu,37,1,ne,"जीवाणुनाशक क््लिनर वा ब््लिचयुक्त क््लिनर डिस्ोजेबल दस्ानाको बक्स सूूप र ब्ोथका क्ानहरू इलेक्ट्ोलाइट्स र भिटामिनहरू भएका पेय पदार्थहरू जस्ै स्पोर्ट्स ड्रिङ्क्स गाटोरेड, पावरएड वा पेडियालाइट (बच्ाहरूका लागि) ज्वरो कम गर्ने औषधीहरू जस्ै एसेटामिनोफेन वा इबुप्ोफेन याद राख्नुहोस्:",276,236,0
SENT_0002898,FLU_001,Home Care for Pandemic Flu,flu,38,1,ne,• बच्ाहरूलाई एस्पिरिन वा एस्पिरिनयुक्त उत्ादनहरू नखुवाउनुहोस्।,62,55,0
SENT_0002899,FLU_001,Home Care for Pandemic Flu,flu,38,2,ne,यसले रेये’ज सिन्ड्रोोम (Reye’s syndrome) भनिने बिरला तर गम्ीर बिमारी हुन सक्छ।,78,50,13
SENT_0002900,FLU_001,Home Care for Pandemic Flu,flu,39,1,ne,• चार वर्ष वा त्यसभन्दा कम उमेरका बच्ाहरूलाई फ्लूको लक्षण हुँदा रूघाको औषधी खुवाउनु अघि डक्टरलाई सोध्नुहोस्।,108,91,0
SENT_0002901,FLU_001,Home Care for Pandemic Flu,flu,41,1,ne,• तपाईंका प्रियजनहरूमा फ्लूका लक्षण देखि ँदा डक्टरलाई फोन गरेर जानकारी दिनुहोस्।,80,68,0
SENT_0002902,FLU_001,Home Care for Pandemic Flu,flu,42,1,ne,तपाईंका डक्टरले घरमा गरिने हेरचाहबारे तपाईंलाई सल्ाह दिनेछछ न् वा आपत्ालीन सेवाको आवश्यकता छछ भने तपाईंलाई बताउनेछछ न्।,119,102,0
SENT_0002903,FLU_001,Home Care for Pandemic Flu,flu,43,1,ne,"• मिति, समय, ज्वरो, लक्षणहरू, खुवाइएको औषधी र खुराकलाई कागतमा लेख्नुहोस्।",73,58,0
SENT_0002904,FLU_001,Home Care for Pandemic Flu,flu,43,2,ne,उसमा फ्लूका लक्षणहरूमा परिवर्तन हुन्छ भने त्यसलाई नोट गर्नुहोस्।,64,56,0
SENT_0002905,FLU_001,Home Care for Pandemic Flu,flu,44,1,ne,• शरीरमा पानीको कमी गम्ीर हुन सक्छ त्यसैले उसलाई पर्याप्त मात्ामा पेय पदार्थ पिलाउनुहोस्।,89,75,0
SENT_0002906,FLU_001,Home Care for Pandemic Flu,flu,44,2,ne,"फ्लूका प्ारम्भिक लक्षणहरू देखिँदा बिरामी व्यक््तिले पर्याप्त मात्ामा तरल पदार्थ, बरफ र सूूप अनि ब्ोथ जस्ा तरल पदार्थहरू पिओस् भन्े सुनिश्चित गर्नुहोस्।",151,129,0
SENT_0002907,FLU_001,Home Care for Pandemic Flu,flu,44,3,ne,तपाईंको प्रियजनलाई पखाला लागेको छछ वा वान्ा भइरहेको छछ भने उसलाई इलेक्ट्ोलाइट्स र भिटामिनहरूयुक्त तरल पदार्थ पिलाउनुहोस्।,121,105,0
SENT_0002908,FLU_001,Home Care for Pandemic Flu,flu,44,4,ne,तरल पदार्थले उसलाई झनै वाकवाकी लाग्छ भने उसलाई वाकवाकी लाग्न बन्द नहुञ्ेल तरल पदार्थ अलि-अलि मात्ामा पिलाउनुहोस्।,113,96,0
SENT_0002909,FLU_001,Home Care for Pandemic Flu,flu,45,1,ne,• फ्लूका लक्षणहरूलाई कम गर्ने औषधीहरू जस्ै एन्टिभाइरल औषधीहरूको निर्देेशन तपाईंका डक्टरले दिनेछछ न्।,100,86,0
SENT_0002910,FLU_001,Home Care for Pandemic Flu,flu,46,1,en,• To help reduce a fever give:,30,0,22
SENT_0002911,FLU_001,Home Care for Pandemic Flu,flu,47,1,en,Plenty of fluids.,17,0,14
SENT_0002912,FLU_001,Home Care for Pandemic Flu,flu,48,1,en,"A fever-reducing medicine, such as acetaminophen or ibuprofen.",62,0,52
SENT_0002913,FLU_001,Home Care for Pandemic Flu,flu,48,2,en,Do not give aspirin to anyone younger than 18 years old.,56,0,43
SENT_0002914,FLU_001,Home Care for Pandemic Flu,flu,49,1,en,A sponge bath with lukewarm water for fever.,44,0,36
SENT_0002915,FLU_001,Home Care for Pandemic Flu,flu,50,1,en,• Be sure all family members get enough rest.,45,0,35
SENT_0002916,FLU_001,Home Care for Pandemic Flu,flu,51,1,en,• Avoid alcohol and tobacco products to stay healthy.,53,0,43
SENT_0002917,FLU_001,Home Care for Pandemic Flu,flu,52,1,en,Call your doctor again if your loved one has:,45,0,36
SENT_0002918,FLU_001,Home Care for Pandemic Flu,flu,53,1,en,• A fever over 104 degrees Fahrenheit (F) or 40 degrees Celsius (C) for adults or children over 2 years old.,108,0,76
SENT_0002919,FLU_001,Home Care for Pandemic Flu,flu,54,1,en,• A fever over 102 degrees F or 38.,35,0,20
SENT_0002920,FLU_001,Home Care for Pandemic Flu,flu,54,2,en,9 degrees C for babies 3 to 24 months old.,42,0,28
SENT_0002921,FLU_001,Home Care for Pandemic Flu,flu,55,1,en,• A fever of 100.,17,0,8
SENT_0002922,FLU_001,Home Care for Pandemic Flu,flu,55,2,en,4 degrees F or 38 degrees C for babies less than 3 months old.,62,0,44
SENT_0002923,FLU_001,Home Care for Pandemic Flu,flu,56,1,en,• A fever of 100.,17,0,8
SENT_0002924,FLU_001,Home Care for Pandemic Flu,flu,56,2,en,4 degrees F or 38 degrees C for three days for children 6 months or older.,74,0,54
SENT_0002925,FLU_001,Home Care for Pandemic Flu,flu,57,1,en,• Children of any age who have a seizure with fever.,52,0,40
SENT_0002926,FLU_001,Home Care for Pandemic Flu,flu,57,2,en,Seizures happen when a child between 6 months and 6 years of age have a temperature greater than 100.,101,0,77
SENT_0002927,FLU_001,Home Care for Pandemic Flu,flu,57,3,en,4 degrees F or 38 degrees C.,28,0,18
SENT_0002928,FLU_001,Home Care for Pandemic Flu,flu,58,1,en,• A cough that produces thick mucus.,36,0,28
SENT_0002929,FLU_001,Home Care for Pandemic Flu,flu,59,1,en,• Signs of dehydration such as dry mouth or great thirst.,57,0,45
SENT_0002930,FLU_001,Home Care for Pandemic Flu,flu,60,1,en,• Flu signs that get better and then get worse.,47,0,36
SENT_0002931,FLU_001,Home Care for Pandemic Flu,flu,61,1,en,• Worsening of other medical conditions such as heart disease or diabetes.,74,0,61
SENT_0002932,FLU_001,Home Care for Pandemic Flu,flu,62,1,ne,• ज्वरो कम गर्नमा मद्दत दिनका लागि गर्नु पर्नेःः 4 पर्याप्त तरल पदार्थ पिलाउने।,79,64,0
SENT_0002933,FLU_001,Home Care for Pandemic Flu,flu,63,1,ne,4 ज्वरो घटाउने औषधी जस्ै एसेटामिनोफेन वा इबुप्ोफेन खुवाउने।,59,50,0
SENT_0002934,FLU_001,Home Care for Pandemic Flu,flu,63,2,ne,18 वर्षभन्दा कम आयु भएकाहरूलाई एस्पिरिन नदिने।,46,38,0
SENT_0002935,FLU_001,Home Care for Pandemic Flu,flu,64,1,ne,4 मनतातो पानीमा स्ोनज भिजाएर पुछिदिने।,38,32,0
SENT_0002936,FLU_001,Home Care for Pandemic Flu,flu,65,1,ne,• परिवारका सबै सदस्यहरूले पर्याप्त आराम पाउन् भनी सुनिश्चित गर्ने।,66,56,0
SENT_0002937,FLU_001,Home Care for Pandemic Flu,flu,66,1,ne,• स्वसथ रहनका लागि अल्ोहल र तमाखुजन्य उत्पादनहरूको प्रयोग नगर्ने।,65,55,0
SENT_0002938,FLU_001,Home Care for Pandemic Flu,flu,67,1,ne,तपाईंका प्रियजनलाई निम्न अवस्ा हुन्छ भने डक्टरलाई फोन गर्नुहोस्:,64,55,0
SENT_0002939,FLU_001,Home Care for Pandemic Flu,flu,68,1,ne,• वयस्कहरू वा 2 वर्षभन्दा माथि आयु भएकाहरूलाई 104 डिग्ी फेहरेनहेट (F) वा 40 डिग्ी सेल््सियस (C) भन्दा माथि ज्वरो आउँछछ भने।,123,89,2
SENT_0002940,FLU_001,Home Care for Pandemic Flu,flu,69,1,ne,• 3 देखि 24 महिना आयुका शिशुहरूलाई 102 डिग्ी F वा 38.,53,31,1
SENT_0002941,FLU_001,Home Care for Pandemic Flu,flu,69,2,ne,9 डिग्ी C ज्वरो आउँछछ भने।,26,19,1
SENT_0002942,FLU_001,Home Care for Pandemic Flu,flu,70,1,ne,• 3 महिनाभन्दा कम आयुका शिशुहरूलाई 100.,39,27,0
SENT_0002943,FLU_001,Home Care for Pandemic Flu,flu,70,2,ne,4 F वा 38 डिग्ी C ज्वरो आउँछछ भने।,34,21,2
SENT_0002944,FLU_001,Home Care for Pandemic Flu,flu,71,1,ne,• 6 महिना वा त्यसभन्दा बढी आयुका बच्ाहरूलाई तीन दिनसम्म 100.,60,44,0
SENT_0002945,FLU_001,Home Care for Pandemic Flu,flu,71,2,ne,4 डिग्ी F वा 38 डिग्ी C ज्वरो रहन्छ भने।,40,26,2
SENT_0002946,FLU_001,Home Care for Pandemic Flu,flu,72,1,ne,• कुनैपनि आयुको बच्ालाई ज्वरोका साथ दौरा पर्छ भने।,50,41,0
SENT_0002947,FLU_001,Home Care for Pandemic Flu,flu,72,2,ne,6 महिनादेखि 6 वर्ष आयु बिचका बच्ाहरूलाई 100.,44,31,0
SENT_0002948,FLU_001,Home Care for Pandemic Flu,flu,72,3,ne,4 डिग्ी F वा 38 डिग्ी C भन्दा बढी ज्वरो आउँदा दौरा पर्न सक्छ।,61,43,2
SENT_0002949,FLU_001,Home Care for Pandemic Flu,flu,73,1,ne,• बाक्लो खकार निस्कने खोकी छछ भने।,34,27,0
SENT_0002950,FLU_001,Home Care for Pandemic Flu,flu,74,1,ne,• शरीरमा पानीको कमीका लक्षणहरू जस्ै मुख सुक्छ वा धेरै तिर्खा लाग्छ भने।,71,58,0
SENT_0002951,FLU_001,Home Care for Pandemic Flu,flu,75,1,ne,• फ्लूका लक्षणहरू निको हुँदै जान्छन् अनि फेरि बिग्रन्छ भने।,59,49,0
SENT_0002952,FLU_001,Home Care for Pandemic Flu,flu,76,1,ne,• मुटुको रोग वा मधुमेह जस्ा अन्य स्वास्थ्य अवसथाहरू झनै बिग्रन्छन् भने।,71,59,0
SENT_0002953,FLU_001,Home Care for Pandemic Flu,flu,77,1,en,Call 911 or go to the emergency department if your loved one has:,65,0,49
SENT_0002954,FLU_001,Home Care for Pandemic Flu,flu,78,1,en,• Confusion or dizziness,24,0,20
SENT_0002955,FLU_001,Home Care for Pandemic Flu,flu,79,1,en,• Problems with breathing,25,0,21
SENT_0002956,FLU_001,Home Care for Pandemic Flu,flu,80,1,en,• Chest pain,12,0,9
SENT_0002957,FLU_001,Home Care for Pandemic Flu,flu,81,1,en,• Blue or gray skin color,25,0,19
SENT_0002958,FLU_001,Home Care for Pandemic Flu,flu,82,1,en,• A stiff neck,14,0,10
SENT_0002959,FLU_001,Home Care for Pandemic Flu,flu,83,1,en,• No ability to move an arm or leg,34,0,25
SENT_0002960,FLU_001,Home Care for Pandemic Flu,flu,84,1,en,• Seizures To prevent the spread of the flu virus to others:,60,0,47
SENT_0002961,FLU_001,Home Care for Pandemic Flu,flu,85,1,en,• Have the infected person and caregiver wear a facemask.,57,0,46
SENT_0002962,FLU_001,Home Care for Pandemic Flu,flu,86,1,en,• Wash your hands with soap and warm water before and after providing care or touching items that may have germs on them.,121,0,97
SENT_0002963,FLU_001,Home Care for Pandemic Flu,flu,87,1,en,Wash your hands briskly for 15 seconds.,39,0,30
SENT_0002964,FLU_001,Home Care for Pandemic Flu,flu,88,1,en,Clean under your nails.,23,0,19
SENT_0002965,FLU_001,Home Care for Pandemic Flu,flu,89,1,en,Use paper towels to dry your hands so you do not spread germs on shared towels.,79,0,63
SENT_0002966,FLU_001,Home Care for Pandemic Flu,flu,90,1,en,Use a paper towel to turn off the faucet.,41,0,32
SENT_0002967,FLU_001,Home Care for Pandemic Flu,flu,91,1,en,Apply alcohol-based hand sanitizer.,35,0,30
SENT_0002968,FLU_001,Home Care for Pandemic Flu,flu,92,1,en,Put enough liquid on your hands to moisten the front and back of your hands and fingers.,88,0,71
SENT_0002969,FLU_001,Home Care for Pandemic Flu,flu,92,2,en,Rub the liquid briskly like you are washing your hands.,55,0,45
SENT_0002970,FLU_001,Home Care for Pandemic Flu,flu,92,3,en,Be sure to moisten between your fingers.,40,0,33
SENT_0002971,FLU_001,Home Care for Pandemic Flu,flu,92,4,en,Rub your hands 15 to 30 seconds or until your hands are dry.,60,0,43
SENT_0002972,FLU_001,Home Care for Pandemic Flu,flu,93,1,ne,तपाईंका प्रियजनहरूलाई निम्न अवस्ा हुन्छ भने 911 मा फोन गर्नुहोस् वा आपत्ालीन विभागमा जानुहोस्:,94,77,0
SENT_0002973,FLU_001,Home Care for Pandemic Flu,flu,94,1,ne,• भ्रमित हुनु वा रिँगटा चलनु,28,22,0
SENT_0002974,FLU_001,Home Care for Pandemic Flu,flu,95,1,ne,• ालाको रङ नीलो वा कैलो देखि नु,31,23,0
SENT_0002975,FLU_001,Home Care for Pandemic Flu,flu,96,1,ne,• गर्दन अकडिनु,14,11,0
SENT_0002976,FLU_001,Home Care for Pandemic Flu,flu,97,1,ne,• हात वा खुट्ा हल्ाउन नसक्ु,27,21,0
SENT_0002977,FLU_001,Home Care for Pandemic Flu,flu,98,1,ne,• दौरा पर्नु फ्लू भाइरस अन्यहरूलाई सर्नबाट रोकथामका लागिः,57,48,0
SENT_0002978,FLU_001,Home Care for Pandemic Flu,flu,99,1,ne,• संक्रमित व्यक््ति र सुसारेलाई फेसमास्क लगाउन भन्ुहोस्।,56,48,0
SENT_0002979,FLU_001,Home Care for Pandemic Flu,flu,100,1,ne,• बिरामीको सुसार गर्नु अघि र पछि वा जीवाणुहरू हुन सक्े वस्ुहरूलाई छछोएपछि साबुन र मनतातो पानीले हातहरू धुनुहोस्।,112,93,0
SENT_0002980,FLU_001,Home Care for Pandemic Flu,flu,101,1,ne,4 आफना हातहरू तेजीले 15 सेकेन्डसम्म धुनुहोस्।,45,36,0
SENT_0002981,FLU_001,Home Care for Pandemic Flu,flu,102,1,ne,4 नङभित्र सफाइ गर्नुहोस्।,25,21,0
SENT_0002982,FLU_001,Home Care for Pandemic Flu,flu,103,1,ne,4 साझा तौलियाहरूमा जीवाणुहरू नसरोस भन्ाखातिर आफना हातहरूलाई पेपर तौलियाले पुछछ्नुहोस्।,86,75,0
SENT_0002983,FLU_001,Home Care for Pandemic Flu,flu,104,1,ne,4 पानीको कल बन्द गर्नका लागि पेपर तौलियाको प्रयोग गर्नुहोस्।,60,50,0
SENT_0002984,FLU_001,Home Care for Pandemic Flu,flu,105,1,ne,4 अल्ोहलयुक्त ह्ान्ड स्यानि टाइजरको प्रयोग गर्नुहोस्।,53,46,0
SENT_0002985,FLU_001,Home Care for Pandemic Flu,flu,105,2,ne,आफना हातका अगाडि र पछछाडिपट्टिका भाग र औँलीहरूलाई राम्ररी पुछछ्नका लागि पर्याप्त द्रव्यको प्रयोग गर्नुहोस्।,107,93,0
SENT_0002986,FLU_001,Home Care for Pandemic Flu,flu,106,1,ne,हातहरू धोए जसरीनै द्रव्यलाई हातमा तेजीले रगड्नुहोस्।,52,46,0
SENT_0002987,FLU_001,Home Care for Pandemic Flu,flu,106,2,ne,औँलीहरूको बीचमा द्रव्य राम्ररी पुगोस् भन्े सुनिश्चित गर्नुहोस्।,63,56,0
SENT_0002988,FLU_001,Home Care for Pandemic Flu,flu,106,3,ne,तपाईंका हात ओबानो नहुञ्ेल 15 देखि 30 सेकेन्डसम्म रगड्नुहोस्।,60,48,0
SENT_0002989,FLU_001,Home Care for Pandemic Flu,flu,107,1,en,"© 2005 - November 18, 2019, Health Information Translations.",60,0,37
SENT_0002990,FLU_001,Home Care for Pandemic Flu,flu,108,1,en,"Content developed through a partnership of the Central Ohio Trauma System, the Columbus Medical Association Foundation, Columbus Public Health, Franklin",152,0,130
SENT_0002991,FLU_001,Home Care for Pandemic Flu,flu,109,1,en,• Cover your mouth and nose with a tissue when you cough or sneeze to prevent spreading germs to those around you.,114,0,91
SENT_0002992,FLU_001,Home Care for Pandemic Flu,flu,110,1,en,Throw away the tissue and wash your hands.,42,0,34
SENT_0002993,FLU_001,Home Care for Pandemic Flu,flu,110,2,en,"If you do not have a tissue, cough or sneeze into your shoulder or arm.",71,0,55
SENT_0002994,FLU_001,Home Care for Pandemic Flu,flu,111,1,en,"• Keep your hands away from your eyes, nose and mouth.",54,0,41
SENT_0002995,FLU_001,Home Care for Pandemic Flu,flu,112,1,en,• Keep everyone’s personal items separate.,42,0,34
SENT_0002996,FLU_001,Home Care for Pandemic Flu,flu,113,1,en,"• Avoid sharing items such as food or eating utensils, toys, computers, pens, papers, clothes, towels, sheets or blankets, unless they are disinfected.",151,0,119
SENT_0002997,FLU_001,Home Care for Pandemic Flu,flu,114,1,en,"• Clean surfaces such as countertops, sinks, faucets, doorknobs, telephones and light switches with a disinfectant cleaner or a cleaner with bleach.",148,0,121
SENT_0002998,FLU_001,Home Care for Pandemic Flu,flu,114,2,en,You can also mix your own water and bleach solution.,52,0,42
SENT_0002999,FLU_001,Home Care for Pandemic Flu,flu,114,3,en,Mix 10 parts water with one part bleach.,40,0,30
SENT_0003000,FLU_001,Home Care for Pandemic Flu,flu,115,1,en,• Use detergent and very hot water to wash dishes or clothes.,61,0,48
SENT_0003001,FLU_001,Home Care for Pandemic Flu,flu,115,2,en,Dishes used by sick people can be safely washed with dishes used by others if detergent and very hot water are used.,116,0,94
SENT_0003002,FLU_001,Home Care for Pandemic Flu,flu,115,3,en,The same is true for washing laundry.,37,0,30
SENT_0003003,FLU_001,Home Care for Pandemic Flu,flu,116,1,en,• Wear disposable gloves when cleaning up body fluids then wash your hands.,75,0,61
SENT_0003004,FLU_001,Home Care for Pandemic Flu,flu,117,1,en,"If at any time you have questions or concerns, contact your doctor or nurse.",76,0,61
SENT_0003005,FLU_001,Home Care for Pandemic Flu,flu,118,1,ne,• तपाईं वरिपरिका अन्यहरूलाई जीवाणु नसरोस् भन्ाखातिर खोक्ा वा हाच्छिउँ गर्दा आफना मुख र नाकलाई टिश्ुले ढाक्ुहोस्।,112,95,0
SENT_0003006,FLU_001,Home Care for Pandemic Flu,flu,118,2,ne,टिश्ु फाँक्ुहोस् र हातहरू पखालनुहोस्।,37,33,0
SENT_0003007,FLU_001,Home Care for Pandemic Flu,flu,118,3,ne,तपाईंसित टिश्ु छछैन भने आफनो काँधमा पाखुरामा खोक्ुहोस् वा हाच्छिउँ गर्नुहोस्।,77,67,0
SENT_0003008,FLU_001,Home Care for Pandemic Flu,flu,119,1,ne,"• आफना हातहरू आफना आँखा, नाक र मुखबाट टाढा राख्नुहोस्।",54,43,0
SENT_0003009,FLU_001,Home Care for Pandemic Flu,flu,120,1,ne,• हरेक व्यक््तिका सामानहरू छछुट्ै राख्नुहोस्।,45,39,0
SENT_0003010,FLU_001,Home Care for Pandemic Flu,flu,121,1,ne,"• खाना वा खाने भाँडाहरू, खेलौना, कम्प्ुटर, पेन, पेपर, लुगा, तौलिया, च्यादर वा कम्बलहरू जस्ा वस्ुहरूलाई असंक्रमित गरिएको छछैन भने साझा रूपमा प्रयोग गर्नबाट बच्ुहोस्।",164,132,0
SENT_0003011,FLU_001,Home Care for Pandemic Flu,flu,122,1,ne,"• सतहहरू जस्ै काउन्टरटप, सिङ्क, पानीको कल, ढोकाका ह्ान्डल, टेलिफोन र बत्ीका स्विचहरूलाई जीवाणुनाशक क््लिनर वा ब््लिचयुक्त क््लिनरले सफ्ा गर्नुहोस्।",147,123,0
SENT_0003012,FLU_001,Home Care for Pandemic Flu,flu,122,2,ne,तपाईंले पानी र ब््लिचको आफनै सोल्ुशन तयार गर्न सक्ुहुन्छ।,57,49,0
SENT_0003013,FLU_001,Home Care for Pandemic Flu,flu,122,3,ne,एक भाग ब््लिचमा 10 भाग पानी मिसाउनुहोस्।,40,32,0
SENT_0003014,FLU_001,Home Care for Pandemic Flu,flu,123,1,ne,• भाँडाहरू वा लुगाहरू धुनका लागि साबुन र निकै तातो पानीको प्रयोग गर्नुहोस्।,75,62,0
SENT_0003015,FLU_001,Home Care for Pandemic Flu,flu,123,2,ne,साबुन र निकै तातो पानीको प्रयोग गरिन्छ भने बिरामी व्यक््तिले प्रयोग गरेका भाँडाहरूलाई अन्यहरूले प्रयोग गरेका भाँडाहरूसित मिसाएर सुरक्षित ढङ्गले धुन सकिन्छ।,155,134,0
SENT_0003016,FLU_001,Home Care for Pandemic Flu,flu,123,3,ne,लुगाहरू धुनमा पनि यही कुरा लागूू हुन्छ।,39,33,0
SENT_0003017,FLU_001,Home Care for Pandemic Flu,flu,124,1,ne,• शारीरिक द्रव्यहरू सफ्ा गर्दा डिस्ोजेबल दस्ानाहरूको प्रयोग गर्नुहोस् र त्यसपछि आफना हातहरू धुनुहोस्।,101,87,0
SENT_0003018,FLU_001,Home Care for Pandemic Flu,flu,125,1,ne,कुनैपनि समयमा तपाईंका प्रश्नहरू वा चिन्ाहरू छन् भने आफ्ना डक्टर वा नर्सलाई सम्पर्क गर्नुहोस्।,93,80,0
SENT_0003019,FLU_002,Pandemic Flu What It Is and How to Prepare,flu,1,1,en,Pandemic Flu.,13,0,11
SENT_0003020,FLU_002,Pandemic Flu What It Is and How to Prepare,flu,4,1,en,"When many people get a disease at the same time, it is called a pandemic.",73,0,57
SENT_0003021,FLU_002,Pandemic Flu What It Is and How to Prepare,flu,5,1,en,Pandemic flu is caused when people get sick or infected from a new flu virus.,77,0,62
SENT_0003022,FLU_002,Pandemic Flu What It Is and How to Prepare,flu,5,2,en,This type of flu spreads easily from person to person and can cause many people to become very ill or die.,106,0,85
SENT_0003023,FLU_002,Pandemic Flu What It Is and How to Prepare,flu,6,1,en,"Signs of Flu The signs of seasonal flu are fever, cough, sore throat, runny or stuffy nose, muscle aches, headache, chills and fatigue.",135,0,106
SENT_0003024,FLU_002,Pandemic Flu What It Is and How to Prepare,flu,6,2,en,Some people have vomiting and diarrhea.,39,0,33
SENT_0003025,FLU_002,Pandemic Flu What It Is and How to Prepare,flu,6,3,en,"The signs of pandemic flu are the same, but they may be more severe and affect more people.",91,0,72
SENT_0003026,FLU_002,Pandemic Flu What It Is and How to Prepare,flu,7,1,en,"With pandemic flu, healthy adults may be at increased risk for problems.",72,0,59
SENT_0003027,FLU_002,Pandemic Flu What It Is and How to Prepare,flu,8,1,en,Controlling the Spread of the Flu Health experts will test the new flu virus to see if medicines used to treat and prevent seasonal flu are effective.,150,0,123
SENT_0003028,FLU_002,Pandemic Flu What It Is and How to Prepare,flu,8,2,en,It may take six months or longer to make a vaccine for a new flu virus.,71,0,55
SENT_0003029,FLU_002,Pandemic Flu What It Is and How to Prepare,flu,8,3,en,The supply of vaccine will be small at first.,45,0,36
SENT_0003030,FLU_002,Pandemic Flu What It Is and How to Prepare,flu,9,1,en,"To help prevent spreading the flu, be sure to:",46,0,36
SENT_0003031,FLU_002,Pandemic Flu What It Is and How to Prepare,flu,10,1,en,• Wash your hands often with soap and water.,44,0,34
SENT_0003032,FLU_002,Pandemic Flu What It Is and How to Prepare,flu,10,2,en,Use alcohol-based hand sanitizer when soap and water are not available.,71,0,59
SENT_0003033,FLU_002,Pandemic Flu What It Is and How to Prepare,flu,11,1,en,"• Avoid touching your eyes, nose and mouth.",43,0,33
SENT_0003034,FLU_002,Pandemic Flu What It Is and How to Prepare,flu,11,2,en,The flu often spreads this way.,31,0,25
SENT_0003035,FLU_002,Pandemic Flu What It Is and How to Prepare,flu,12,1,ne,एकै समयमा धेरैजनालाई कुनै बिमारी हुन्छ भने त्यसलाई महामारी भनिन्छ।,66,57,0
SENT_0003036,FLU_002,Pandemic Flu What It Is and How to Prepare,flu,12,2,ne,महामारी फ्लू त्यतिबेला हुन्छ जब मानिसहरू नयाँ फ्लू भाइरसको कारण बिरामी पर्छन् वा संक्रमित हुन्छन्।,98,84,0
SENT_0003037,FLU_002,Pandemic Flu What It Is and How to Prepare,flu,12,3,ne,यो प्रकारको फ्लू व्यक्तिबाट व्यक्तिमा सजिलै सर्छ र यसले अनेकौँ मानिसहरूलाई साह्ै बिरामी बनाउन सक्छ वा मृत्यु हुन सक्छ।,118,100,0
SENT_0003038,FLU_002,Pandemic Flu What It Is and How to Prepare,flu,13,1,ne,"फ्लूका लक्षणहरू मौसमी फ्लूका लक्षणहरू ज्वरो आउनु, खोक्ु, घाँटी दुख्नु, सिंघान बग्ु वा नाक बन्द हुनु, मांसपेशीहरू दुख्नु, टाउको दुख्नु, जाडो लाग्ु र थकाइ लाग्ु हुन्।",164,133,0
SENT_0003039,FLU_002,Pandemic Flu What It Is and How to Prepare,flu,14,1,ne,केही मानिसहरूलाई वान्ा र पखाला पनि हुन्छ।,41,35,0
SENT_0003040,FLU_002,Pandemic Flu What It Is and How to Prepare,flu,15,1,ne,"महामारी फ्लूका लक्षणहरू पनि यस्ै हुन्छन्, तर यो धेरै गम्ीर हुन सक्छ र यसले धेरै मानिसहरूलाई प्रभावित गर्छ।",106,88,0
SENT_0003041,FLU_002,Pandemic Flu What It Is and How to Prepare,flu,15,2,ne,महामारी फ्लूले गर्दा स्वसथ वयस्कहरूलाई समस्ाहरूको धेरै जोखि म हुन सक्छ।,71,61,0
SENT_0003042,FLU_002,Pandemic Flu What It Is and How to Prepare,flu,16,1,ne,फ्लूलाई फैलनबाट नियन्त्रण गर्ने तरिका स्वास्थ्य विशेषज्ञहरूले मौसमी फ्लूको उपचार गर्न र रोक्न प्रयोग गरिने औषधीहरू प्रभावकारी छछन् वा छछ ैनन् भन्े हेर्नका लागि नयाँ फ्लूको जाँच गर्नेछन्।,186,159,0
SENT_0003043,FLU_002,Pandemic Flu What It Is and How to Prepare,flu,16,2,ne,नयाँ भाइरसका लागि भ्ाक्सिन तयार गर्नमा 6 महिना वा लामो समय लाग्न सक्छ।,70,57,0
SENT_0003044,FLU_002,Pandemic Flu What It Is and How to Prepare,flu,16,3,ne,भ्ाक्सिनको आपूर्ति सुरुमा थोरै हुनेछछ ।,39,34,0
SENT_0003045,FLU_002,Pandemic Flu What It Is and How to Prepare,flu,18,1,ne,• आफ्ना हातहरू बारम्ार साबुन र पानीले धुनुहोस्।,47,39,0
SENT_0003046,FLU_002,Pandemic Flu What It Is and How to Prepare,flu,18,2,ne,साबुन र पानी उपलब्ध नहुँदा अल्ोहलयुक्त ह्ान्ड स्यानिटिजरको प्रयोग गर्नुहोस्।,76,67,0
SENT_0003047,FLU_002,Pandemic Flu What It Is and How to Prepare,flu,19,1,ne,"• आफ्ना आँखा, नाक र मुखलाई छुनबाट बच्नुहोस्।",44,35,0
SENT_0003048,FLU_002,Pandemic Flu What It Is and How to Prepare,flu,19,2,ne,फ्लू प्रायः यसरीनै सर्दछछ ।,27,23,0
SENT_0003049,FLU_002,Pandemic Flu What It Is and How to Prepare,flu,20,1,en,Pandemic Flu.,13,0,11
SENT_0003050,FLU_002,Pandemic Flu What It Is and How to Prepare,flu,21,1,en,"• Cough or sneeze into the bend of your arm, not your hands.",60,0,45
SENT_0003051,FLU_002,Pandemic Flu What It Is and How to Prepare,flu,22,1,en,"If you have a tissue, wash your hands.",38,0,29
SENT_0003052,FLU_002,Pandemic Flu What It Is and How to Prepare,flu,23,1,en,"• Clean surfaces, such as countertops, sinks, faucets, doorknobs, telephones and light switches with a disinfectant cleaner or a cleaner with bleach.",149,0,121
SENT_0003053,FLU_002,Pandemic Flu What It Is and How to Prepare,flu,23,2,en,You can also mix your own water and bleach solution.,52,0,42
SENT_0003054,FLU_002,Pandemic Flu What It Is and How to Prepare,flu,23,3,en,Mix 10 parts water with one part bleach.,40,0,30
SENT_0003055,FLU_002,Pandemic Flu What It Is and How to Prepare,flu,24,1,en,• Limit your contact with people who are ill.,45,0,35
SENT_0003056,FLU_002,Pandemic Flu What It Is and How to Prepare,flu,25,1,en,"• Avoid shaking hands, hugging and kissing if you are ill and with others who are ill.",86,0,67
SENT_0003057,FLU_002,Pandemic Flu What It Is and How to Prepare,flu,25,2,en,Stay 6 feet away from those who are ill.,40,0,30
SENT_0003058,FLU_002,Pandemic Flu What It Is and How to Prepare,flu,26,1,en,• Stay away from others when you are sick.,42,0,32
SENT_0003059,FLU_002,Pandemic Flu What It Is and How to Prepare,flu,26,2,en,"Stay home from work, school or running errands.",47,0,38
SENT_0003060,FLU_002,Pandemic Flu What It Is and How to Prepare,flu,26,3,en,Leave home only for medical care and be sure to wear a disposable respirator.,77,0,63
SENT_0003061,FLU_002,Pandemic Flu What It Is and How to Prepare,flu,27,1,en,"• Get a full night’s rest, eat a healthy diet and drink at least 8 glasses of fluids each day.",94,0,70
SENT_0003062,FLU_002,Pandemic Flu What It Is and How to Prepare,flu,28,1,en,Plan Ahead Plan ahead to help protect you and your family and limit the effects of pandemic flu.,96,0,78
SENT_0003063,FLU_002,Pandemic Flu What It Is and How to Prepare,flu,29,1,en,If many people are ill with pandemic flu:,41,0,33
SENT_0003064,FLU_002,Pandemic Flu What It Is and How to Prepare,flu,30,1,en,• Hospitals and doctors’ offices will be very busy.,51,0,40
SENT_0003065,FLU_002,Pandemic Flu What It Is and How to Prepare,flu,31,1,en,• You may need to stay home to care for ill family or children.,63,0,48
SENT_0003066,FLU_002,Pandemic Flu What It Is and How to Prepare,flu,32,1,ne,• खोक्ा वा हाच्छिउँ आफ्ना हातमा होइन पाखुरामा गर्नुहोस्।,56,47,0
SENT_0003067,FLU_002,Pandemic Flu What It Is and How to Prepare,flu,33,1,ne,हातहरू धुनुहोस्।,16,15,0
SENT_0003068,FLU_002,Pandemic Flu What It Is and How to Prepare,flu,34,1,ne,"• सतहहरू, जस्ै काउन्टरटप, सिङ्क, पानीको कल, ढोकाका ह्ान्डल, टेलिफोन र बत्ीका स्विचहरूलाई जीवाणुनाशक क्लिनर वा ब््लिचयुक्त क्लिनरले सफ्ा गर्नुहोस्।",146,121,0
SENT_0003069,FLU_002,Pandemic Flu What It Is and How to Prepare,flu,34,2,ne,तपाईंले पानी र ब््लिचको आफनै सोल्ुशन तयार गर्न सक्ुहुन्छ।,57,49,0
SENT_0003070,FLU_002,Pandemic Flu What It Is and How to Prepare,flu,34,3,ne,एक भाग ब््लिचमा 10 भाग पानी मिसाउनुहोस्।,40,32,0
SENT_0003071,FLU_002,Pandemic Flu What It Is and How to Prepare,flu,35,1,ne,• बिरामीहरूसित आफ्नो सम्पर्क सीमित गर्नुहोस्।,45,39,0
SENT_0003072,FLU_002,Pandemic Flu What It Is and How to Prepare,flu,36,1,ne,"• तपाईं बिरामी हुनुन्छ भने वा बिरामी परेका अन्यहरूसित हात मिलाउन, अङ्ालो मार्न वा म्ाइँ खानबाट बच्ुहोस्।",104,86,0
SENT_0003073,FLU_002,Pandemic Flu What It Is and How to Prepare,flu,36,2,ne,बिरामीहरूबाट 6 फीटको दूूरीमा बस्ुहोस्।,38,33,0
SENT_0003074,FLU_002,Pandemic Flu What It Is and How to Prepare,flu,37,1,ne,• तपाईं बिरामी हुनुहुन्छ भने अरूहरूबाट टाढा बस्ुहोस्।,53,45,0
SENT_0003075,FLU_002,Pandemic Flu What It Is and How to Prepare,flu,37,2,ne,"कार्य- सथल, स्कूूल वा यताउति हिंडडुल नगरेर घरमा बस्ुहोस्।",57,47,0
SENT_0003076,FLU_002,Pandemic Flu What It Is and How to Prepare,flu,37,3,ne,चिकित्ा सेवाका लागिमात्ै घरबाट निस्कनुहोस् र डिस्ोजेबल रेस्पिरेटर लगाउने सुनिश्चित गर्नुहोस्।,93,83,0
SENT_0003077,FLU_002,Pandemic Flu What It Is and How to Prepare,flu,38,1,ne,"• राति पूूरा निद्ा लिनुहोस्, स्वस्थ आहार खानुहोस् र कम््तिमा 8 गिलास पानी हरेक दिन पिउनुहोस्।",93,75,0
SENT_0003078,FLU_002,Pandemic Flu What It Is and How to Prepare,flu,39,1,ne,पहिलेनै योजना बनाउनुहोस् तपाईं र तपाईंको परिवारको सुरक्षा गर्न र महामारी फ्लूका प्रभावहरूलाई सीमित गर्न पहिलेनै योजना बनाउनुहोस्।,129,112,0
SENT_0003079,FLU_002,Pandemic Flu What It Is and How to Prepare,flu,41,1,ne,• अस्पतालहरू र डक्टरहरूका क्लिनिकहरू साह्ै व्यस्त हुनेछछ न्।,60,51,0
SENT_0003080,FLU_002,Pandemic Flu What It Is and How to Prepare,flu,42,1,ne,• परिवारमा बिरामीहरू र बच्ाहरूको हेरचाहका लागि तपाईंले घरमा बस्ु पर्ने हुन सक्छ।,80,67,0
SENT_0003081,FLU_002,Pandemic Flu What It Is and How to Prepare,flu,43,1,en,"Image: OSHA, U.",15,0,10
SENT_0003082,FLU_002,Pandemic Flu What It Is and How to Prepare,flu,44,1,en,Dept.,5,0,4
SENT_0003083,FLU_002,Pandemic Flu What It Is and How to Prepare,flu,45,1,ne,"चित्ः OSHA, यु.",15,7,4
SENT_0003084,FLU_002,Pandemic Flu What It Is and How to Prepare,flu,47,1,en,Pandemic Flu.,13,0,11
SENT_0003085,FLU_002,Pandemic Flu What It Is and How to Prepare,flu,48,1,en,• Schools and child care centers may close.,43,0,34
SENT_0003086,FLU_002,Pandemic Flu What It Is and How to Prepare,flu,49,1,en,"• Stores may be in short supply of food, water, medicines and medical supplies.",79,0,62
SENT_0003087,FLU_002,Pandemic Flu What It Is and How to Prepare,flu,50,1,en,• Special events or religious services may be cancelled.,56,0,46
SENT_0003088,FLU_002,Pandemic Flu What It Is and How to Prepare,flu,51,1,en,Use these three steps to prepare:,33,0,27
SENT_0003089,FLU_002,Pandemic Flu What It Is and How to Prepare,flu,52,1,en,Make a plan for you and your family at home and at work.,56,0,43
SENT_0003090,FLU_002,Pandemic Flu What It Is and How to Prepare,flu,53,1,en,Prepare an emergency kit of supplies.,37,0,31
SENT_0003091,FLU_002,Pandemic Flu What It Is and How to Prepare,flu,54,1,en,Listen for information about what to do and where to go during a flu outbreak.,78,0,63
SENT_0003092,FLU_002,Pandemic Flu What It Is and How to Prepare,flu,55,1,en,Step 1.,7,0,4
SENT_0003093,FLU_002,Pandemic Flu What It Is and How to Prepare,flu,55,2,en,Make a Plan Your Plan for Home Talk to your family about this plan so they know what to do.,91,0,71
SENT_0003094,FLU_002,Pandemic Flu What It Is and How to Prepare,flu,55,3,en,Your plan should include:,25,0,21
SENT_0003095,FLU_002,Pandemic Flu What It Is and How to Prepare,flu,56,1,en,"Health information for each member of the family, including date of birth, blood type, allergies, past and current medical problems, current medicines and dosages, medical equipment and copies of medical insurance cards.",220,0,182
SENT_0003096,FLU_002,Pandemic Flu What It Is and How to Prepare,flu,57,1,en,Someone to care for your children at home in case you cannot be there or you become ill.,88,0,70
SENT_0003097,FLU_002,Pandemic Flu What It Is and How to Prepare,flu,58,1,en,An emergency phone and e-mail contact list.,43,0,35
SENT_0003098,FLU_002,Pandemic Flu What It Is and How to Prepare,flu,58,2,en,"Share it with family members, work, schools and child care centers.",67,0,54
SENT_0003099,FLU_002,Pandemic Flu What It Is and How to Prepare,flu,59,1,en,Local and out-of-town emergency contacts.,41,0,34
SENT_0003100,FLU_002,Pandemic Flu What It Is and How to Prepare,flu,60,1,en,Doctors’ names and phone numbers.,33,0,27
SENT_0003101,FLU_002,Pandemic Flu What It Is and How to Prepare,flu,61,1,en,"Locations of hospitals, clinics and urgent cares near work, school and home.",76,0,62
SENT_0003102,FLU_002,Pandemic Flu What It Is and How to Prepare,flu,62,1,en,Locations of local and state health departments and their phone numbers.,72,0,61
SENT_0003103,FLU_002,Pandemic Flu What It Is and How to Prepare,flu,63,1,en,Pharmacy name and phone number.,31,0,26
SENT_0003104,FLU_002,Pandemic Flu What It Is and How to Prepare,flu,64,1,en,Religious or spiritual information.,35,0,31
SENT_0003105,FLU_002,Pandemic Flu What It Is and How to Prepare,flu,65,1,ne,• स्कूूलहरू र शिशु स्ाहार केन्द्रहरू बन्द हुन सक्छन्।,53,44,0
SENT_0003106,FLU_002,Pandemic Flu What It Is and How to Prepare,flu,66,1,ne,"• पसलहरूमा सामान, पानी, औषधी र चिकित्सकीय आपूर्तिहरूको कमी हुन सक्छ।",68,55,0
SENT_0003107,FLU_002,Pandemic Flu What It Is and How to Prepare,flu,67,1,ne,• विशेष कार्यक्रमहरू वा धार्मिक कार्यक्रमहरू रद्द हुन सक्छन्।,61,52,0
SENT_0003108,FLU_002,Pandemic Flu What It Is and How to Prepare,flu,68,1,ne,तयारीका लागि यी तीन पाइलोहरू सार्नुहोस्:,40,34,0
SENT_0003109,FLU_002,Pandemic Flu What It Is and How to Prepare,flu,69,1,ne,घरमा र कार्य-सथलमा तपाईं र तपाईंको परिवारका लागि योजना बनाउनुहोस्।,66,56,0
SENT_0003110,FLU_002,Pandemic Flu What It Is and How to Prepare,flu,70,1,ne,आपूर्तिहरूको आपत्ालीन किट तयार राख्नुहोस्।,42,38,0
SENT_0003111,FLU_002,Pandemic Flu What It Is and How to Prepare,flu,71,1,ne,फ्लू फैलिएको बेलामा के गर्ने हो र कहाँ जाने हो भन्े विषयमा सूूचनाहरूमाथि ध्ान दिनुहोस्।,87,73,0
SENT_0003112,FLU_002,Pandemic Flu What It Is and How to Prepare,flu,72,1,ne,पाइलो 1.,8,5,0
SENT_0003113,FLU_002,Pandemic Flu What It Is and How to Prepare,flu,72,2,ne,योजना बनाउनुहोस् घरको लागि तपाईंको योजना परिवारसित यो योजनाको बारेमा कुरा गर्नुहोस् जसबाट के गर्नु पर्ने हो भन्े जानकारी उनीहरूलाई होस्।,136,116,0
SENT_0003114,FLU_002,Pandemic Flu What It Is and How to Prepare,flu,73,1,ne,"तपाईंको योजनामा यी कुराहरू सामेल हुनु पर्छः्छः परिवारको हरेक सदस्यको स्वास्थ्यसम्बन्ी सूूचना, जसमा सामेल हुन्छन् जन्म मिति, रगतको प्रकार, एलर्जीहरू, पहिलेका र वर्तमान स्वास्थ्य समस्ाहरू, वर्तमान औषधी र खुराकहरू, चिकित्ा उपकरण र चिकित्ा बीमा कार्डहरूका प्रतिलिपिहरू।",265,224,0
SENT_0003115,FLU_002,Pandemic Flu What It Is and How to Prepare,flu,74,1,ne,तपाईं घरमा रहन सक्ुहुन्न वा आफै बिरामी पर्नुहुन्छ भने घरमा बच्ाहरूको हेरचाहका लागि कसैको खाँचो पर्छ।,100,85,0
SENT_0003116,FLU_002,Pandemic Flu What It Is and How to Prepare,flu,75,1,ne,आपत्ालीन स्थितिमा फोन नम्बरहरू र ईमेल सम्पर्क सूूची।,52,45,0
SENT_0003117,FLU_002,Pandemic Flu What It Is and How to Prepare,flu,75,2,ne,"परिवारका सदस्यहरू, कार्य-सथल, स्कूूलहरू र शिशु स्ाहार केन्द्रहरूमा यो साझा गर्नुहोस्।",85,72,0
SENT_0003118,FLU_002,Pandemic Flu What It Is and How to Prepare,flu,76,1,ne,आपत्ालीन स्थितिमा सथानीय र सहर बाहिरका सम्पर्कहरू।,50,44,0
SENT_0003119,FLU_002,Pandemic Flu What It Is and How to Prepare,flu,77,1,ne,डक्टरहरूका नाम र फोन नम्बरहरू।,30,26,0
SENT_0003120,FLU_002,Pandemic Flu What It Is and How to Prepare,flu,78,1,ne,"कार्य-सथल, स्कूूल र घर नजिकका अस्पताल, क्लिनिक र तत्ाल सेवा केन्द्रहरूका ठेगानाहरू।",83,69,0
SENT_0003121,FLU_002,Pandemic Flu What It Is and How to Prepare,flu,79,1,ne,सथानीय र राज्य स्वास्थ्य विभागहरूका ठेगाना र तिनका फोन नम्बरहरू।,64,55,0
SENT_0003122,FLU_002,Pandemic Flu What It Is and How to Prepare,flu,80,1,ne,फार्मेसीको नाम र फोन नम्बर।,27,23,0
SENT_0003123,FLU_002,Pandemic Flu What It Is and How to Prepare,flu,81,1,ne,धार्मिक र आध्यात््मिक जानकारीहरू।,33,30,0
SENT_0003124,FLU_002,Pandemic Flu What It Is and How to Prepare,flu,82,1,en,Pandemic Flu.,13,0,11
SENT_0003125,FLU_002,Pandemic Flu What It Is and How to Prepare,flu,83,1,en,Your Plan for Work If you work:,31,0,24
SENT_0003126,FLU_002,Pandemic Flu What It Is and How to Prepare,flu,84,1,en,Discuss work policies with your boss.,37,0,31
SENT_0003127,FLU_002,Pandemic Flu What It Is and How to Prepare,flu,85,1,en,Ask:,4,0,3
SENT_0003128,FLU_002,Pandemic Flu What It Is and How to Prepare,flu,86,1,en,How the business will continue during a pandemic.,49,0,41
SENT_0003129,FLU_002,Pandemic Flu What It Is and How to Prepare,flu,87,1,en,If you can take time off to care for yourself or a family member.,65,0,51
SENT_0003130,FLU_002,Pandemic Flu What It Is and How to Prepare,flu,88,1,en,If you can work from home or if you are expected to come to work.,65,0,50
SENT_0003131,FLU_002,Pandemic Flu What It Is and How to Prepare,flu,89,1,en,Understand you may be asked to stay home from work or come in and do other tasks.,81,0,64
SENT_0003132,FLU_002,Pandemic Flu What It Is and How to Prepare,flu,90,1,en,Plan for less or no income if you are unable to work or the company closes.,75,0,59
SENT_0003133,FLU_002,Pandemic Flu What It Is and How to Prepare,flu,91,1,en,If you own a business:,22,0,17
SENT_0003134,FLU_002,Pandemic Flu What It Is and How to Prepare,flu,92,1,en,Make an emergency plan and talk to your employees about it.,59,0,48
SENT_0003135,FLU_002,Pandemic Flu What It Is and How to Prepare,flu,92,2,en,Test and revise your plan as needed.,36,0,29
SENT_0003136,FLU_002,Pandemic Flu What It Is and How to Prepare,flu,93,1,en,Decide which employees and supplies are needed to maintain the business.,72,0,61
SENT_0003137,FLU_002,Pandemic Flu What It Is and How to Prepare,flu,94,1,en,"Provide infection- control supplies such as hand sanitizer, tissues and waste cans for soiled items.",100,0,83
SENT_0003138,FLU_002,Pandemic Flu What It Is and How to Prepare,flu,95,1,en,"Look at how pandemic flu could impact business’ finances, shipping and travel.",78,0,64
SENT_0003139,FLU_002,Pandemic Flu What It Is and How to Prepare,flu,96,1,en,"Define your policies on employees working from home, caring for ill family or paying for employee illness.",106,0,88
SENT_0003140,FLU_002,Pandemic Flu What It Is and How to Prepare,flu,97,1,ne,कार्य-स्थलका लागि तपाईंको योजना तपाईं काम गर्नुहुन्छ भनेः कार्यसम्बन्ी नीतिहरूबारे तपाईंका हाकिमसँग चर्चा गर्नुहोस् सोध्नुहोस्:,127,111,0
SENT_0003141,FLU_002,Pandemic Flu What It Is and How to Prepare,flu,98,1,ne,महामारीको बेलामा कम्पनीमा काम कसरी जारी रहन्छ।,46,40,0
SENT_0003142,FLU_002,Pandemic Flu What It Is and How to Prepare,flu,99,1,ne,तपाईंले आफनो र परिवारका सदस्यहरूको स्ाहार गर्न बिदा पाउनु हुन्छ कि हुन्न।,73,62,0
SENT_0003143,FLU_002,Pandemic Flu What It Is and How to Prepare,flu,100,1,ne,तपाईंले घरबाटै काम गर्न सक्ुहुन्छ वा तपाईं कार्य-सथलमा आउनु पर्ने अपेक्षा गरिन्छ।,81,69,0
SENT_0003144,FLU_002,Pandemic Flu What It Is and How to Prepare,flu,101,1,ne,तपाईंलाई काममा नआइ घरमा नै बस्न वा कार्य- सथलमा आएर अन्य कार्यहरू गर्नका लागि भन्न सकिन्छ भनी बुझ्नुहोस्।,105,87,0
SENT_0003145,FLU_002,Pandemic Flu What It Is and How to Prepare,flu,102,1,ne,तपाईं काम गर्न असमर्थ हुनुहुन्छ वा कम्पनी बन्द हुन्छ भने कम््ति वा शूून्य आयको स्थितिका लागि योजना बनाउनुहोस्।,110,93,0
SENT_0003146,FLU_002,Pandemic Flu What It Is and How to Prepare,flu,103,1,ne,तपाईंको आफनो कम्पनी छछ भनेः आपत्ालीन योजना बनाउनुहोस् र त्यसबारेमा तपाईंका कर्मचारीहरूसित चर्चा गर्नुहोस्।,106,93,0
SENT_0003147,FLU_002,Pandemic Flu What It Is and How to Prepare,flu,103,2,ne,तपाईंको योजनाको परीक्षण गर्नुहोस् र आवश्यकताअनुसार त्यसमा संशोधन गर्नुहोस्।,75,67,0
SENT_0003148,FLU_002,Pandemic Flu What It Is and How to Prepare,flu,104,1,ne,कम्पनीको कामलाई जारी राख्नका लागि कुन कर्मचारीहरू र सामानहरू चाहिन्छन् भन्े निर्णय गर्नुहोस्।,93,81,0
SENT_0003149,FLU_002,Pandemic Flu What It Is and How to Prepare,flu,105,1,ne,"संक्रमण-नियन्त्रण सामग्ीहरू जस्ै ह्ान्ड स्ानेटाइजर, टिश्ु र फोहोर वस्ुहरू थन्ो लगाउन फोहोर ढ्वाङहरूको व्यवसथा गर्नुहोस्।",120,104,0
SENT_0003150,FLU_002,Pandemic Flu What It Is and How to Prepare,flu,106,1,ne,"महामारी फ्लूले कसरी कम्पनीको आर्थिक स्थिति, ढुवानी र यात्ालाई प्रभावित गर्न सक्छ भन्े विचार गर्नुहोस्।",102,87,0
SENT_0003151,FLU_002,Pandemic Flu What It Is and How to Prepare,flu,107,1,ne,बिरामी परिवारजनको हेरचाहका लागि घरबाट काम गर्ने कर्मचारीहरू वा कर्मचारी बिरामी पर्दा भुक्तानीसम्बन्ी तपाईंका नीतिहरूलाई परिभाषित गर्नुहोस्।,139,123,0
SENT_0003152,FLU_002,Pandemic Flu What It Is and How to Prepare,flu,108,1,en,Pandemic Flu.,13,0,11
SENT_0003153,FLU_002,Pandemic Flu What It Is and How to Prepare,flu,109,1,en,Step 2.,7,0,4
SENT_0003154,FLU_002,Pandemic Flu What It Is and How to Prepare,flu,109,2,en,Prepare an Emergency Kit Have a 2 week supply of these items for each person and pet.,85,0,67
SENT_0003155,FLU_002,Pandemic Flu What It Is and How to Prepare,flu,111,1,en,"Water in clean, sealed plastic containers – store 1 gallon for each person for each day",87,0,69
SENT_0003156,FLU_002,Pandemic Flu What It Is and How to Prepare,flu,124,1,ne,पाइलो 2.,8,5,0
SENT_0003157,FLU_002,Pandemic Flu What It Is and How to Prepare,flu,124,2,ne,आपत्ालीन किट तयार गर्नुहोस् 2 साताको लागि यी वस्ुहरूको आपूर्ति हरेक व्यक््ति र जनावरका लागिराख्नुहोस्।,102,87,0
SENT_0003158,FLU_002,Pandemic Flu What It Is and How to Prepare,flu,125,1,ne,"खाद्य एवम् अन्य वस्ुहरू सफ्ा, सिलबन्द प्लास््टिक भाँडाहरूमा पानी - हरेक दिन हरेक व्यक्तिका लागि 1 ग्ालन पानी राख्नुहोस्।",120,99,0
SENT_0003159,FLU_002,Pandemic Flu What It Is and How to Prepare,flu,126,1,ne,"इलेक्ट्ोलाइट ड्रिङ्क्स जस्ै गाटोरेड, पावरएड वा पेडिआलाइट (बच्ाहरूका लागि) केरा, चामल, एप्पल सस र टोस्ट वा रिँगटा चल्ा, वान्ा वा पखाला लाग्े स्थितिका लागि क्र्याकरहरू खानका लागि तयार डब्बाबन्द मासु, फल र सब्ीहरू डब्ा खोलने हाते यन्त्र प्रोटि न र फ्ुट बारहरू सुक्ा अन्न, ग्ानोला, नट्स र क्र्याकर्सहरू पीनट बटर सुक्ा खाद्यहरू जस्ै सुकेका फल र निर्जलीकृत खानाहरू डब्बाबन्द जूूसहरू पाउडर दूूध वा वाष्ीकरण गरिएको दूूध शिशु आहार र शिशु फर्मूलाहरूका क्ान वा बोतलहरू जनावरको खाना",470,386,0
SENT_0003160,FLU_002,Pandemic Flu What It Is and How to Prepare,flu,127,1,en,"© 2005 - November 18, 2019, Health Information Translations.",60,0,37
SENT_0003161,FLU_002,Pandemic Flu What It Is and How to Prepare,flu,128,1,en,"Content developed through a partnership of the Central Ohio Trauma System, the Columbus Medical Association Foundation, Columbus Public Health, Franklin",152,0,130
SENT_0003162,FLU_002,Pandemic Flu What It Is and How to Prepare,flu,129,1,en,Pandemic Flu.,13,0,11
SENT_0003163,FLU_002,Pandemic Flu What It Is and How to Prepare,flu,141,1,en,Money Step 3.,13,0,9
SENT_0003164,FLU_002,Pandemic Flu What It Is and How to Prepare,flu,142,1,en,• Stay calm and get as many facts as you can.,45,0,33
SENT_0003165,FLU_002,Pandemic Flu What It Is and How to Prepare,flu,143,1,en,"• Listen for reports on the television, radio or Internet.",58,0,46
SENT_0003166,FLU_002,Pandemic Flu What It Is and How to Prepare,flu,144,1,en,"• For current information, go to www.",37,0,28
SENT_0003167,FLU_002,Pandemic Flu What It Is and How to Prepare,flu,144,2,en,pandemicflu.,12,0,11
SENT_0003168,FLU_002,Pandemic Flu What It Is and How to Prepare,flu,144,3,en,gov or www.,11,0,8
SENT_0003169,FLU_002,Pandemic Flu What It Is and How to Prepare,flu,144,4,en,flu.,4,0,3
SENT_0003170,FLU_002,Pandemic Flu What It Is and How to Prepare,flu,144,5,en,gov.,4,0,3
SENT_0003171,FLU_002,Pandemic Flu What It Is and How to Prepare,flu,145,1,en,This may only be available in English and Spanish.,50,0,41
SENT_0003172,FLU_002,Pandemic Flu What It Is and How to Prepare,flu,146,1,ne,"चिकित्ा, स्वास्थ्य र आपत्ालीन स्थितिमा चाहिने वस्ुहरू डक्टरले प्रेस्काइब गरेको सामानहरू डक्टरले प्रेस्काइब गरेको औषधीहरू औषधी पसलमा सजिलै किन्न पाइने औषधीहरू जसबाट ज्वरो, दुखाइ, पेटका समस्ाहरू, खोकी, रूघा र पखालाको उपचार गर्न सकिन्छ परिवारको हरेक सदस्यको स्वास्थ्यसम्बन्ी जानकारी साबुन र अल्ोहलयुक्त ह्ान्ड स्यानिटाइजर टिश्ु र टॅयलेट पेपरहरू शिशुलाई चाहिने सामानहरू जस्ै डाइपरहरू र पाइलो 3.",390,329,0
SENT_0003173,FLU_002,Pandemic Flu What It Is and How to Prepare,flu,147,1,ne,• शान्त रहनुहोस् र जतिसक्ो धेरै सूूचनाहरू बटुलनुहोस्।,53,45,0
SENT_0003174,FLU_002,Pandemic Flu What It Is and How to Prepare,flu,148,1,ne,"• खबरहरूका लागि टेलिभिजन, रेडियो वा इन्टरनेटमा सुन्ुहोस्।",57,48,0
SENT_0003175,FLU_002,Pandemic Flu What It Is and How to Prepare,flu,149,1,ne,• वर्तमान जानकारीका लागि,24,20,0
SENT_0003176,FLU_002,Pandemic Flu What It Is and How to Prepare,flu,150,1,en,www.,4,0,3
SENT_0003177,FLU_002,Pandemic Flu What It Is and How to Prepare,flu,150,2,en,pandemicflu.,12,0,11
SENT_0003178,FLU_002,Pandemic Flu What It Is and How to Prepare,flu,150,3,en,gov वा www.,11,2,6
SENT_0003179,FLU_002,Pandemic Flu What It Is and How to Prepare,flu,150,4,en,flu.,4,0,3
SENT_0003180,FLU_002,Pandemic Flu What It Is and How to Prepare,flu,151,1,ne,हेर्नुहोस्।,11,11,0
SENT_0003181,FLU_002,Pandemic Flu What It Is and How to Prepare,flu,151,2,ne,यो अङ्ग्रेजी र स्पेनिशमा मात्ै उपलब्ध हुन सक्छ।,47,40,0
SENT_0003182,MED_001,Generic and Brand Name Medicines,medicines,2,1,en,"Unless it is a new medicine, most prescription and over the counter medicines are sold by brand names and generic names.",120,0,98
SENT_0003183,MED_001,Generic and Brand Name Medicines,medicines,3,1,en,The active drug ingredients are the same between the brand name and the generic name medicine according to laws in the United States.,133,0,110
SENT_0003184,MED_001,Generic and Brand Name Medicines,medicines,4,1,en,"The generic may look or taste different than the brand name medicine, but the generic name medicine must work the same way and just as quickly as the brand name medicine.",170,0,138
SENT_0003185,MED_001,Generic and Brand Name Medicines,medicines,5,1,en,The generic and brand name medicines also share the same:,57,0,47
SENT_0003186,MED_001,Generic and Brand Name Medicines,medicines,6,1,en,• Dose strength and way it is to be given,41,0,31
SENT_0003187,MED_001,Generic and Brand Name Medicines,medicines,7,1,en,"• Use, or the reason you take the medicine",42,0,32
SENT_0003188,MED_001,Generic and Brand Name Medicines,medicines,8,1,en,• Side effects,14,0,11
SENT_0003189,MED_001,Generic and Brand Name Medicines,medicines,9,1,en,• Safety Generics often cost less than brand name medicines.,60,0,49
SENT_0003190,MED_001,Generic and Brand Name Medicines,medicines,9,2,en,New medicines or those with very limited use may not be available as generics.,78,0,64
SENT_0003191,MED_001,Generic and Brand Name Medicines,medicines,11,1,en,"• Acetaminophen is the generic name for Tylenol, used for pain and fever.",73,0,58
SENT_0003192,MED_001,Generic and Brand Name Medicines,medicines,12,1,en,"• Ibuprofen is the generic name for Motrin and Advil, used for pain, fever and inflammation.",92,0,73
SENT_0003193,MED_001,Generic and Brand Name Medicines,medicines,13,1,en,"• Warfarin is the generic name for Coumadin, used to prevent blood clots.",73,0,58
SENT_0003194,MED_001,Generic and Brand Name Medicines,medicines,14,1,en,• Metformin is the generic name for,35,0,28
SENT_0003195,MED_001,Generic and Brand Name Medicines,medicines,15,1,ne,"नयाँ औषधी होइन भने, धेरैजस्ा प्ेस्क्रिप्शन र औषधी पसलबाट किन्न सकिने औषधीहरू ब्ान्ड नाम र जेनेरिक नामले बेचिन्छन्।",114,96,0
SENT_0003196,MED_001,Generic and Brand Name Medicines,medicines,16,1,ne,संयुक्त राज्यका कानूनबमोजिम ब्ान्ड नाम र जेनेरिक नाम औषधीहरूमा सक्रिय औषध तत्वहरू समाान हुन्छन्।,96,83,0
SENT_0003197,MED_001,Generic and Brand Name Medicines,medicines,17,1,ne,"जेनेरिक औषधी हेर्दा र स्वादमा ब्ान्ड नाम औषधीभन्ा भिन्ै हुन सक्छ, तर जेनेरिक औषधीले ब्ान्ड नामको औषधी सरहनै र त्यतिकै चाँडो असर गर्नु जरुरी छछ ।",144,118,0
SENT_0003198,MED_001,Generic and Brand Name Medicines,medicines,18,1,ne,जेनेरिक र ब्ान्ड नाम औषधीहरूमा यी चिजहरूपनि एक समान हुन्छन्:,60,50,0
SENT_0003199,MED_001,Generic and Brand Name Medicines,medicines,19,1,ne,• खुराकको तागत र सेवनको तरिका,29,23,0
SENT_0003200,MED_001,Generic and Brand Name Medicines,medicines,20,1,ne,• औषधीको प्रयोग वा सेवनको कारण,30,24,0
SENT_0003201,MED_001,Generic and Brand Name Medicines,medicines,21,1,ne,• हानिकर प्रभावहरू,18,15,0
SENT_0003202,MED_001,Generic and Brand Name Medicines,medicines,22,1,ne,• सुरक्ा जेनेरिक औषधी प्रायः ब्ान्ड नामका औषधीहरूभन्ा कम मूल्यमा पाइन्छन्।,74,63,0
SENT_0003203,MED_001,Generic and Brand Name Medicines,medicines,22,2,ne,नयाँ औषधीहरू वा अत्यन्ै सीमित प्रयोगमा आउने औषधीहरू जेनेरिक रूपमा उपलब्ध नहुन सक्छन्।,85,73,0
SENT_0003204,MED_001,Generic and Brand Name Medicines,medicines,24,1,ne,• पीडा र ज्वरोमा प्रयोग गरिने टाइलेनोल को जेनेरिक नाम एसेटामिनोफेन हो।,70,58,0
SENT_0003205,MED_001,Generic and Brand Name Medicines,medicines,25,1,ne,"• पीडा, ज्वरो र शश ोथमा प्रयोग गरिने मोट्रिन र एडभिल को जेनेरिक नाम इबुप्ोफेन हो।",81,64,0
SENT_0003206,MED_001,Generic and Brand Name Medicines,medicines,26,1,ne,• रगतको चाको बन्नबाट रोक्नमा प्रयोग गरिने औषधी कौमाडिनको जेनेरिक नाम वारफारिन हो।,81,68,0
SENT_0003207,MED_001,Generic and Brand Name Medicines,medicines,27,1,ne,• रगतमा चिनीको स्तर नियन्त्रणमा मद्दत गर्न प्रयोग,49,41,0
SENT_0003208,MED_001,Generic and Brand Name Medicines,medicines,28,1,en,"Glucophage, used to help control blood sugar levels.",52,0,43
SENT_0003209,MED_001,Generic and Brand Name Medicines,medicines,29,1,en,"• Cephalexin is the generic name for Keflex, used to treat certain infections.",78,0,63
SENT_0003210,MED_001,Generic and Brand Name Medicines,medicines,30,1,en,"Generic name medicines are often packaged and labeled under the drug store or grocery store brand names, such as CVS or Walgreens.",130,0,107
SENT_0003211,MED_001,Generic and Brand Name Medicines,medicines,31,1,en,"Compare the labels For over the counter medicines, most stores will have the generic name medicine right beside the brand name medicine on the shelf.",149,0,123
SENT_0003212,MED_001,Generic and Brand Name Medicines,medicines,32,1,en,Compare the labels on the medicines to be sure the brand and generic name medicines have the same active ingredients.,117,0,97
SENT_0003213,MED_001,Generic and Brand Name Medicines,medicines,33,1,en,Active ingredients are the medicines in a product that work to treat your problem.,82,0,68
SENT_0003214,MED_001,Generic and Brand Name Medicines,medicines,34,1,en,"For example, the active ingredient, acetaminophen, is listed on the medicine label for both the brand name medicine and the generic medicine labels shown.",154,0,127
SENT_0003215,MED_001,Generic and Brand Name Medicines,medicines,35,1,en,temporaily relieves minor aches and pains due to:,49,0,41
SENT_0003216,MED_001,Generic and Brand Name Medicines,medicines,36,1,en,24 CAPLETS - 500 mg each temporaily relieves minor aches and pains due to:,74,0,54
SENT_0003217,MED_001,Generic and Brand Name Medicines,medicines,37,1,en,Pain reliever / fever reducer C A P L E T S JVC pharmacy,56,0,42
SENT_0003218,MED_001,Generic and Brand Name Medicines,medicines,38,1,ne,गरिने औषधी ग्लुकोफेजको जेनेरिक नाम मेटफोर्मिन हो।,49,43,0
SENT_0003219,MED_001,Generic and Brand Name Medicines,medicines,39,1,ne,• केही संक्रमणहरूको उपचारमा प्रयोग गरिने औषधी केफ्ेक्सको जेनेरिक नाम सेफालेक्सिन हो।,84,72,0
SENT_0003220,MED_001,Generic and Brand Name Medicines,medicines,40,1,ne,जेनेरिक नामका औषधीहरूलाई प्ायः औषधी स्ोर वा किराना स्ोर ब्ान्ड नामहरू जस्ै सि.,78,65,0
SENT_0003221,MED_001,Generic and Brand Name Medicines,medicines,41,1,ne,वा वालग्रिन्स अन्तर्गत प्याकेजिङ्ग र लेबलिङ्ग गरिन्छ।,53,47,0
SENT_0003222,MED_001,Generic and Brand Name Medicines,medicines,42,1,ne,लेबलहरूको तुलनाा औषधी पसलबाट किन्न पाइने औषधीहरूका लागि प्ायःजस्ा पसलहरूले ब्ान्ड नामका औषधीहरूको साथैमा जेनेरिक नामका औषधीहरू राखेका हुन्छन्।,142,124,0
SENT_0003223,MED_001,Generic and Brand Name Medicines,medicines,43,1,ne,ब्ान्ड र जेनेरिक नामका औषधीहरूमा एकजस्ै सक्रिय तत्वहरू छछ न् भनी सुनिश्चित गर्नका लागि औषधीहरूका लेबलहरूको तुलना गर्नुहोस्।,123,106,0
SENT_0003224,MED_001,Generic and Brand Name Medicines,medicines,43,2,ne,कुनै उत्पादनमा हुने सक्रिय तत्वहरू ती औषधीहरू हुन जसले तपाईंको समस्याको उपचार गर्दछछ न्।,88,75,0
SENT_0003225,MED_001,Generic and Brand Name Medicines,medicines,44,1,ne,"उदाहरणका लागि, एसेटामिनोफेन नामक सक्रिय तत्व, ब्ान्ड नामको औषधी र जेनेरिक औषधी दुवैका लेबलहरूमा लेखि एका",104,87,0
SENT_0003226,MED_001,Generic and Brand Name Medicines,medicines,45,1,ne,हुन्छन्।,8,8,0
SENT_0003227,MED_001,Generic and Brand Name Medicines,medicines,46,1,en,"There may be other ingredients in a product, such as dyes or colorings.",71,0,57
SENT_0003228,MED_001,Generic and Brand Name Medicines,medicines,46,2,en,These are called inactive ingredients.,38,0,33
SENT_0003229,MED_001,Generic and Brand Name Medicines,medicines,46,3,en,They do not change the amount of the active ingredients in a product.,69,0,56
SENT_0003230,MED_001,Generic and Brand Name Medicines,medicines,48,1,en,• Ask your doctor if there is any reason that you should not use a generic version of any medicine you take.,108,0,85
SENT_0003231,MED_001,Generic and Brand Name Medicines,medicines,49,1,en,• Be sure you know the generic name of any brand name medicine you take.,72,0,56
SENT_0003232,MED_001,Generic and Brand Name Medicines,medicines,50,1,en,"• When refilling prescription medicines: If the medicine looks different or you do not recognize the medicine name on the label, ask the pharmacist to check that it is the right medicine for you.",195,0,158
SENT_0003233,MED_001,Generic and Brand Name Medicines,medicines,51,1,en,• Take the medicine as directed by your doctor or follow the medicine label.,76,0,61
SENT_0003234,MED_001,Generic and Brand Name Medicines,medicines,52,1,en,Do not take more medicine than what is recommended on the medicine label.,73,0,60
SENT_0003235,MED_001,Generic and Brand Name Medicines,medicines,52,2,en,Taking more medicine may put you more at risk for side effects.,63,0,51
SENT_0003236,MED_001,Generic and Brand Name Medicines,medicines,52,3,en,Medicine dose amounts are set for your health and safety.,57,0,47
SENT_0003237,MED_001,Generic and Brand Name Medicines,medicines,53,1,en,• Follow the directions on the medicine label for how to take the medicine.,75,0,60
SENT_0003238,MED_001,Generic and Brand Name Medicines,medicines,54,1,en,These directions help the medicine to work best in your body.,61,0,50
SENT_0003239,MED_001,Generic and Brand Name Medicines,medicines,55,1,en,"• If the medicine says to take with food, then eat something when you take your medicine or take the medicine as you eat your meal.",131,0,103
SENT_0003240,MED_001,Generic and Brand Name Medicines,medicines,56,1,en,"• If the medicine says to wait one hour before or after eating, then you should do so.",86,0,66
SENT_0003241,MED_001,Generic and Brand Name Medicines,medicines,57,1,en,• There may be other directions for taking medicines.,53,0,43
SENT_0003242,MED_001,Generic and Brand Name Medicines,medicines,58,1,ne,"उत्पादनमा अन्य तत्वहरू हुन सक्छन्, जस्ै वर्णहरू वा रङहरू यिनलाई निष्क्रिय तत्वहरू भनिन्छ।",89,76,0
SENT_0003243,MED_001,Generic and Brand Name Medicines,medicines,58,2,ne,यिनले कुनै उत्पादनमा रहेका सक्रिय तत्वहरूको मात्ामा परिवर्तन गर्दैनन्।,70,62,0
SENT_0003244,MED_001,Generic and Brand Name Medicines,medicines,60,1,ne,• तपाईंले सेवन गर्नुहुने कुनै औषधीको जेनेरिक रूपको प्रयोग तपाईंले गर्न नहुने कुनै कारण त छछैन भनी आफना डक्टरलाई सोध्नुहोस्।,123,103,0
SENT_0003245,MED_001,Generic and Brand Name Medicines,medicines,61,1,ne,• तपाईंले सेवन गर्ने ब्ान्ड नामको कुनैपनि औषधीको जेनेरिक नाम तपाईंलाई थाहा भएको सुनिश्चित गर्नुहोस्।,100,85,0
SENT_0003246,MED_001,Generic and Brand Name Medicines,medicines,62,1,ne,• प्रेस्क्राइब गरिएका औषधीहरू फेरि किन्दाःाः यदि औषधी भिन्ै देखि न्छ वा तपाईंले लेबलमा औषधीको नामलाई चिह्न सक्नुहुन्न भने तपाईंको लागि सही औषधी यही नै हो भनेर जाँच्न फार्मासिस्टलाई सोध्नुहोस्।,192,162,0
SENT_0003247,MED_001,Generic and Brand Name Medicines,medicines,63,1,ne,• औषधीको सेवन तपााईंकाा डक्टरले निर्देशĚ दिएबमोजि म गर्नुहोस् वाा औषधीको लेबलको अनुगमन गर्नुहोस्।,97,82,0
SENT_0003248,MED_001,Generic and Brand Name Medicines,medicines,63,2,ne,औषधीको लेबलमाा निर्दिष्टभन्दाा धेरै औषधीको सेवन नगर्नुहोस्।,59,53,0
SENT_0003249,MED_001,Generic and Brand Name Medicines,medicines,64,1,ne,धेरै औषधीको सेवनले तपाईंलाई हानिकर प्रभावको जोखि ममा पार्नेछ।,61,53,0
SENT_0003250,MED_001,Generic and Brand Name Medicines,medicines,64,2,ne,औषधीका खुराकको मात्ा तपाईंको स्ास्थ्य र सुरक्षाका लागि निर्धाारित गरिएका हुन्।,78,68,0
SENT_0003251,MED_001,Generic and Brand Name Medicines,medicines,65,1,ne,• औषधी कसरी खााने हो भनी औषधीको लेबलमाा दिइएकाा निर्देशĚनहरूको अनुगमन गर्नुहोस्।,80,67,0
SENT_0003252,MED_001,Generic and Brand Name Medicines,medicines,65,2,ne,यी निर्देशनहरूले तपाईंको शशरीरमा औषधीले राम्ररी असर गर्नमा मद्दत दिन्छन्।,73,64,0
SENT_0003253,MED_001,Generic and Brand Name Medicines,medicines,66,1,ne,• औषधीमा खानाको साथ सेवन गर्नु भनिएको छछ,40,32,0
SENT_0003254,MED_001,Generic and Brand Name Medicines,medicines,67,1,ne,भने तपाईंले औषधी सेवन गर्दा केही खानुहोस् वा तपाईंले आफनो खाना खाँदा औषधी खानुहोस्।,83,70,0
SENT_0003255,MED_001,Generic and Brand Name Medicines,medicines,68,1,ne,• औषधीमा सेवन गर्नुभन्ा एक घण्ाअघि वा खाएको एक घण्ापछि भनिएको छछ भने तपाईंले त्यसै गर्नु पर्छ।,94,77,0
SENT_0003256,MED_001,Generic and Brand Name Medicines,medicines,69,1,ne,• औषधी सेवनका लागि अन्य निर्देशनहरू पनि हुन सक्छन्।,51,42,0
SENT_0003257,MED_001,Generic and Brand Name Medicines,medicines,70,1,en,"© 2012 - March 4, 2020, Health Information Translations.",56,0,34
SENT_0003258,MED_001,Generic and Brand Name Medicines,medicines,71,1,en,a result of your stopping medical treatment or your failure to obtain treatment.,80,0,67
SENT_0003259,MED_001,Generic and Brand Name Medicines,medicines,72,1,en,• Read the side effects of a medicine before taking it.,55,0,43
SENT_0003260,MED_001,Generic and Brand Name Medicines,medicines,72,2,en,You may want to ask you doctor about when to stop taking medicine or when to seek medical treatment if the side effects are serious.,132,0,107
SENT_0003261,MED_001,Generic and Brand Name Medicines,medicines,73,1,en,Side effects are listed on a medicine label.,44,0,36
SENT_0003262,MED_001,Generic and Brand Name Medicines,medicines,74,1,en,• Ask the pharmacist for help if you have any questions or you want to know if you have the right medicine.,107,0,84
SENT_0003263,MED_001,Generic and Brand Name Medicines,medicines,75,1,en,Talk to your doctor or nurse if you have any questions or concerns.,67,0,54
SENT_0003264,MED_001,Generic and Brand Name Medicines,medicines,76,1,ne,• औषधीको सेवनअघि यसकाा हानिकर प्रभाावहरूबारे पढ्नुहोस्।,55,48,0
SENT_0003265,MED_001,Generic and Brand Name Medicines,medicines,76,2,ne,हानिकर प्रभावहरू गम्ीर छछन् भने औषधीको सेवन कहिले बन्द गर्ने वा चिकित्ा उपचार कहिले खोज्े भन्ने बारेमा तपाईंले आफना डक्टरलाई सोध्न चाहन सक्नुहुन्छ।,147,125,0
SENT_0003266,MED_001,Generic and Brand Name Medicines,medicines,76,3,ne,हानिकर प्रभावहरूको बारेमा औषधीको लेबलमा जानकारी दिइएको हुन्छ।,61,54,0
SENT_0003267,MED_001,Generic and Brand Name Medicines,medicines,77,1,ne,• तपाईंका कुनै प्रश्न छछन् वा तपाईंले तपाईंसँग सही औषधी छछ वा छछैन भनी जान्न चाहनुहुन्छ भने मद्दतकाा लागि फार्मासि स्टलााई सोध्नुहोस्।,134,112,0
SENT_0003268,MED_001,Generic and Brand Name Medicines,medicines,78,1,ne,कुनै पनि प्रश्न वाा जि ज्ञाासाा भएमाा आफनो चिकि त्सक वाा नर्सँग कुरा रा गर्नुहोस्।,82,68,0
SENT_0003269,MED_002,Giving Medicine by Injection Under the Skin,medicines,3,1,en,"These are basic instructions for giving medicine as an injection under your skin, also called subcutaneous.",107,0,90
SENT_0003270,MED_002,Giving Medicine by Injection Under the Skin,medicines,3,2,en,"Your medicine may have other steps needed, so always follow the instructions given by your doctor or pharmacist.",112,0,93
SENT_0003271,MED_002,Giving Medicine by Injection Under the Skin,medicines,5,1,en,• Sites that can be used are:,29,0,21
SENT_0003272,MED_002,Giving Medicine by Injection Under the Skin,medicines,6,1,en,• Some medicines are best given in certain areas.,49,0,39
SENT_0003273,MED_002,Giving Medicine by Injection Under the Skin,medicines,7,1,en,Your doctor or nurse will teach you the best areas to give your medicine.,73,0,59
SENT_0003274,MED_002,Giving Medicine by Injection Under the Skin,medicines,8,1,en,• Stay 1 inch away from the last injection.,43,0,32
SENT_0003275,MED_002,Giving Medicine by Injection Under the Skin,medicines,9,1,en,• Stay 2 inches away from your navel or scars.,46,0,34
SENT_0003276,MED_002,Giving Medicine by Injection Under the Skin,medicines,10,1,en,"• Do not use areas that are bruised, tender or swollen.",55,0,42
SENT_0003277,MED_002,Giving Medicine by Injection Under the Skin,medicines,11,1,ne,"तपाईंको त्वचामुनिबाट, जसलाई सबक्ुटेनस पनि भनिन्छ, औषधी दिनका लागि यी बुनियादी निर्देशĚनहरू हुन्: तपाईंलाई दिइने औषधीका बेग्लै चरणहरू हुन सक्दछन्, त्यसैैले सदैैव तपाईंका डक्टर वा फार्मासिस्टद्ारा दिइने निर्देशĚनहरूको अनुगमन गर्नुहोस्।",233,198,0
SENT_0003278,MED_002,Giving Medicine by Injection Under the Skin,medicines,13,1,ne,• जुन ठाउँहरूको प्रयोग गर्न सकिन्छ ती हुन्:,43,34,0
SENT_0003279,MED_002,Giving Medicine by Injection Under the Skin,medicines,15,1,ne,• केही औषधी केही खास हिस्ामा लगाउनु सर्वोत्तम हुन्छ।,52,43,0
SENT_0003280,MED_002,Giving Medicine by Injection Under the Skin,medicines,15,2,ne,तपाईंका डक्टर वा नर्सले तपाईंलाई औषधी दिनका लागि सर्वोत्तम हिस्ाबारे तपाईंलाई बताउने छन्।,89,77,0
SENT_0003281,MED_002,Giving Medicine by Injection Under the Skin,medicines,16,1,ne,• पछिल्ो इनजेक्शन लगाइएको ठाउँबाट 1 इन्च टाढा लगाउनुहोस्।,57,47,0
SENT_0003282,MED_002,Giving Medicine by Injection Under the Skin,medicines,17,1,ne,• तपाईंको नाइटो वा खतहरूबाट 2 इन्च टाढा लगाउनुहोस्।,51,41,0
SENT_0003283,MED_002,Giving Medicine by Injection Under the Skin,medicines,18,1,ne,"• चोटपटक लागेको, कोमल वा सूजन भएको ठाउँहरूमा इनजेक्शन नलगाउनुहोस्।",66,55,0
SENT_0003284,MED_002,Giving Medicine by Injection Under the Skin,medicines,20,1,en,• A new needle must be used with each injection.,48,0,37
SENT_0003285,MED_002,Giving Medicine by Injection Under the Skin,medicines,21,1,en,• Check your dose.,18,0,13
SENT_0003286,MED_002,Giving Medicine by Injection Under the Skin,medicines,22,1,en,How to Inject the Medicine 1.,29,0,22
SENT_0003287,MED_002,Giving Medicine by Injection Under the Skin,medicines,22,2,en,Wash your hands.,16,0,13
SENT_0003288,MED_002,Giving Medicine by Injection Under the Skin,medicines,23,1,en,Clean your skin with an alcohol pad using a circular motion.,60,0,49
SENT_0003289,MED_002,Giving Medicine by Injection Under the Skin,medicines,23,2,en,Let the alcohol air dry.,24,0,19
SENT_0003290,MED_002,Giving Medicine by Injection Under the Skin,medicines,24,1,en,Remove the needle cover and hold the syringe like a dart.,57,0,46
SENT_0003291,MED_002,Giving Medicine by Injection Under the Skin,medicines,25,1,en,Gently pinch the skin at the injection site.,44,0,36
SENT_0003292,MED_002,Giving Medicine by Injection Under the Skin,medicines,26,1,en,Insert the needle straight into the pinched skin at a 90-degree angle.,70,0,55
SENT_0003293,MED_002,Giving Medicine by Injection Under the Skin,medicines,28,1,ne,• प्रत्येक इनजेक्शनका लागि नयाँ सुईको प्रयोग गर्नु पर्दछछ ।,59,49,0
SENT_0003294,MED_002,Giving Medicine by Injection Under the Skin,medicines,29,1,ne,• औषधीको खुराक जाँच गर्नुहोस्।,30,25,0
SENT_0003295,MED_002,Giving Medicine by Injection Under the Skin,medicines,30,1,ne,औषधीको इन्जेक्शन कसरी लगाउनेे 1.,32,26,0
SENT_0003296,MED_002,Giving Medicine by Injection Under the Skin,medicines,30,2,ne,आफ्ना हातहरू धुनुहोस्।,22,20,0
SENT_0003297,MED_002,Giving Medicine by Injection Under the Skin,medicines,31,1,ne,आफ्नो त्वचालाई अल्ोहल प्ाडले घुमाउँदैै सफा गर्नुहोस्।,53,47,0
SENT_0003298,MED_002,Giving Medicine by Injection Under the Skin,medicines,31,2,ne,अल्ोहललाई सुक्न दिनुहोस्।,25,23,0
SENT_0003299,MED_002,Giving Medicine by Injection Under the Skin,medicines,32,1,ne,सुईको कभर हटाउनुहोस् र सुईलाई डार्ट सरह समात्ुहोस्।,51,44,0
SENT_0003300,MED_002,Giving Medicine by Injection Under the Skin,medicines,33,1,ne,इनजेक्शन लगाउने ठाउँको त्वचालाई हल्ा चिमोट्नुहोस्।,50,45,0
SENT_0003301,MED_002,Giving Medicine by Injection Under the Skin,medicines,34,1,ne,चिमोटिएको त्वचामा सोझैै 90 डिग्ीको कोणमा सुई पसाउनुहोस्।,56,47,0
SENT_0003302,MED_002,Giving Medicine by Injection Under the Skin,medicines,35,1,en,"© 2005 - February 14, 2021, Health Information Translations.",60,0,37
SENT_0003303,MED_002,Giving Medicine by Injection Under the Skin,medicines,36,1,en,a result of your stopping medical treatment or your failure to obtain treatment.,80,0,67
SENT_0003304,MED_002,Giving Medicine by Injection Under the Skin,medicines,37,1,en,"Let go of the skin unless you are told not to, and give the medicine slowly by pushing in the plunger.",102,0,80
SENT_0003305,MED_002,Giving Medicine by Injection Under the Skin,medicines,38,1,en,Pull the needle out of your skin and quickly press a clean gauze onto the site.,79,0,63
SENT_0003306,MED_002,Giving Medicine by Injection Under the Skin,medicines,39,1,en,Do not rub the skin.,20,0,15
SENT_0003307,MED_002,Giving Medicine by Injection Under the Skin,medicines,40,1,en,Hold pressure on the site for a few seconds.,44,0,35
SENT_0003308,MED_002,Giving Medicine by Injection Under the Skin,medicines,41,1,en,"Put the used syringe and needle into a strong container that has a cap or lid, such as a bleach or detergent jug.",113,0,89
SENT_0003309,MED_002,Giving Medicine by Injection Under the Skin,medicines,42,1,en,• Do not put the cover back on the needle.,42,0,31
SENT_0003310,MED_002,Giving Medicine by Injection Under the Skin,medicines,43,1,en,• Do not reuse or share needles.,32,0,24
SENT_0003311,MED_002,Giving Medicine by Injection Under the Skin,medicines,44,1,en,• Close the container tightly after use.,40,0,32
SENT_0003312,MED_002,Giving Medicine by Injection Under the Skin,medicines,45,1,en,• Keep out of the reach of children and pets.,45,0,34
SENT_0003313,MED_002,Giving Medicine by Injection Under the Skin,medicines,46,1,en,• Ask your pharmacy how to safely throw away a full sharps container.,69,0,55
SENT_0003314,MED_002,Giving Medicine by Injection Under the Skin,medicines,47,1,unknown,10.,3,0,0
SENT_0003315,MED_002,Giving Medicine by Injection Under the Skin,medicines,47,2,en,Wash your hands again.,22,0,18
SENT_0003316,MED_002,Giving Medicine by Injection Under the Skin,medicines,48,1,en,Talk to your doctor or nurse if you have any questions or concerns.,67,0,54
SENT_0003317,MED_002,Giving Medicine by Injection Under the Skin,medicines,49,1,ne,"तपाईंलाई नभनिएसम्म त्वचालाई चिमोटेर नैै राख्नुहोस्, र प्लनजरलाई विस्ारैै घचेट्दैै औषधी प्रविष्ट गराउनुहोस्।",107,94,0
SENT_0003318,MED_002,Giving Medicine by Injection Under the Skin,medicines,50,1,ne,तपाईंको त्वचाबाट सुईलाई निकाल्नुहोस् र तुरुन्तैै त्यस ठाउँमा सफा गौजले थिच्ुहोस्।,81,71,0
SENT_0003319,MED_002,Giving Medicine by Injection Under the Skin,medicines,50,2,ne,त्वचालाई नरगड्नुहोस्।,21,20,0
SENT_0003320,MED_002,Giving Medicine by Injection Under the Skin,medicines,51,1,ne,त्यो ठाउँलाई केही सेकेन्डसम्म थिचेर राख्नुहोस्।,47,42,0
SENT_0003321,MED_002,Giving Medicine by Injection Under the Skin,medicines,52,1,ne,प्रयोग गरिएको सिरिनज र सुईलाई ढक्कनयुक्त मजबुत भाँडो जस्तैै ब्ीच वा डेटर्जेन्ट जगमा हाल्नुहोस्।,95,82,0
SENT_0003322,MED_002,Giving Medicine by Injection Under the Skin,medicines,53,1,ne,• सुईलाई त्यसको कभरले फेरि नछछोप्ुहोस्।,39,33,0
SENT_0003323,MED_002,Giving Medicine by Injection Under the Skin,medicines,54,1,ne,• सुईहरू पुनर्प्रयोग वा साझा प्रयोग नगर्नुहोस्।,47,40,0
SENT_0003324,MED_002,Giving Medicine by Injection Under the Skin,medicines,55,1,ne,• प्रयोगपछि भाँडोलाई कसेर बन्द गर्नुहोस्।,41,35,0
SENT_0003325,MED_002,Giving Medicine by Injection Under the Skin,medicines,56,1,ne,• बच्ाहरू र जनावरहरूको पहुँचभन्दा टाढा राख्नुहोस्।,50,43,0
SENT_0003326,MED_002,Giving Medicine by Injection Under the Skin,medicines,57,1,ne,• यस्ा घोंच्ने-काट्ने अवशिष्टहरूको भाँडोलाई सुरक्षित ढंगले कसरी थान्ो लगाउने भनी तपाईंको फार्मेसीलाई सोध्नुहोस्।,112,97,0
SENT_0003327,MED_002,Giving Medicine by Injection Under the Skin,medicines,58,1,unknown,10.,3,0,0
SENT_0003328,MED_002,Giving Medicine by Injection Under the Skin,medicines,58,2,ne,आफ्ना हातहरू फेरि धुनुहोस्।,27,24,0
SENT_0003329,MED_002,Giving Medicine by Injection Under the Skin,medicines,59,1,ne,"तपाईंसित कुनैै प्रश्नहरू वा चिन्ाहरू छन् भने, तपाईंको डक्टर वा नर्सित यसबारे कुरा गर्नुहोस्।",92,78,0
SENT_0003330,MED_003,Under the Skin Subcutaneous Injection Sites,medicines,1,1,en,Under the Skin (Subcutaneous) Injection Sites.,46,0,38
SENT_0003331,MED_003,Under the Skin Subcutaneous Injection Sites,medicines,2,1,en,"© 2005 - February 14, 2021, Health Information Translations.",60,0,37
SENT_0003332,MED_003,Under the Skin Subcutaneous Injection Sites,medicines,3,1,en,a result of your stopping medical treatment or your failure to obtain treatment.,80,0,67
SENT_0003333,MED_003,Under the Skin Subcutaneous Injection Sites,medicines,6,1,en,"The medicine you are taking is to be given into the fatty tissue under the skin, also called subcutaneous.",106,0,86
SENT_0003334,MED_003,Under the Skin Subcutaneous Injection Sites,medicines,6,2,en,You will be taught how to do the injection or shot.,51,0,40
SENT_0003335,MED_003,Under the Skin Subcutaneous Injection Sites,medicines,6,3,en,Use this sheet to know which sites to use for your injections.,62,0,50
SENT_0003336,MED_003,Under the Skin Subcutaneous Injection Sites,medicines,7,1,en,"The stomach, arms, legs and buttocks can be used for injections as shown in the picture.",88,0,70
SENT_0003337,MED_003,Under the Skin Subcutaneous Injection Sites,medicines,7,2,en,"Injections are absorbed best from the stomach, next from the arms and least well from the legs and buttocks.",108,0,88
SENT_0003338,MED_003,Under the Skin Subcutaneous Injection Sites,medicines,8,1,en,Rub the site with alcohol.,26,0,21
SENT_0003339,MED_003,Under the Skin Subcutaneous Injection Sites,medicines,8,2,en,Let the alcohol air dry.,24,0,19
SENT_0003340,MED_003,Under the Skin Subcutaneous Injection Sites,medicines,9,1,en,Give your shot in a different spot each time.,45,0,36
SENT_0003341,MED_003,Under the Skin Subcutaneous Injection Sites,medicines,10,1,en,Talk to your doctor or nurse if you have any questions or concerns about where to give your injection,101,0,83
SENT_0003342,MED_003,Under the Skin Subcutaneous Injection Sites,medicines,11,1,ne,तपाईंले लिनुभएको औषधी छालामुनि फ्ाटी टिसुमा दिइनु पर्छ जसलाई छालाअन्तर्गत दिइने पनि भनिनछ।,90,78,0
SENT_0003343,MED_003,Under the Skin Subcutaneous Injection Sites,medicines,11,2,ne,तपाईंलाई कसरी इनजेक्शन वा शट गर्ने भनेर सिकाइनेछ।,49,42,0
SENT_0003344,MED_003,Under the Skin Subcutaneous Injection Sites,medicines,11,3,ne,तपाईंको इनजेक्सनका लागि कुन साईटहरू प्रयोग गर्ने भनेर जान्नका लागि यस पानाको प्रयोग गर्नुहोस्।,94,81,0
SENT_0003345,MED_003,Under the Skin Subcutaneous Injection Sites,medicines,12,1,ne,"4 चित्रमा देखाइए झैँ पेट, पाखुरा, खुट्ा र नितम्बहरू इनजेक्सनका लागि प्रयोग गर्न सकिनछ।",86,70,0
SENT_0003346,MED_003,Under the Skin Subcutaneous Injection Sites,medicines,12,2,ne,"इनजेक्सन पेटबाट राम्ोसँग अवशोषित हुनछ, पाखुराबाट केही कम र खुट्ा तथा नितम्बबाट राम्ोसँग अवशोषित हुनछ।",101,86,0
SENT_0003347,MED_003,Under the Skin Subcutaneous Injection Sites,medicines,13,1,ne,4 इनजेक्सन लगाएको ठाउँमा अल्ोहल दलनुहोस्।,41,35,0
SENT_0003348,MED_003,Under the Skin Subcutaneous Injection Sites,medicines,14,1,ne,अल्ोहललाई सुक्न दिनुहोस्।,25,23,0
SENT_0003349,MED_003,Under the Skin Subcutaneous Injection Sites,medicines,15,1,ne,4 तपाईंको शटलाई प्रत्ेक पटक बिभिन्न ठाउँमा दिनुहोस्।,52,44,0
SENT_0003350,MED_003,Under the Skin Subcutaneous Injection Sites,medicines,16,1,ne,तपाईंलाई इनजेक्सन कहाँ दिने भन्नेबारे कुनै प्रश्न वा चिन्ता छ भने आफनो डक्टर वा नर्सित कुरा गर्नुहोस्,101,85,0
SENT_0003351,MED_004,Using a Medicine Spoon or Dropper,medicines,2,1,en,Use a medicine spoon or dropper that has markings on it to measure your child’s liquid medicine.,96,0,78
SENT_0003352,MED_004,Using a Medicine Spoon or Dropper,medicines,2,2,en,The pharmacy may give you a medicine spoon or dropper with your child’s medicine.,81,0,66
SENT_0003353,MED_004,Using a Medicine Spoon or Dropper,medicines,2,3,en,You can also buy the spoon or dropper at the drug store and use it for measuring liquid medicines.,98,0,79
SENT_0003354,MED_004,Using a Medicine Spoon or Dropper,medicines,3,1,en,The markings on the spoon or dropper help you measure the correct amount of medicine.,85,0,70
SENT_0003355,MED_004,Using a Medicine Spoon or Dropper,medicines,3,2,en,Do not use other spoons that you have in your home without markings as they may cause you to give the wrong amount of medicine which is not safe.,145,0,116
SENT_0003356,MED_004,Using a Medicine Spoon or Dropper,medicines,4,1,en,Using the Spoon 1.,18,0,13
SENT_0003357,MED_004,Using a Medicine Spoon or Dropper,medicines,4,2,en,Open the medicine bottle.,25,0,21
SENT_0003358,MED_004,Using a Medicine Spoon or Dropper,medicines,5,1,en,Hold the medicine spoon up and find the marking for the amount of medicine or dose needed.,90,0,73
SENT_0003359,MED_004,Using a Medicine Spoon or Dropper,medicines,5,2,en,"There are 2 different measurements, teaspoon (tsp.",50,0,40
SENT_0003360,MED_004,Using a Medicine Spoon or Dropper,medicines,5,3,en,) and milliliter (ml.,21,0,15
SENT_0003361,MED_004,Using a Medicine Spoon or Dropper,medicines,5,4,en,"), as shown on the pictures of the spoon.",41,0,30
SENT_0003362,MED_004,Using a Medicine Spoon or Dropper,medicines,5,5,en,(1 teaspoon = 5 milliliters.,28,0,19
SENT_0003363,MED_004,Using a Medicine Spoon or Dropper,medicines,5,6,en,) Find the measurement that matches the dose you need.,54,0,43
SENT_0003364,MED_004,Using a Medicine Spoon or Dropper,medicines,6,1,en,Slowly pour the medicine from the bottle into the spoon to the mark for the amount needed.,90,0,73
SENT_0003365,MED_004,Using a Medicine Spoon or Dropper,medicines,7,1,en,Set the bottle of medicine down.,32,0,26
SENT_0003366,MED_004,Using a Medicine Spoon or Dropper,medicines,8,1,en,Place the tip of the spoon in the child’s mouth like a feeding spoon and give the medicine.,91,0,72
SENT_0003367,MED_004,Using a Medicine Spoon or Dropper,medicines,8,2,en,Be sure the child is sitting up when giving the medicine.,57,0,46
SENT_0003368,MED_004,Using a Medicine Spoon or Dropper,medicines,9,1,en,tsp.,4,0,3
SENT_0003369,MED_004,Using a Medicine Spoon or Dropper,medicines,10,1,en,tsp.,4,0,3
SENT_0003370,MED_004,Using a Medicine Spoon or Dropper,medicines,11,1,en,tsp.,4,0,3
SENT_0003371,MED_004,Using a Medicine Spoon or Dropper,medicines,21,1,ne,तपाईंको नानीको तरल औषधी नाप्नका लागि माप अङ्कित औषधीय चमची वा ड्रपरको प्रयोग गर्नुहोस्।,87,74,0
SENT_0003372,MED_004,Using a Medicine Spoon or Dropper,medicines,21,2,ne,फार्मेसीले तपाईंको नानीको औषधीका साथमा औषधीय चमची वा ड्रपर दिने छ।,66,56,0
SENT_0003373,MED_004,Using a Medicine Spoon or Dropper,medicines,21,3,ne,तपाईंले औषधी पसलमा औषधीय चमची वा ड्रपर किन्न पनि पाउनुहुनछ र यिनको प्रयोग तरल औषधीहरू नाप्नमा गर्नुहोस्।,104,88,0
SENT_0003374,MED_004,Using a Medicine Spoon or Dropper,medicines,22,1,ne,चमची वा ड्रपरमा अङ्कित मापले तपाईंलाई औषधीको सही मात्ा नाप्नमा मद्दत गर्छन्।,76,65,0
SENT_0003375,MED_004,Using a Medicine Spoon or Dropper,medicines,22,2,ne,तपाईंका घरमा हुने माप अंकित नभएका चम्मचीहरूको प्रयोग नगर्नुहोस् किनभने त्यसमा तपाईंले औषधीको सही मापन गर्न नसक्े सम्ावना रहनछ जो सुरक्षित होइन।,143,122,0
SENT_0003376,MED_004,Using a Medicine Spoon or Dropper,medicines,23,1,ne,चमचीको प्रयोग 1.,16,12,0
SENT_0003377,MED_004,Using a Medicine Spoon or Dropper,medicines,23,2,ne,औषधीको सिसी खोल्नुहोस्।,23,21,0
SENT_0003378,MED_004,Using a Medicine Spoon or Dropper,medicines,24,1,ne,औषधीय चमचीलाई माथि उठाउनुहोस् र औषधीको आवश्यक मात्ा वा खुराकका लागि अंकित माप हेर्नुहोस्।,89,76,0
SENT_0003379,MED_004,Using a Medicine Spoon or Dropper,medicines,25,1,ne,"चमचीको चित्रमा देखाइएअनुसार दुई भिन्न किसिमका मापन हुनछन्, चियाचमची (tsp.",73,58,3
SENT_0003380,MED_004,Using a Medicine Spoon or Dropper,medicines,25,2,ne,) र मिलिलिटर (ml.,17,9,2
SENT_0003381,MED_004,Using a Medicine Spoon or Dropper,medicines,25,3,ne,(1 चियाचमची = 5 मिलिलिटर्स) तपाईंलाई चाहिएको खुराकसित त्यो मापको मिलान गर्नुहोस्।,81,65,0
SENT_0003382,MED_004,Using a Medicine Spoon or Dropper,medicines,26,1,ne,सिसीबाट औषधी विस्ारै चमचीमा आवश्यक मापअनुसार खनाउनुहोस्।,56,50,0
SENT_0003383,MED_004,Using a Medicine Spoon or Dropper,medicines,26,2,ne,औषधीको सिसीलाई तल राख्नुहोस्।,29,26,0
SENT_0003384,MED_004,Using a Medicine Spoon or Dropper,medicines,27,1,ne,चमचीको टुप्ो नानीको मुखमा खुवाउने चमची सरह राख्नुहोस् र औषधी खुवाउनुहोस्।,73,63,0
SENT_0003385,MED_004,Using a Medicine Spoon or Dropper,medicines,27,2,ne,औषधी खुवाउँदा नानी ठाडो बसेको अवसथामा रहेको सुनिश्चित गर्नुहोस्।,64,56,0
SENT_0003386,MED_004,Using a Medicine Spoon or Dropper,medicines,28,1,en,Clean the medicine spoon by washing it with warm water and mild soap.,69,0,56
SENT_0003387,MED_004,Using a Medicine Spoon or Dropper,medicines,28,2,en,Rinse it well with clean water and let it air dry on a clean towel.,67,0,52
SENT_0003388,MED_004,Using a Medicine Spoon or Dropper,medicines,29,1,en,Using the Dropper You may want to first practice using the dropper with water to get used to how it works.,106,0,85
SENT_0003389,MED_004,Using a Medicine Spoon or Dropper,medicines,29,2,en,Be careful not to pull the medicine up into the bulb of the dropper.,68,0,54
SENT_0003390,MED_004,Using a Medicine Spoon or Dropper,medicines,30,1,en,Open the medicine bottle.,25,0,21
SENT_0003391,MED_004,Using a Medicine Spoon or Dropper,medicines,31,1,en,Pick up the dropper and find the mark on the dropper for the amount or dose of medicine needed.,95,0,76
SENT_0003392,MED_004,Using a Medicine Spoon or Dropper,medicines,31,2,en,"There are 2 different measurements, teaspoon (tsp.",50,0,40
SENT_0003393,MED_004,Using a Medicine Spoon or Dropper,medicines,31,3,en,) and milliliter (ml.,21,0,15
SENT_0003394,MED_004,Using a Medicine Spoon or Dropper,medicines,31,4,en,"), as shown on the pictures of the dropper.",43,0,32
SENT_0003395,MED_004,Using a Medicine Spoon or Dropper,medicines,31,5,en,(1 teaspoon = 5 milliliters.,28,0,19
SENT_0003396,MED_004,Using a Medicine Spoon or Dropper,medicines,31,6,en,) Find the measurement that matches the dose you need.,54,0,43
SENT_0003397,MED_004,Using a Medicine Spoon or Dropper,medicines,32,1,en,Squeeze the bulb end and put the tip of the dropper into the medicine bottle.,77,0,62
SENT_0003398,MED_004,Using a Medicine Spoon or Dropper,medicines,33,1,en,Slowly let pressure off of the bulb.,36,0,29
SENT_0003399,MED_004,Using a Medicine Spoon or Dropper,medicines,33,2,en,You will see the medicine being pulled up into the dropper.,59,0,48
SENT_0003400,MED_004,Using a Medicine Spoon or Dropper,medicines,34,1,en,"When you get the medicine pulled up to the mark of the amount needed, pull the dropper tip out of the liquid and let the pressure off of the bulb.",146,0,115
SENT_0003401,MED_004,Using a Medicine Spoon or Dropper,medicines,35,1,en,Check that the medicine is to the right mark for the amount needed.,67,0,54
SENT_0003402,MED_004,Using a Medicine Spoon or Dropper,medicines,35,2,en,Squeeze the bulb to either remove extra medicine or to pull up more medicine if needed.,87,0,71
SENT_0003403,MED_004,Using a Medicine Spoon or Dropper,medicines,36,1,en,tsp.,4,0,3
SENT_0003404,MED_004,Using a Medicine Spoon or Dropper,medicines,37,1,en,3/4 1/2 1/4 tsp.,16,0,3
SENT_0003405,MED_004,Using a Medicine Spoon or Dropper,medicines,39,1,ne,औषधी खुवाएपछि औषधीय चमचीलाई मनतातो पानी र हल्ा साबुनले धोएर सफ्ा गर्नुहोस्।,75,64,0
SENT_0003406,MED_004,Using a Medicine Spoon or Dropper,medicines,39,2,ne,सफ्ा पानीले पखाल्नुहोस् र सफ्ा तौलियामाथि राखेर हावाले सुक्न दिनुहोस्।,70,61,0
SENT_0003407,MED_004,Using a Medicine Spoon or Dropper,medicines,40,1,ne,ड्रपरको प्रयोग ड्रपरले कसरी काम गर्छ भनी राम्ररी सिक्नका लागि तपाईंले पहिला यसको प्रयोग पानीसित गरेर अभ्ास गर्न चाहनुहुनछ होला।,127,108,0
SENT_0003408,MED_004,Using a Medicine Spoon or Dropper,medicines,40,2,ne,औषधी ड्रपरको बल्बसम्म नतानियोस् भनी ध्ान राख्नुहोस्।,52,46,0
SENT_0003409,MED_004,Using a Medicine Spoon or Dropper,medicines,41,1,ne,औषधीको सिसी खोल्नुहोस्।,23,21,0
SENT_0003410,MED_004,Using a Medicine Spoon or Dropper,medicines,42,1,ne,ड्रपर हातमा लिनुहोस् र (ml.,27,19,2
SENT_0003411,MED_004,Using a Medicine Spoon or Dropper,medicines,42,2,ne,(1 चियाचमची = 5 मिलिलिटर्स) तपाईंलाई चाहिएको खुराकसित त्यो मापको मिलान गर्नुहोस्।,81,65,0
SENT_0003412,MED_004,Using a Medicine Spoon or Dropper,medicines,43,1,ne,बल्बको पुछारलाई थिच्नुहोस् र ड्रपरको टुप्ोलाई औषधीकोको सिसीभित्र हाल्नुहोस्।,76,68,0
SENT_0003413,MED_004,Using a Medicine Spoon or Dropper,medicines,44,1,ne,बल्बको थिचाइलाई विस्ारै छोड्नुहोस्।,35,32,0
SENT_0003414,MED_004,Using a Medicine Spoon or Dropper,medicines,44,2,ne,औषधी ड्रपरमा तानिएको तपाईंले देख्नुहुनेछ।,41,37,0
SENT_0003415,MED_004,Using a Medicine Spoon or Dropper,medicines,45,1,ne,"जब तपाईंलाई चाहिएको मात्ाको मापन चिह्नसम्म औषधी ड्रपरमा तानिनछ, ड्रपरको टुप्ोलाई औषधीको सिसीबाट बाहिर निकाल्नुहोस् र बल्बलाई दवाबमुक्त गर्नुहोस्।",145,126,0
SENT_0003416,MED_004,Using a Medicine Spoon or Dropper,medicines,46,1,ne,औषधी चाहिएको मात्ा मापन चिह्नसम्म भरिएको छ भनी हेर्नुहोस्।,58,50,0
SENT_0003417,MED_004,Using a Medicine Spoon or Dropper,medicines,46,2,ne,औषधी धेरै मात्ामा तानिएको छ भने बल्बलाई थिचेर कम गर्नुहोस् वा आवश्यक भए थप औषधी तान्नुहोस्।,91,76,0
SENT_0003418,MED_004,Using a Medicine Spoon or Dropper,medicines,47,1,en,"© 2012 - August 20, 2020, Health Information Translations.",58,0,35
SENT_0003419,MED_004,Using a Medicine Spoon or Dropper,medicines,48,1,en,a result of your stopping medical treatment or your failure to obtain treatment.,80,0,67
SENT_0003420,MED_004,Using a Medicine Spoon or Dropper,medicines,49,1,en,Place the dropper tip into the child’s mouth like a feeding spoon and gently squeeze to release the medicine.,109,0,89
SENT_0003421,MED_004,Using a Medicine Spoon or Dropper,medicines,49,2,en,Be sure the child is sitting up when giving the medicine.,57,0,46
SENT_0003422,MED_004,Using a Medicine Spoon or Dropper,medicines,49,3,en,"For very young children, it may work best to put the tip in towards their cheek, so they do not push the medicine out with their tongue.",136,0,107
SENT_0003423,MED_004,Using a Medicine Spoon or Dropper,medicines,50,1,en,Remove the bulb from the dropper and wash both pieces with warm water and mild soap.,84,0,68
SENT_0003424,MED_004,Using a Medicine Spoon or Dropper,medicines,50,2,en,Rinse the pieces well with clean water and then let the pieces air dry on a clean towel.,88,0,70
SENT_0003425,MED_004,Using a Medicine Spoon or Dropper,medicines,52,1,en,• Be sure to keep all medicines and the medicine spoon or dropper out of the reach of children for safety.,106,0,84
SENT_0003426,MED_004,Using a Medicine Spoon or Dropper,medicines,53,1,en,• Check the dose amount.,24,0,18
SENT_0003427,MED_004,Using a Medicine Spoon or Dropper,medicines,53,2,en,It may vary from one child to another based on the child’s weight or age.,73,0,57
SENT_0003428,MED_004,Using a Medicine Spoon or Dropper,medicines,54,1,en,• Ask your doctor or pharmacist if you are not sure how to give any medicine to your child.,91,0,71
SENT_0003429,MED_004,Using a Medicine Spoon or Dropper,medicines,54,2,en,You need to be sure you know:,29,0,22
SENT_0003430,MED_004,Using a Medicine Spoon or Dropper,medicines,55,1,en,What medicine and how much you should give your child.,54,0,44
SENT_0003431,MED_004,Using a Medicine Spoon or Dropper,medicines,56,1,en,How often you should give the medicine.,39,0,32
SENT_0003432,MED_004,Using a Medicine Spoon or Dropper,medicines,57,1,en,How long you should give the medicine.,38,0,31
SENT_0003433,MED_004,Using a Medicine Spoon or Dropper,medicines,57,2,en,Some medicine may only be given for a few days.,47,0,37
SENT_0003434,MED_004,Using a Medicine Spoon or Dropper,medicines,57,3,en,Other medicine may need to be given for years to treat long term problems.,74,0,60
SENT_0003435,MED_004,Using a Medicine Spoon or Dropper,medicines,58,1,ne,ड्रपरको टुप्ो नानीको मुखमा खाना खुवाउने चमची सरह राख्नुहोस् र विस्ारै औषधी मुखमा निचोर्नुहोस्।,94,81,0
SENT_0003436,MED_004,Using a Medicine Spoon or Dropper,medicines,58,2,ne,औषधी खुवाउँदा नानी ठाडो बसेको अवसथामा रहेको सुनिश्चित गर्नुहोस्।,64,56,0
SENT_0003437,MED_004,Using a Medicine Spoon or Dropper,medicines,59,1,ne,"नानी साह्ै सानो छ भने ड्रपरको टुप्ोलाई उसको गालातिर राख्दाा बढी राम्रो हुनछ, जसबाट उसले आफनो जिब्ोद्ारा औषधीलाई बाहिर फाँक्ैन।",126,106,0
SENT_0003438,MED_004,Using a Medicine Spoon or Dropper,medicines,60,1,ne,ड्रपरबाट बल्बलाई अलग्ग्ाउनुहोस् र दुवै हिस्ालाई मनतातो पानी र हल्ा साबुनले धुनुहोस्।,84,73,0
SENT_0003439,MED_004,Using a Medicine Spoon or Dropper,medicines,60,2,ne,हिस्ाहरूलाई सफ्ा पानीले पखालेर सफ्ा तौलियामाथि हावाले सुक्न दिनुहोस्।,69,61,0
SENT_0003440,MED_004,Using a Medicine Spoon or Dropper,medicines,62,1,ne,• सुरक्षाका लागि सबै औषधीहरू र औषधीय चमची वा ड्रपर नानीहरूको पहुँचभन्ा टाढा राख्नुहोस्।,87,73,0
SENT_0003441,MED_004,Using a Medicine Spoon or Dropper,medicines,63,1,ne,• खुराकको मात्ा जाँच्नुहोस्।,28,24,0
SENT_0003442,MED_004,Using a Medicine Spoon or Dropper,medicines,63,2,ne,नानीको वजन वा उमेरको हिसाबले भिन्दाभिन्ै नानीहरूका लागि खुराक भिन्दाभिन्ै हुन सकछ।,82,71,0
SENT_0003443,MED_004,Using a Medicine Spoon or Dropper,medicines,64,1,ne,• कुनै औषधी तपाईंको नानीलाई कसरी खुवाउने हो भनी पक्ा छैन भने आफना डक्टर वा फार्मासिस्टलाई सोध्नुहोस्।,101,84,0
SENT_0003444,MED_004,Using a Medicine Spoon or Dropper,medicines,64,2,ne,तपाईंलाई जानकारी भएको सुनिश्चित गर्नु जरुरी छः 4 कुन औषधी र कति मात्ामा तपाईंले आफनो नानीलाई दिनु पर्छ।,103,85,0
SENT_0003445,MED_004,Using a Medicine Spoon or Dropper,medicines,66,1,ne,पर्छ।,5,5,0
SENT_0003446,MED_004,Using a Medicine Spoon or Dropper,medicines,67,1,ne,4 कति समयसम्म तपाईंले औषधी खुवाउनु पर्छ।,40,33,0
SENT_0003447,MED_004,Using a Medicine Spoon or Dropper,medicines,67,2,ne,केही औषधी केही दिनमात्ै खुवाउनु पर्नेे हुनछ।,44,38,0
SENT_0003448,MED_004,Using a Medicine Spoon or Dropper,medicines,67,3,ne,अन्य औषधीहरू दीर्घकालिक समस्ाहरूको उपचारनिम्ति वर्षौंसम्म खुवाउनु जरुरी हुन सकछ।,80,71,0
